basename,local_file_count,branch_count,branches,distinct_md5_count,paths
848__M_00001.jpg,2,2,"21-Cardiff,1847-1876,LR14167 | Cardiff (1851-1867) - Donations, Expenditures, Minutes, Records",1,"21-Cardiff,1847-1876,LR14167/Images/848__M_00001.jpg | Cardiff (1851-1867) - Donations, Expenditures, Minutes, Records/848__M_00001.jpg"
848__M_00002.jpg,2,2,"21-Cardiff,1847-1876,LR14167 | Cardiff (1851-1867) - Donations, Expenditures, Minutes, Records",1,"21-Cardiff,1847-1876,LR14167/Images/848__M_00002.jpg | Cardiff (1851-1867) - Donations, Expenditures, Minutes, Records/848__M_00002.jpg"
848__M_00003.jpg,2,2,"21-Cardiff,1847-1876,LR14167 | Cardiff (1851-1867) - Donations, Expenditures, Minutes, Records",1,"21-Cardiff,1847-1876,LR14167/Images/848__M_00003.jpg | Cardiff (1851-1867) - Donations, Expenditures, Minutes, Records/848__M_00003.jpg"
848__M_00004.jpg,2,2,"21-Cardiff,1847-1876,LR14167 | Cardiff (1851-1867) - Donations, Expenditures, Minutes, Records",1,"21-Cardiff,1847-1876,LR14167/Images/848__M_00004.jpg | Cardiff (1851-1867) - Donations, Expenditures, Minutes, Records/848__M_00004.jpg"
848__M_00005.jpg,2,2,"21-Cardiff,1847-1876,LR14167 | Cardiff (1851-1867) - Donations, Expenditures, Minutes, Records",1,"21-Cardiff,1847-1876,LR14167/Images/848__M_00005.jpg | Cardiff (1851-1867) - Donations, Expenditures, Minutes, Records/848__M_00005.jpg"
848__M_00006.jpg,2,2,"21-Cardiff,1847-1876,LR14167 | Cardiff (1851-1867) - Donations, Expenditures, Minutes, Records",1,"21-Cardiff,1847-1876,LR14167/Images/848__M_00006.jpg | Cardiff (1851-1867) - Donations, Expenditures, Minutes, Records/848__M_00006.jpg"
848__M_00007.jpg,2,2,"21-Cardiff,1847-1876,LR14167 | Cardiff (1851-1867) - Donations, Expenditures, Minutes, Records",1,"21-Cardiff,1847-1876,LR14167/Images/848__M_00007.jpg | Cardiff (1851-1867) - Donations, Expenditures, Minutes, Records/848__M_00007.jpg"
848__M_00008.jpg,2,2,"21-Cardiff,1847-1876,LR14167 | Cardiff (1851-1867) - Donations, Expenditures, Minutes, Records",1,"21-Cardiff,1847-1876,LR14167/Images/848__M_00008.jpg | Cardiff (1851-1867) - Donations, Expenditures, Minutes, Records/848__M_00008.jpg"
848__M_00009.jpg,2,2,"21-Cardiff,1847-1876,LR14167 | Cardiff (1851-1867) - Donations, Expenditures, Minutes, Records",1,"21-Cardiff,1847-1876,LR14167/Images/848__M_00009.jpg | Cardiff (1851-1867) - Donations, Expenditures, Minutes, Records/848__M_00009.jpg"
848__M_00010.jpg,2,2,"21-Cardiff,1847-1876,LR14167 | Cardiff (1851-1867) - Donations, Expenditures, Minutes, Records",1,"21-Cardiff,1847-1876,LR14167/Images/848__M_00010.jpg | Cardiff (1851-1867) - Donations, Expenditures, Minutes, Records/848__M_00010.jpg"
848__M_00011.jpg,2,2,"21-Cardiff,1847-1876,LR14167 | Cardiff (1851-1867) - Donations, Expenditures, Minutes, Records",1,"21-Cardiff,1847-1876,LR14167/Images/848__M_00011.jpg | Cardiff (1851-1867) - Donations, Expenditures, Minutes, Records/848__M_00011.jpg"
848__M_00012.jpg,2,2,"21-Cardiff,1847-1876,LR14167 | Cardiff (1851-1867) - Donations, Expenditures, Minutes, Records",1,"21-Cardiff,1847-1876,LR14167/Images/848__M_00012.jpg | Cardiff (1851-1867) - Donations, Expenditures, Minutes, Records/848__M_00012.jpg"
848__M_00013.jpg,2,2,"21-Cardiff,1847-1876,LR14167 | Cardiff (1851-1867) - Donations, Expenditures, Minutes, Records",1,"21-Cardiff,1847-1876,LR14167/Images/848__M_00013.jpg | Cardiff (1851-1867) - Donations, Expenditures, Minutes, Records/848__M_00013.jpg"
848__M_00014.jpg,2,2,"21-Cardiff,1847-1876,LR14167 | Cardiff (1851-1867) - Donations, Expenditures, Minutes, Records",1,"21-Cardiff,1847-1876,LR14167/Images/848__M_00014.jpg | Cardiff (1851-1867) - Donations, Expenditures, Minutes, Records/848__M_00014.jpg"
848__M_00015.jpg,2,2,"21-Cardiff,1847-1876,LR14167 | Cardiff (1851-1867) - Donations, Expenditures, Minutes, Records",1,"21-Cardiff,1847-1876,LR14167/Images/848__M_00015.jpg | Cardiff (1851-1867) - Donations, Expenditures, Minutes, Records/848__M_00015.jpg"
848__M_00016.jpg,2,2,"21-Cardiff,1847-1876,LR14167 | Cardiff (1851-1867) - Donations, Expenditures, Minutes, Records",1,"21-Cardiff,1847-1876,LR14167/Images/848__M_00016.jpg | Cardiff (1851-1867) - Donations, Expenditures, Minutes, Records/848__M_00016.jpg"
848__M_00017.jpg,2,2,"21-Cardiff,1847-1876,LR14167 | Cardiff (1851-1867) - Donations, Expenditures, Minutes, Records",1,"21-Cardiff,1847-1876,LR14167/Images/848__M_00017.jpg | Cardiff (1851-1867) - Donations, Expenditures, Minutes, Records/848__M_00017.jpg"
848__M_00018.jpg,2,2,"21-Cardiff,1847-1876,LR14167 | Cardiff (1851-1867) - Donations, Expenditures, Minutes, Records",1,"21-Cardiff,1847-1876,LR14167/Images/848__M_00018.jpg | Cardiff (1851-1867) - Donations, Expenditures, Minutes, Records/848__M_00018.jpg"
848__M_00019.jpg,2,2,"21-Cardiff,1847-1876,LR14167 | Cardiff (1851-1867) - Donations, Expenditures, Minutes, Records",1,"21-Cardiff,1847-1876,LR14167/Images/848__M_00019.jpg | Cardiff (1851-1867) - Donations, Expenditures, Minutes, Records/848__M_00019.jpg"
848__M_00020.jpg,2,2,"21-Cardiff,1847-1876,LR14167 | Cardiff (1851-1867) - Donations, Expenditures, Minutes, Records",1,"21-Cardiff,1847-1876,LR14167/Images/848__M_00020.jpg | Cardiff (1851-1867) - Donations, Expenditures, Minutes, Records/848__M_00020.jpg"
848__M_00021.jpg,2,2,"21-Cardiff,1847-1876,LR14167 | Cardiff (1851-1867) - Donations, Expenditures, Minutes, Records",1,"21-Cardiff,1847-1876,LR14167/Images/848__M_00021.jpg | Cardiff (1851-1867) - Donations, Expenditures, Minutes, Records/848__M_00021.jpg"
848__M_00022.jpg,2,2,"21-Cardiff,1847-1876,LR14167 | Cardiff (1851-1867) - Donations, Expenditures, Minutes, Records",1,"21-Cardiff,1847-1876,LR14167/Images/848__M_00022.jpg | Cardiff (1851-1867) - Donations, Expenditures, Minutes, Records/848__M_00022.jpg"
848__M_00023.jpg,2,2,"21-Cardiff,1847-1876,LR14167 | Cardiff (1851-1867) - Donations, Expenditures, Minutes, Records",1,"21-Cardiff,1847-1876,LR14167/Images/848__M_00023.jpg | Cardiff (1851-1867) - Donations, Expenditures, Minutes, Records/848__M_00023.jpg"
848__M_00024.jpg,2,2,"21-Cardiff,1847-1876,LR14167 | Cardiff (1851-1867) - Donations, Expenditures, Minutes, Records",1,"21-Cardiff,1847-1876,LR14167/Images/848__M_00024.jpg | Cardiff (1851-1867) - Donations, Expenditures, Minutes, Records/848__M_00024.jpg"
848__M_00025.jpg,2,2,"21-Cardiff,1847-1876,LR14167 | Cardiff (1851-1867) - Donations, Expenditures, Minutes, Records",1,"21-Cardiff,1847-1876,LR14167/Images/848__M_00025.jpg | Cardiff (1851-1867) - Donations, Expenditures, Minutes, Records/848__M_00025.jpg"
848__M_00026.jpg,2,2,"21-Cardiff,1847-1876,LR14167 | Cardiff (1851-1867) - Donations, Expenditures, Minutes, Records",1,"21-Cardiff,1847-1876,LR14167/Images/848__M_00026.jpg | Cardiff (1851-1867) - Donations, Expenditures, Minutes, Records/848__M_00026.jpg"
848__M_00027.jpg,2,2,"21-Cardiff,1847-1876,LR14167 | Cardiff (1851-1867) - Donations, Expenditures, Minutes, Records",1,"21-Cardiff,1847-1876,LR14167/Images/848__M_00027.jpg | Cardiff (1851-1867) - Donations, Expenditures, Minutes, Records/848__M_00027.jpg"
848__M_00028.jpg,2,2,"21-Cardiff,1847-1876,LR14167 | Cardiff (1851-1867) - Donations, Expenditures, Minutes, Records",1,"21-Cardiff,1847-1876,LR14167/Images/848__M_00028.jpg | Cardiff (1851-1867) - Donations, Expenditures, Minutes, Records/848__M_00028.jpg"
848__M_00029.jpg,2,2,"21-Cardiff,1847-1876,LR14167 | Cardiff (1851-1867) - Donations, Expenditures, Minutes, Records",1,"21-Cardiff,1847-1876,LR14167/Images/848__M_00029.jpg | Cardiff (1851-1867) - Donations, Expenditures, Minutes, Records/848__M_00029.jpg"
848__M_00030.jpg,2,2,"21-Cardiff,1847-1876,LR14167 | Cardiff (1851-1867) - Donations, Expenditures, Minutes, Records",1,"21-Cardiff,1847-1876,LR14167/Images/848__M_00030.jpg | Cardiff (1851-1867) - Donations, Expenditures, Minutes, Records/848__M_00030.jpg"
848__M_00031.jpg,2,2,"21-Cardiff,1847-1876,LR14167 | Cardiff (1851-1867) - Donations, Expenditures, Minutes, Records",1,"21-Cardiff,1847-1876,LR14167/Images/848__M_00031.jpg | Cardiff (1851-1867) - Donations, Expenditures, Minutes, Records/848__M_00031.jpg"
848__M_00032.jpg,2,2,"21-Cardiff,1847-1876,LR14167 | Cardiff (1851-1867) - Donations, Expenditures, Minutes, Records",1,"21-Cardiff,1847-1876,LR14167/Images/848__M_00032.jpg | Cardiff (1851-1867) - Donations, Expenditures, Minutes, Records/848__M_00032.jpg"
848__M_00033.jpg,2,2,"21-Cardiff,1847-1876,LR14167 | Cardiff (1851-1867) - Donations, Expenditures, Minutes, Records",1,"21-Cardiff,1847-1876,LR14167/Images/848__M_00033.jpg | Cardiff (1851-1867) - Donations, Expenditures, Minutes, Records/848__M_00033.jpg"
848__M_00034.jpg,2,2,"21-Cardiff,1847-1876,LR14167 | Cardiff (1851-1867) - Donations, Expenditures, Minutes, Records",1,"21-Cardiff,1847-1876,LR14167/Images/848__M_00034.jpg | Cardiff (1851-1867) - Donations, Expenditures, Minutes, Records/848__M_00034.jpg"
848__M_00035.jpg,2,2,"21-Cardiff,1847-1876,LR14167 | Cardiff (1851-1867) - Donations, Expenditures, Minutes, Records",1,"21-Cardiff,1847-1876,LR14167/Images/848__M_00035.jpg | Cardiff (1851-1867) - Donations, Expenditures, Minutes, Records/848__M_00035.jpg"
848__M_00036.jpg,2,2,"21-Cardiff,1847-1876,LR14167 | Cardiff (1851-1867) - Donations, Expenditures, Minutes, Records",1,"21-Cardiff,1847-1876,LR14167/Images/848__M_00036.jpg | Cardiff (1851-1867) - Donations, Expenditures, Minutes, Records/848__M_00036.jpg"
848__M_00037.jpg,2,2,"21-Cardiff,1847-1876,LR14167 | Cardiff (1851-1867) - Donations, Expenditures, Minutes, Records",1,"21-Cardiff,1847-1876,LR14167/Images/848__M_00037.jpg | Cardiff (1851-1867) - Donations, Expenditures, Minutes, Records/848__M_00037.jpg"
848__M_00038.jpg,2,2,"21-Cardiff,1847-1876,LR14167 | Cardiff (1851-1867) - Donations, Expenditures, Minutes, Records",1,"21-Cardiff,1847-1876,LR14167/Images/848__M_00038.jpg | Cardiff (1851-1867) - Donations, Expenditures, Minutes, Records/848__M_00038.jpg"
848__M_00039.jpg,2,2,"21-Cardiff,1847-1876,LR14167 | Cardiff (1851-1867) - Donations, Expenditures, Minutes, Records",1,"21-Cardiff,1847-1876,LR14167/Images/848__M_00039.jpg | Cardiff (1851-1867) - Donations, Expenditures, Minutes, Records/848__M_00039.jpg"
848__M_00040.jpg,2,2,"21-Cardiff,1847-1876,LR14167 | Cardiff (1851-1867) - Donations, Expenditures, Minutes, Records",1,"21-Cardiff,1847-1876,LR14167/Images/848__M_00040.jpg | Cardiff (1851-1867) - Donations, Expenditures, Minutes, Records/848__M_00040.jpg"
848__M_00041.jpg,2,2,"21-Cardiff,1847-1876,LR14167 | Cardiff (1851-1867) - Donations, Expenditures, Minutes, Records",1,"21-Cardiff,1847-1876,LR14167/Images/848__M_00041.jpg | Cardiff (1851-1867) - Donations, Expenditures, Minutes, Records/848__M_00041.jpg"
848__M_00042.jpg,2,2,"21-Cardiff,1847-1876,LR14167 | Cardiff (1851-1867) - Donations, Expenditures, Minutes, Records",1,"21-Cardiff,1847-1876,LR14167/Images/848__M_00042.jpg | Cardiff (1851-1867) - Donations, Expenditures, Minutes, Records/848__M_00042.jpg"
848__M_00043.jpg,2,2,"21-Cardiff,1847-1876,LR14167 | Cardiff (1851-1867) - Donations, Expenditures, Minutes, Records",1,"21-Cardiff,1847-1876,LR14167/Images/848__M_00043.jpg | Cardiff (1851-1867) - Donations, Expenditures, Minutes, Records/848__M_00043.jpg"
848__M_00044.jpg,2,2,"21-Cardiff,1847-1876,LR14167 | Cardiff (1851-1867) - Donations, Expenditures, Minutes, Records",1,"21-Cardiff,1847-1876,LR14167/Images/848__M_00044.jpg | Cardiff (1851-1867) - Donations, Expenditures, Minutes, Records/848__M_00044.jpg"
848__M_00045.jpg,2,2,"21-Cardiff,1847-1876,LR14167 | Cardiff (1851-1867) - Donations, Expenditures, Minutes, Records",1,"21-Cardiff,1847-1876,LR14167/Images/848__M_00045.jpg | Cardiff (1851-1867) - Donations, Expenditures, Minutes, Records/848__M_00045.jpg"
848__M_00046.jpg,2,2,"21-Cardiff,1847-1876,LR14167 | Cardiff (1851-1867) - Donations, Expenditures, Minutes, Records",1,"21-Cardiff,1847-1876,LR14167/Images/848__M_00046.jpg | Cardiff (1851-1867) - Donations, Expenditures, Minutes, Records/848__M_00046.jpg"
848__M_00047.jpg,2,2,"21-Cardiff,1847-1876,LR14167 | Cardiff (1851-1867) - Donations, Expenditures, Minutes, Records",1,"21-Cardiff,1847-1876,LR14167/Images/848__M_00047.jpg | Cardiff (1851-1867) - Donations, Expenditures, Minutes, Records/848__M_00047.jpg"
848__M_00048.jpg,2,2,"21-Cardiff,1847-1876,LR14167 | Cardiff (1851-1867) - Donations, Expenditures, Minutes, Records",1,"21-Cardiff,1847-1876,LR14167/Images/848__M_00048.jpg | Cardiff (1851-1867) - Donations, Expenditures, Minutes, Records/848__M_00048.jpg"
848__M_00049.jpg,2,2,"21-Cardiff,1847-1876,LR14167 | Cardiff (1851-1867) - Donations, Expenditures, Minutes, Records",1,"21-Cardiff,1847-1876,LR14167/Images/848__M_00049.jpg | Cardiff (1851-1867) - Donations, Expenditures, Minutes, Records/848__M_00049.jpg"
848__M_00050.jpg,2,2,"21-Cardiff,1847-1876,LR14167 | Cardiff (1851-1867) - Donations, Expenditures, Minutes, Records",1,"21-Cardiff,1847-1876,LR14167/Images/848__M_00050.jpg | Cardiff (1851-1867) - Donations, Expenditures, Minutes, Records/848__M_00050.jpg"
848__M_00051.jpg,2,2,"21-Cardiff,1847-1876,LR14167 | Cardiff (1851-1867) - Donations, Expenditures, Minutes, Records",1,"21-Cardiff,1847-1876,LR14167/Images/848__M_00051.jpg | Cardiff (1851-1867) - Donations, Expenditures, Minutes, Records/848__M_00051.jpg"
848__M_00052.jpg,2,2,"21-Cardiff,1847-1876,LR14167 | Cardiff (1851-1867) - Donations, Expenditures, Minutes, Records",1,"21-Cardiff,1847-1876,LR14167/Images/848__M_00052.jpg | Cardiff (1851-1867) - Donations, Expenditures, Minutes, Records/848__M_00052.jpg"
848__M_00053.jpg,2,2,"21-Cardiff,1847-1876,LR14167 | Cardiff (1851-1867) - Donations, Expenditures, Minutes, Records",1,"21-Cardiff,1847-1876,LR14167/Images/848__M_00053.jpg | Cardiff (1851-1867) - Donations, Expenditures, Minutes, Records/848__M_00053.jpg"
848__M_00054.jpg,2,2,"21-Cardiff,1847-1876,LR14167 | Cardiff (1851-1867) - Donations, Expenditures, Minutes, Records",1,"21-Cardiff,1847-1876,LR14167/Images/848__M_00054.jpg | Cardiff (1851-1867) - Donations, Expenditures, Minutes, Records/848__M_00054.jpg"
848__M_00055.jpg,2,2,"21-Cardiff,1847-1876,LR14167 | Cardiff (1851-1867) - Donations, Expenditures, Minutes, Records",1,"21-Cardiff,1847-1876,LR14167/Images/848__M_00055.jpg | Cardiff (1851-1867) - Donations, Expenditures, Minutes, Records/848__M_00055.jpg"
848__M_00056.jpg,2,2,"21-Cardiff,1847-1876,LR14167 | Cardiff (1851-1867) - Donations, Expenditures, Minutes, Records",1,"21-Cardiff,1847-1876,LR14167/Images/848__M_00056.jpg | Cardiff (1851-1867) - Donations, Expenditures, Minutes, Records/848__M_00056.jpg"
848__M_00057.jpg,2,2,"21-Cardiff,1847-1876,LR14167 | Cardiff (1851-1867) - Donations, Expenditures, Minutes, Records",1,"21-Cardiff,1847-1876,LR14167/Images/848__M_00057.jpg | Cardiff (1851-1867) - Donations, Expenditures, Minutes, Records/848__M_00057.jpg"
848__M_00058.jpg,2,2,"21-Cardiff,1847-1876,LR14167 | Cardiff (1851-1867) - Donations, Expenditures, Minutes, Records",1,"21-Cardiff,1847-1876,LR14167/Images/848__M_00058.jpg | Cardiff (1851-1867) - Donations, Expenditures, Minutes, Records/848__M_00058.jpg"
848__M_00059.jpg,2,2,"21-Cardiff,1847-1876,LR14167 | Cardiff (1851-1867) - Donations, Expenditures, Minutes, Records",1,"21-Cardiff,1847-1876,LR14167/Images/848__M_00059.jpg | Cardiff (1851-1867) - Donations, Expenditures, Minutes, Records/848__M_00059.jpg"
848__M_00060.jpg,2,2,"21-Cardiff,1847-1876,LR14167 | Cardiff (1851-1867) - Donations, Expenditures, Minutes, Records",1,"21-Cardiff,1847-1876,LR14167/Images/848__M_00060.jpg | Cardiff (1851-1867) - Donations, Expenditures, Minutes, Records/848__M_00060.jpg"
848__M_00061.jpg,2,2,"21-Cardiff,1847-1876,LR14167 | Cardiff (1851-1867) - Donations, Expenditures, Minutes, Records",1,"21-Cardiff,1847-1876,LR14167/Images/848__M_00061.jpg | Cardiff (1851-1867) - Donations, Expenditures, Minutes, Records/848__M_00061.jpg"
848__M_00062.jpg,2,2,"21-Cardiff,1847-1876,LR14167 | Cardiff (1851-1867) - Donations, Expenditures, Minutes, Records",1,"21-Cardiff,1847-1876,LR14167/Images/848__M_00062.jpg | Cardiff (1851-1867) - Donations, Expenditures, Minutes, Records/848__M_00062.jpg"
848__M_00063.jpg,2,2,"21-Cardiff,1847-1876,LR14167 | Cardiff (1851-1867) - Donations, Expenditures, Minutes, Records",1,"21-Cardiff,1847-1876,LR14167/Images/848__M_00063.jpg | Cardiff (1851-1867) - Donations, Expenditures, Minutes, Records/848__M_00063.jpg"
848__M_00064.jpg,2,2,"21-Cardiff,1847-1876,LR14167 | Cardiff (1851-1867) - Donations, Expenditures, Minutes, Records",1,"21-Cardiff,1847-1876,LR14167/Images/848__M_00064.jpg | Cardiff (1851-1867) - Donations, Expenditures, Minutes, Records/848__M_00064.jpg"
848__M_00065.jpg,2,2,"21-Cardiff,1847-1876,LR14167 | Cardiff (1851-1867) - Donations, Expenditures, Minutes, Records",1,"21-Cardiff,1847-1876,LR14167/Images/848__M_00065.jpg | Cardiff (1851-1867) - Donations, Expenditures, Minutes, Records/848__M_00065.jpg"
848__M_00066.jpg,2,2,"21-Cardiff,1847-1876,LR14167 | Cardiff (1851-1867) - Donations, Expenditures, Minutes, Records",1,"21-Cardiff,1847-1876,LR14167/Images/848__M_00066.jpg | Cardiff (1851-1867) - Donations, Expenditures, Minutes, Records/848__M_00066.jpg"
848__M_00067.jpg,2,2,"21-Cardiff,1847-1876,LR14167 | Cardiff (1851-1867) - Donations, Expenditures, Minutes, Records",1,"21-Cardiff,1847-1876,LR14167/Images/848__M_00067.jpg | Cardiff (1851-1867) - Donations, Expenditures, Minutes, Records/848__M_00067.jpg"
848__M_00068.jpg,2,2,"21-Cardiff,1847-1876,LR14167 | Cardiff (1851-1867) - Donations, Expenditures, Minutes, Records",1,"21-Cardiff,1847-1876,LR14167/Images/848__M_00068.jpg | Cardiff (1851-1867) - Donations, Expenditures, Minutes, Records/848__M_00068.jpg"
848__M_00069.jpg,2,2,"21-Cardiff,1847-1876,LR14167 | Cardiff (1851-1867) - Donations, Expenditures, Minutes, Records",1,"21-Cardiff,1847-1876,LR14167/Images/848__M_00069.jpg | Cardiff (1851-1867) - Donations, Expenditures, Minutes, Records/848__M_00069.jpg"
848__M_00070.jpg,2,2,"21-Cardiff,1847-1876,LR14167 | Cardiff (1851-1867) - Donations, Expenditures, Minutes, Records",1,"21-Cardiff,1847-1876,LR14167/Images/848__M_00070.jpg | Cardiff (1851-1867) - Donations, Expenditures, Minutes, Records/848__M_00070.jpg"
848__M_00071.jpg,2,2,"21-Cardiff,1847-1876,LR14167 | Cardiff (1851-1867) - Donations, Expenditures, Minutes, Records",1,"21-Cardiff,1847-1876,LR14167/Images/848__M_00071.jpg | Cardiff (1851-1867) - Donations, Expenditures, Minutes, Records/848__M_00071.jpg"
848__M_00072.jpg,2,2,"21-Cardiff,1847-1876,LR14167 | Cardiff (1851-1867) - Donations, Expenditures, Minutes, Records",1,"21-Cardiff,1847-1876,LR14167/Images/848__M_00072.jpg | Cardiff (1851-1867) - Donations, Expenditures, Minutes, Records/848__M_00072.jpg"
848__M_00073.jpg,2,2,"21-Cardiff,1847-1876,LR14167 | Cardiff (1851-1867) - Donations, Expenditures, Minutes, Records",1,"21-Cardiff,1847-1876,LR14167/Images/848__M_00073.jpg | Cardiff (1851-1867) - Donations, Expenditures, Minutes, Records/848__M_00073.jpg"
848__M_00074.jpg,2,2,"21-Cardiff,1847-1876,LR14167 | Cardiff (1851-1867) - Donations, Expenditures, Minutes, Records",1,"21-Cardiff,1847-1876,LR14167/Images/848__M_00074.jpg | Cardiff (1851-1867) - Donations, Expenditures, Minutes, Records/848__M_00074.jpg"
848__M_00075.jpg,2,2,"21-Cardiff,1847-1876,LR14167 | Cardiff (1851-1867) - Donations, Expenditures, Minutes, Records",1,"21-Cardiff,1847-1876,LR14167/Images/848__M_00075.jpg | Cardiff (1851-1867) - Donations, Expenditures, Minutes, Records/848__M_00075.jpg"
848__M_00076.jpg,2,2,"21-Cardiff,1847-1876,LR14167 | Cardiff (1851-1867) - Donations, Expenditures, Minutes, Records",1,"21-Cardiff,1847-1876,LR14167/Images/848__M_00076.jpg | Cardiff (1851-1867) - Donations, Expenditures, Minutes, Records/848__M_00076.jpg"
848__M_00077.jpg,2,2,"21-Cardiff,1847-1876,LR14167 | Cardiff (1851-1867) - Donations, Expenditures, Minutes, Records",1,"21-Cardiff,1847-1876,LR14167/Images/848__M_00077.jpg | Cardiff (1851-1867) - Donations, Expenditures, Minutes, Records/848__M_00077.jpg"
848__M_00078.jpg,2,2,"21-Cardiff,1847-1876,LR14167 | Cardiff (1851-1867) - Donations, Expenditures, Minutes, Records",1,"21-Cardiff,1847-1876,LR14167/Images/848__M_00078.jpg | Cardiff (1851-1867) - Donations, Expenditures, Minutes, Records/848__M_00078.jpg"
848__M_00079.jpg,2,2,"21-Cardiff,1847-1876,LR14167 | Cardiff (1851-1867) - Donations, Expenditures, Minutes, Records",1,"21-Cardiff,1847-1876,LR14167/Images/848__M_00079.jpg | Cardiff (1851-1867) - Donations, Expenditures, Minutes, Records/848__M_00079.jpg"
848__M_00080.jpg,2,2,"21-Cardiff,1847-1876,LR14167 | Cardiff (1851-1867) - Donations, Expenditures, Minutes, Records",1,"21-Cardiff,1847-1876,LR14167/Images/848__M_00080.jpg | Cardiff (1851-1867) - Donations, Expenditures, Minutes, Records/848__M_00080.jpg"
848__M_00081.jpg,2,2,"21-Cardiff,1847-1876,LR14167 | Cardiff (1851-1867) - Donations, Expenditures, Minutes, Records",1,"21-Cardiff,1847-1876,LR14167/Images/848__M_00081.jpg | Cardiff (1851-1867) - Donations, Expenditures, Minutes, Records/848__M_00081.jpg"
848__M_00082.jpg,2,2,"21-Cardiff,1847-1876,LR14167 | Cardiff (1851-1867) - Donations, Expenditures, Minutes, Records",1,"21-Cardiff,1847-1876,LR14167/Images/848__M_00082.jpg | Cardiff (1851-1867) - Donations, Expenditures, Minutes, Records/848__M_00082.jpg"
848__M_00083.jpg,2,2,"21-Cardiff,1847-1876,LR14167 | Cardiff (1851-1867) - Donations, Expenditures, Minutes, Records",1,"21-Cardiff,1847-1876,LR14167/Images/848__M_00083.jpg | Cardiff (1851-1867) - Donations, Expenditures, Minutes, Records/848__M_00083.jpg"
848__M_00084.jpg,2,2,"21-Cardiff,1847-1876,LR14167 | Cardiff (1851-1867) - Donations, Expenditures, Minutes, Records",1,"21-Cardiff,1847-1876,LR14167/Images/848__M_00084.jpg | Cardiff (1851-1867) - Donations, Expenditures, Minutes, Records/848__M_00084.jpg"
848__M_00085.jpg,2,2,"21-Cardiff,1847-1876,LR14167 | Cardiff (1851-1867) - Donations, Expenditures, Minutes, Records",1,"21-Cardiff,1847-1876,LR14167/Images/848__M_00085.jpg | Cardiff (1851-1867) - Donations, Expenditures, Minutes, Records/848__M_00085.jpg"
848__M_00086.jpg,2,2,"21-Cardiff,1847-1876,LR14167 | Cardiff (1851-1867) - Donations, Expenditures, Minutes, Records",1,"21-Cardiff,1847-1876,LR14167/Images/848__M_00086.jpg | Cardiff (1851-1867) - Donations, Expenditures, Minutes, Records/848__M_00086.jpg"
848__M_00087.jpg,2,2,"21-Cardiff,1847-1876,LR14167 | Cardiff (1851-1867) - Donations, Expenditures, Minutes, Records",1,"21-Cardiff,1847-1876,LR14167/Images/848__M_00087.jpg | Cardiff (1851-1867) - Donations, Expenditures, Minutes, Records/848__M_00087.jpg"
848__M_00088.jpg,2,2,"21-Cardiff,1847-1876,LR14167 | Cardiff (1851-1867) - Donations, Expenditures, Minutes, Records",1,"21-Cardiff,1847-1876,LR14167/Images/848__M_00088.jpg | Cardiff (1851-1867) - Donations, Expenditures, Minutes, Records/848__M_00088.jpg"
848__M_00089.jpg,2,2,"21-Cardiff,1847-1876,LR14167 | Cardiff (1851-1867) - Donations, Expenditures, Minutes, Records",1,"21-Cardiff,1847-1876,LR14167/Images/848__M_00089.jpg | Cardiff (1851-1867) - Donations, Expenditures, Minutes, Records/848__M_00089.jpg"
848__M_00090.jpg,2,2,"21-Cardiff,1847-1876,LR14167 | Cardiff (1851-1867) - Donations, Expenditures, Minutes, Records",1,"21-Cardiff,1847-1876,LR14167/Images/848__M_00090.jpg | Cardiff (1851-1867) - Donations, Expenditures, Minutes, Records/848__M_00090.jpg"
848__M_00091.jpg,2,2,"21-Cardiff,1847-1876,LR14167 | Cardiff (1851-1867) - Donations, Expenditures, Minutes, Records",1,"21-Cardiff,1847-1876,LR14167/Images/848__M_00091.jpg | Cardiff (1851-1867) - Donations, Expenditures, Minutes, Records/848__M_00091.jpg"
848__M_00092.jpg,2,2,"21-Cardiff,1847-1876,LR14167 | Cardiff (1851-1867) - Donations, Expenditures, Minutes, Records",1,"21-Cardiff,1847-1876,LR14167/Images/848__M_00092.jpg | Cardiff (1851-1867) - Donations, Expenditures, Minutes, Records/848__M_00092.jpg"
848__M_00093.jpg,2,2,"21-Cardiff,1847-1876,LR14167 | Cardiff (1851-1867) - Donations, Expenditures, Minutes, Records",1,"21-Cardiff,1847-1876,LR14167/Images/848__M_00093.jpg | Cardiff (1851-1867) - Donations, Expenditures, Minutes, Records/848__M_00093.jpg"
848__M_00094.jpg,2,2,"21-Cardiff,1847-1876,LR14167 | Cardiff (1851-1867) - Donations, Expenditures, Minutes, Records",1,"21-Cardiff,1847-1876,LR14167/Images/848__M_00094.jpg | Cardiff (1851-1867) - Donations, Expenditures, Minutes, Records/848__M_00094.jpg"
848__M_00095.jpg,2,2,"21-Cardiff,1847-1876,LR14167 | Cardiff (1851-1867) - Donations, Expenditures, Minutes, Records",1,"21-Cardiff,1847-1876,LR14167/Images/848__M_00095.jpg | Cardiff (1851-1867) - Donations, Expenditures, Minutes, Records/848__M_00095.jpg"
848__M_00096.jpg,2,2,"21-Cardiff,1847-1876,LR14167 | Cardiff (1851-1867) - Donations, Expenditures, Minutes, Records",1,"21-Cardiff,1847-1876,LR14167/Images/848__M_00096.jpg | Cardiff (1851-1867) - Donations, Expenditures, Minutes, Records/848__M_00096.jpg"
848__M_00097.jpg,2,2,"21-Cardiff,1847-1876,LR14167 | Cardiff (1851-1867) - Donations, Expenditures, Minutes, Records",1,"21-Cardiff,1847-1876,LR14167/Images/848__M_00097.jpg | Cardiff (1851-1867) - Donations, Expenditures, Minutes, Records/848__M_00097.jpg"
848__M_00098.jpg,2,2,"21-Cardiff,1847-1876,LR14167 | Cardiff (1851-1867) - Donations, Expenditures, Minutes, Records",1,"21-Cardiff,1847-1876,LR14167/Images/848__M_00098.jpg | Cardiff (1851-1867) - Donations, Expenditures, Minutes, Records/848__M_00098.jpg"
848__M_00099.jpg,2,2,"21-Cardiff,1847-1876,LR14167 | Cardiff (1851-1867) - Donations, Expenditures, Minutes, Records",1,"21-Cardiff,1847-1876,LR14167/Images/848__M_00099.jpg | Cardiff (1851-1867) - Donations, Expenditures, Minutes, Records/848__M_00099.jpg"
848__M_00100.jpg,2,2,"21-Cardiff,1847-1876,LR14167 | Cardiff (1851-1867) - Donations, Expenditures, Minutes, Records",1,"21-Cardiff,1847-1876,LR14167/Images/848__M_00100.jpg | Cardiff (1851-1867) - Donations, Expenditures, Minutes, Records/848__M_00100.jpg"
848__M_00101.jpg,2,2,"21-Cardiff,1847-1876,LR14167 | Cardiff (1851-1867) - Donations, Expenditures, Minutes, Records",1,"21-Cardiff,1847-1876,LR14167/Images/848__M_00101.jpg | Cardiff (1851-1867) - Donations, Expenditures, Minutes, Records/848__M_00101.jpg"
848__M_00102.jpg,2,2,"21-Cardiff,1847-1876,LR14167 | Cardiff (1851-1867) - Donations, Expenditures, Minutes, Records",1,"21-Cardiff,1847-1876,LR14167/Images/848__M_00102.jpg | Cardiff (1851-1867) - Donations, Expenditures, Minutes, Records/848__M_00102.jpg"
848__M_00103.jpg,2,2,"21-Cardiff,1847-1876,LR14167 | Cardiff (1851-1867) - Donations, Expenditures, Minutes, Records",1,"21-Cardiff,1847-1876,LR14167/Images/848__M_00103.jpg | Cardiff (1851-1867) - Donations, Expenditures, Minutes, Records/848__M_00103.jpg"
848__M_00104.jpg,2,2,"21-Cardiff,1847-1876,LR14167 | Cardiff (1851-1867) - Donations, Expenditures, Minutes, Records",1,"21-Cardiff,1847-1876,LR14167/Images/848__M_00104.jpg | Cardiff (1851-1867) - Donations, Expenditures, Minutes, Records/848__M_00104.jpg"
848__M_00105.jpg,2,2,"21-Cardiff,1847-1876,LR14167 | Cardiff (1851-1867) - Donations, Expenditures, Minutes, Records",1,"21-Cardiff,1847-1876,LR14167/Images/848__M_00105.jpg | Cardiff (1851-1867) - Donations, Expenditures, Minutes, Records/848__M_00105.jpg"
848__M_00106.jpg,2,2,"21-Cardiff,1847-1876,LR14167 | Cardiff (1851-1867) - Donations, Expenditures, Minutes, Records",1,"21-Cardiff,1847-1876,LR14167/Images/848__M_00106.jpg | Cardiff (1851-1867) - Donations, Expenditures, Minutes, Records/848__M_00106.jpg"
848__M_00107.jpg,2,2,"21-Cardiff,1847-1876,LR14167 | Cardiff (1851-1867) - Donations, Expenditures, Minutes, Records",1,"21-Cardiff,1847-1876,LR14167/Images/848__M_00107.jpg | Cardiff (1851-1867) - Donations, Expenditures, Minutes, Records/848__M_00107.jpg"
848__M_00108.jpg,2,2,"21-Cardiff,1847-1876,LR14167 | Cardiff (1851-1867) - Donations, Expenditures, Minutes, Records",1,"21-Cardiff,1847-1876,LR14167/Images/848__M_00108.jpg | Cardiff (1851-1867) - Donations, Expenditures, Minutes, Records/848__M_00108.jpg"
848__M_00109.jpg,2,2,"21-Cardiff,1847-1876,LR14167 | Cardiff (1851-1867) - Donations, Expenditures, Minutes, Records",1,"21-Cardiff,1847-1876,LR14167/Images/848__M_00109.jpg | Cardiff (1851-1867) - Donations, Expenditures, Minutes, Records/848__M_00109.jpg"
848__M_00110.jpg,2,2,"21-Cardiff,1847-1876,LR14167 | Cardiff (1851-1867) - Donations, Expenditures, Minutes, Records",1,"21-Cardiff,1847-1876,LR14167/Images/848__M_00110.jpg | Cardiff (1851-1867) - Donations, Expenditures, Minutes, Records/848__M_00110.jpg"
848__M_00111.jpg,2,2,"21-Cardiff,1847-1876,LR14167 | Cardiff (1851-1867) - Donations, Expenditures, Minutes, Records",1,"21-Cardiff,1847-1876,LR14167/Images/848__M_00111.jpg | Cardiff (1851-1867) - Donations, Expenditures, Minutes, Records/848__M_00111.jpg"
848__M_00112.jpg,2,2,"21-Cardiff,1847-1876,LR14167 | Cardiff (1851-1867) - Donations, Expenditures, Minutes, Records",1,"21-Cardiff,1847-1876,LR14167/Images/848__M_00112.jpg | Cardiff (1851-1867) - Donations, Expenditures, Minutes, Records/848__M_00112.jpg"
848__M_00113.jpg,2,2,"21-Cardiff,1847-1876,LR14167 | Cardiff (1851-1867) - Donations, Expenditures, Minutes, Records",1,"21-Cardiff,1847-1876,LR14167/Images/848__M_00113.jpg | Cardiff (1851-1867) - Donations, Expenditures, Minutes, Records/848__M_00113.jpg"
848__M_00114.jpg,2,2,"21-Cardiff,1847-1876,LR14167 | Cardiff (1851-1867) - Donations, Expenditures, Minutes, Records",1,"21-Cardiff,1847-1876,LR14167/Images/848__M_00114.jpg | Cardiff (1851-1867) - Donations, Expenditures, Minutes, Records/848__M_00114.jpg"
848__M_00115.jpg,2,2,"21-Cardiff,1847-1876,LR14167 | Cardiff (1851-1867) - Donations, Expenditures, Minutes, Records",1,"21-Cardiff,1847-1876,LR14167/Images/848__M_00115.jpg | Cardiff (1851-1867) - Donations, Expenditures, Minutes, Records/848__M_00115.jpg"
848__M_00116.jpg,2,2,"21-Cardiff,1847-1876,LR14167 | Cardiff (1851-1867) - Donations, Expenditures, Minutes, Records",1,"21-Cardiff,1847-1876,LR14167/Images/848__M_00116.jpg | Cardiff (1851-1867) - Donations, Expenditures, Minutes, Records/848__M_00116.jpg"
848__M_00117.jpg,2,2,"21-Cardiff,1847-1876,LR14167 | Cardiff (1851-1867) - Donations, Expenditures, Minutes, Records",1,"21-Cardiff,1847-1876,LR14167/Images/848__M_00117.jpg | Cardiff (1851-1867) - Donations, Expenditures, Minutes, Records/848__M_00117.jpg"
848__M_00118.jpg,2,2,"21-Cardiff,1847-1876,LR14167 | Cardiff (1851-1867) - Donations, Expenditures, Minutes, Records",1,"21-Cardiff,1847-1876,LR14167/Images/848__M_00118.jpg | Cardiff (1851-1867) - Donations, Expenditures, Minutes, Records/848__M_00118.jpg"
848__M_00119.jpg,2,2,"21-Cardiff,1847-1876,LR14167 | Cardiff (1851-1867) - Donations, Expenditures, Minutes, Records",1,"21-Cardiff,1847-1876,LR14167/Images/848__M_00119.jpg | Cardiff (1851-1867) - Donations, Expenditures, Minutes, Records/848__M_00119.jpg"
848__M_00120.jpg,2,2,"21-Cardiff,1847-1876,LR14167 | Cardiff (1851-1867) - Donations, Expenditures, Minutes, Records",1,"21-Cardiff,1847-1876,LR14167/Images/848__M_00120.jpg | Cardiff (1851-1867) - Donations, Expenditures, Minutes, Records/848__M_00120.jpg"
848__M_00121.jpg,2,2,"21-Cardiff,1847-1876,LR14167 | Cardiff (1851-1867) - Donations, Expenditures, Minutes, Records",1,"21-Cardiff,1847-1876,LR14167/Images/848__M_00121.jpg | Cardiff (1851-1867) - Donations, Expenditures, Minutes, Records/848__M_00121.jpg"
848__M_00122.jpg,2,2,"21-Cardiff,1847-1876,LR14167 | Cardiff (1851-1867) - Donations, Expenditures, Minutes, Records",1,"21-Cardiff,1847-1876,LR14167/Images/848__M_00122.jpg | Cardiff (1851-1867) - Donations, Expenditures, Minutes, Records/848__M_00122.jpg"
848__M_00123.jpg,2,2,"21-Cardiff,1847-1876,LR14167 | Cardiff (1851-1867) - Donations, Expenditures, Minutes, Records",1,"21-Cardiff,1847-1876,LR14167/Images/848__M_00123.jpg | Cardiff (1851-1867) - Donations, Expenditures, Minutes, Records/848__M_00123.jpg"
848__M_00124.jpg,2,2,"21-Cardiff,1847-1876,LR14167 | Cardiff (1851-1867) - Donations, Expenditures, Minutes, Records",1,"21-Cardiff,1847-1876,LR14167/Images/848__M_00124.jpg | Cardiff (1851-1867) - Donations, Expenditures, Minutes, Records/848__M_00124.jpg"
848__M_00125.jpg,2,2,"21-Cardiff,1847-1876,LR14167 | Cardiff (1851-1867) - Donations, Expenditures, Minutes, Records",1,"21-Cardiff,1847-1876,LR14167/Images/848__M_00125.jpg | Cardiff (1851-1867) - Donations, Expenditures, Minutes, Records/848__M_00125.jpg"
848__M_00126.jpg,2,2,"21-Cardiff,1847-1876,LR14167 | Cardiff (1851-1867) - Donations, Expenditures, Minutes, Records",1,"21-Cardiff,1847-1876,LR14167/Images/848__M_00126.jpg | Cardiff (1851-1867) - Donations, Expenditures, Minutes, Records/848__M_00126.jpg"
848__M_00127.jpg,2,2,"21-Cardiff,1847-1876,LR14167 | Cardiff (1851-1867) - Donations, Expenditures, Minutes, Records",1,"21-Cardiff,1847-1876,LR14167/Images/848__M_00127.jpg | Cardiff (1851-1867) - Donations, Expenditures, Minutes, Records/848__M_00127.jpg"
848__M_00128.jpg,2,2,"21-Cardiff,1847-1876,LR14167 | Cardiff (1851-1867) - Donations, Expenditures, Minutes, Records",1,"21-Cardiff,1847-1876,LR14167/Images/848__M_00128.jpg | Cardiff (1851-1867) - Donations, Expenditures, Minutes, Records/848__M_00128.jpg"
848__M_00129.jpg,2,2,"21-Cardiff,1847-1876,LR14167 | Cardiff (1851-1867) - Donations, Expenditures, Minutes, Records",1,"21-Cardiff,1847-1876,LR14167/Images/848__M_00129.jpg | Cardiff (1851-1867) - Donations, Expenditures, Minutes, Records/848__M_00129.jpg"
848__M_00130.jpg,2,2,"21-Cardiff,1847-1876,LR14167 | Cardiff (1851-1867) - Donations, Expenditures, Minutes, Records",1,"21-Cardiff,1847-1876,LR14167/Images/848__M_00130.jpg | Cardiff (1851-1867) - Donations, Expenditures, Minutes, Records/848__M_00130.jpg"
848__M_00131.jpg,2,2,"21-Cardiff,1847-1876,LR14167 | Cardiff (1851-1867) - Donations, Expenditures, Minutes, Records",1,"21-Cardiff,1847-1876,LR14167/Images/848__M_00131.jpg | Cardiff (1851-1867) - Donations, Expenditures, Minutes, Records/848__M_00131.jpg"
848__M_00132.jpg,2,2,"21-Cardiff,1847-1876,LR14167 | Cardiff (1851-1867) - Donations, Expenditures, Minutes, Records",1,"21-Cardiff,1847-1876,LR14167/Images/848__M_00132.jpg | Cardiff (1851-1867) - Donations, Expenditures, Minutes, Records/848__M_00132.jpg"
848__M_00133.jpg,2,2,"21-Cardiff,1847-1876,LR14167 | Cardiff (1851-1867) - Donations, Expenditures, Minutes, Records",1,"21-Cardiff,1847-1876,LR14167/Images/848__M_00133.jpg | Cardiff (1851-1867) - Donations, Expenditures, Minutes, Records/848__M_00133.jpg"
848__M_00134.jpg,2,2,"21-Cardiff,1847-1876,LR14167 | Cardiff (1851-1867) - Donations, Expenditures, Minutes, Records",1,"21-Cardiff,1847-1876,LR14167/Images/848__M_00134.jpg | Cardiff (1851-1867) - Donations, Expenditures, Minutes, Records/848__M_00134.jpg"
848__M_00135.jpg,2,2,"21-Cardiff,1847-1876,LR14167 | Cardiff (1851-1867) - Donations, Expenditures, Minutes, Records",1,"21-Cardiff,1847-1876,LR14167/Images/848__M_00135.jpg | Cardiff (1851-1867) - Donations, Expenditures, Minutes, Records/848__M_00135.jpg"
848__M_00136.jpg,2,2,"21-Cardiff,1847-1876,LR14167 | Cardiff (1851-1867) - Donations, Expenditures, Minutes, Records",1,"21-Cardiff,1847-1876,LR14167/Images/848__M_00136.jpg | Cardiff (1851-1867) - Donations, Expenditures, Minutes, Records/848__M_00136.jpg"
848__M_00137.jpg,2,2,"21-Cardiff,1847-1876,LR14167 | Cardiff (1851-1867) - Donations, Expenditures, Minutes, Records",1,"21-Cardiff,1847-1876,LR14167/Images/848__M_00137.jpg | Cardiff (1851-1867) - Donations, Expenditures, Minutes, Records/848__M_00137.jpg"
848__M_00138.jpg,2,2,"21-Cardiff,1847-1876,LR14167 | Cardiff (1851-1867) - Donations, Expenditures, Minutes, Records",1,"21-Cardiff,1847-1876,LR14167/Images/848__M_00138.jpg | Cardiff (1851-1867) - Donations, Expenditures, Minutes, Records/848__M_00138.jpg"
848__M_00139.jpg,2,2,"21-Cardiff,1847-1876,LR14167 | Cardiff (1851-1867) - Donations, Expenditures, Minutes, Records",1,"21-Cardiff,1847-1876,LR14167/Images/848__M_00139.jpg | Cardiff (1851-1867) - Donations, Expenditures, Minutes, Records/848__M_00139.jpg"
848__M_00140.jpg,2,2,"21-Cardiff,1847-1876,LR14167 | Cardiff (1851-1867) - Donations, Expenditures, Minutes, Records",1,"21-Cardiff,1847-1876,LR14167/Images/848__M_00140.jpg | Cardiff (1851-1867) - Donations, Expenditures, Minutes, Records/848__M_00140.jpg"
848__M_00141.jpg,2,2,"21-Cardiff,1847-1876,LR14167 | Cardiff (1851-1867) - Donations, Expenditures, Minutes, Records",1,"21-Cardiff,1847-1876,LR14167/Images/848__M_00141.jpg | Cardiff (1851-1867) - Donations, Expenditures, Minutes, Records/848__M_00141.jpg"
848__M_00142.jpg,2,2,"21-Cardiff,1847-1876,LR14167 | Cardiff (1851-1867) - Donations, Expenditures, Minutes, Records",1,"21-Cardiff,1847-1876,LR14167/Images/848__M_00142.jpg | Cardiff (1851-1867) - Donations, Expenditures, Minutes, Records/848__M_00142.jpg"
848__M_00143.jpg,2,2,"21-Cardiff,1847-1876,LR14167 | Cardiff (1851-1867) - Donations, Expenditures, Minutes, Records",1,"21-Cardiff,1847-1876,LR14167/Images/848__M_00143.jpg | Cardiff (1851-1867) - Donations, Expenditures, Minutes, Records/848__M_00143.jpg"
848__M_00144.jpg,2,2,"21-Cardiff,1847-1876,LR14167 | Cardiff (1851-1867) - Donations, Expenditures, Minutes, Records",1,"21-Cardiff,1847-1876,LR14167/Images/848__M_00144.jpg | Cardiff (1851-1867) - Donations, Expenditures, Minutes, Records/848__M_00144.jpg"
848__M_00145.jpg,2,2,"21-Cardiff,1847-1876,LR14167 | Cardiff (1851-1867) - Donations, Expenditures, Minutes, Records",1,"21-Cardiff,1847-1876,LR14167/Images/848__M_00145.jpg | Cardiff (1851-1867) - Donations, Expenditures, Minutes, Records/848__M_00145.jpg"
848__M_00146.jpg,2,2,"21-Cardiff,1847-1876,LR14167 | Cardiff (1851-1867) - Donations, Expenditures, Minutes, Records",1,"21-Cardiff,1847-1876,LR14167/Images/848__M_00146.jpg | Cardiff (1851-1867) - Donations, Expenditures, Minutes, Records/848__M_00146.jpg"
848__M_00147.jpg,2,2,"21-Cardiff,1847-1876,LR14167 | Cardiff (1851-1867) - Donations, Expenditures, Minutes, Records",1,"21-Cardiff,1847-1876,LR14167/Images/848__M_00147.jpg | Cardiff (1851-1867) - Donations, Expenditures, Minutes, Records/848__M_00147.jpg"
848__M_00148.jpg,2,2,"21-Cardiff,1847-1876,LR14167 | Cardiff (1851-1867) - Donations, Expenditures, Minutes, Records",1,"21-Cardiff,1847-1876,LR14167/Images/848__M_00148.jpg | Cardiff (1851-1867) - Donations, Expenditures, Minutes, Records/848__M_00148.jpg"
848__M_00149.jpg,2,2,"21-Cardiff,1847-1876,LR14167 | Cardiff (1851-1867) - Donations, Expenditures, Minutes, Records",1,"21-Cardiff,1847-1876,LR14167/Images/848__M_00149.jpg | Cardiff (1851-1867) - Donations, Expenditures, Minutes, Records/848__M_00149.jpg"
848__M_00150.jpg,2,2,"21-Cardiff,1847-1876,LR14167 | Cardiff (1851-1867) - Donations, Expenditures, Minutes, Records",1,"21-Cardiff,1847-1876,LR14167/Images/848__M_00150.jpg | Cardiff (1851-1867) - Donations, Expenditures, Minutes, Records/848__M_00150.jpg"
848__M_00151.jpg,2,2,"21-Cardiff,1847-1876,LR14167 | Cardiff (1851-1867) - Donations, Expenditures, Minutes, Records",1,"21-Cardiff,1847-1876,LR14167/Images/848__M_00151.jpg | Cardiff (1851-1867) - Donations, Expenditures, Minutes, Records/848__M_00151.jpg"
848__M_00152.jpg,2,2,"21-Cardiff,1847-1876,LR14167 | Cardiff (1851-1867) - Donations, Expenditures, Minutes, Records",1,"21-Cardiff,1847-1876,LR14167/Images/848__M_00152.jpg | Cardiff (1851-1867) - Donations, Expenditures, Minutes, Records/848__M_00152.jpg"
848__M_00153.jpg,2,2,"21-Cardiff,1847-1876,LR14167 | Cardiff (1851-1867) - Donations, Expenditures, Minutes, Records",1,"21-Cardiff,1847-1876,LR14167/Images/848__M_00153.jpg | Cardiff (1851-1867) - Donations, Expenditures, Minutes, Records/848__M_00153.jpg"
848__M_00154.jpg,2,2,"21-Cardiff,1847-1876,LR14167 | Cardiff (1851-1867) - Donations, Expenditures, Minutes, Records",1,"21-Cardiff,1847-1876,LR14167/Images/848__M_00154.jpg | Cardiff (1851-1867) - Donations, Expenditures, Minutes, Records/848__M_00154.jpg"
848__M_00155.jpg,2,2,"21-Cardiff,1847-1876,LR14167 | Cardiff (1851-1867) - Donations, Expenditures, Minutes, Records",1,"21-Cardiff,1847-1876,LR14167/Images/848__M_00155.jpg | Cardiff (1851-1867) - Donations, Expenditures, Minutes, Records/848__M_00155.jpg"
848__M_00156.jpg,2,2,"21-Cardiff,1847-1876,LR14167 | Cardiff (1851-1867) - Donations, Expenditures, Minutes, Records",1,"21-Cardiff,1847-1876,LR14167/Images/848__M_00156.jpg | Cardiff (1851-1867) - Donations, Expenditures, Minutes, Records/848__M_00156.jpg"
848__M_00157.jpg,2,2,"21-Cardiff,1847-1876,LR14167 | Cardiff (1851-1867) - Donations, Expenditures, Minutes, Records",1,"21-Cardiff,1847-1876,LR14167/Images/848__M_00157.jpg | Cardiff (1851-1867) - Donations, Expenditures, Minutes, Records/848__M_00157.jpg"
848__M_00158.jpg,2,2,"21-Cardiff,1847-1876,LR14167 | Cardiff (1851-1867) - Donations, Expenditures, Minutes, Records",1,"21-Cardiff,1847-1876,LR14167/Images/848__M_00158.jpg | Cardiff (1851-1867) - Donations, Expenditures, Minutes, Records/848__M_00158.jpg"
848__M_00159.jpg,2,2,"21-Cardiff,1847-1876,LR14167 | Cardiff (1851-1867) - Donations, Expenditures, Minutes, Records",1,"21-Cardiff,1847-1876,LR14167/Images/848__M_00159.jpg | Cardiff (1851-1867) - Donations, Expenditures, Minutes, Records/848__M_00159.jpg"
848__M_00160.jpg,2,2,"21-Cardiff,1847-1876,LR14167 | Cardiff (1851-1867) - Donations, Expenditures, Minutes, Records",1,"21-Cardiff,1847-1876,LR14167/Images/848__M_00160.jpg | Cardiff (1851-1867) - Donations, Expenditures, Minutes, Records/848__M_00160.jpg"
848__M_00161.jpg,2,2,"21-Cardiff,1847-1876,LR14167 | Cardiff (1851-1867) - Donations, Expenditures, Minutes, Records",1,"21-Cardiff,1847-1876,LR14167/Images/848__M_00161.jpg | Cardiff (1851-1867) - Donations, Expenditures, Minutes, Records/848__M_00161.jpg"
848__M_00162.jpg,2,2,"21-Cardiff,1847-1876,LR14167 | Cardiff (1851-1867) - Donations, Expenditures, Minutes, Records",1,"21-Cardiff,1847-1876,LR14167/Images/848__M_00162.jpg | Cardiff (1851-1867) - Donations, Expenditures, Minutes, Records/848__M_00162.jpg"
848__M_00163.jpg,2,2,"21-Cardiff,1847-1876,LR14167 | Cardiff (1851-1867) - Donations, Expenditures, Minutes, Records",1,"21-Cardiff,1847-1876,LR14167/Images/848__M_00163.jpg | Cardiff (1851-1867) - Donations, Expenditures, Minutes, Records/848__M_00163.jpg"
848__M_00164.jpg,2,2,"21-Cardiff,1847-1876,LR14167 | Cardiff (1851-1867) - Donations, Expenditures, Minutes, Records",1,"21-Cardiff,1847-1876,LR14167/Images/848__M_00164.jpg | Cardiff (1851-1867) - Donations, Expenditures, Minutes, Records/848__M_00164.jpg"
848__M_00165.jpg,2,2,"21-Cardiff,1847-1876,LR14167 | Cardiff (1851-1867) - Donations, Expenditures, Minutes, Records",1,"21-Cardiff,1847-1876,LR14167/Images/848__M_00165.jpg | Cardiff (1851-1867) - Donations, Expenditures, Minutes, Records/848__M_00165.jpg"
848__M_00166.jpg,2,2,"21-Cardiff,1847-1876,LR14167 | Cardiff (1851-1867) - Donations, Expenditures, Minutes, Records",1,"21-Cardiff,1847-1876,LR14167/Images/848__M_00166.jpg | Cardiff (1851-1867) - Donations, Expenditures, Minutes, Records/848__M_00166.jpg"
848__M_00167.jpg,2,2,"21-Cardiff,1847-1876,LR14167 | Cardiff (1851-1867) - Donations, Expenditures, Minutes, Records",1,"21-Cardiff,1847-1876,LR14167/Images/848__M_00167.jpg | Cardiff (1851-1867) - Donations, Expenditures, Minutes, Records/848__M_00167.jpg"
848__M_00168.jpg,2,2,"21-Cardiff,1847-1876,LR14167 | Cardiff (1851-1867) - Donations, Expenditures, Minutes, Records",1,"21-Cardiff,1847-1876,LR14167/Images/848__M_00168.jpg | Cardiff (1851-1867) - Donations, Expenditures, Minutes, Records/848__M_00168.jpg"
850__M_00001.jpg,2,2,"21-Cardiff,1847-1876,LR14167 | Cardiff (1851-1867) - Donations, Expenditures, Minutes, Records",1,"21-Cardiff,1847-1876,LR14167/Images/850__M_00001.jpg | Cardiff (1851-1867) - Donations, Expenditures, Minutes, Records/850__M_00001.jpg"
850__M_00002.jpg,2,2,"21-Cardiff,1847-1876,LR14167 | Cardiff (1851-1867) - Donations, Expenditures, Minutes, Records",1,"21-Cardiff,1847-1876,LR14167/Images/850__M_00002.jpg | Cardiff (1851-1867) - Donations, Expenditures, Minutes, Records/850__M_00002.jpg"
850__M_00003.jpg,2,2,"21-Cardiff,1847-1876,LR14167 | Cardiff (1851-1867) - Donations, Expenditures, Minutes, Records",1,"21-Cardiff,1847-1876,LR14167/Images/850__M_00003.jpg | Cardiff (1851-1867) - Donations, Expenditures, Minutes, Records/850__M_00003.jpg"
850__M_00004.jpg,2,2,"21-Cardiff,1847-1876,LR14167 | Cardiff (1851-1867) - Donations, Expenditures, Minutes, Records",1,"21-Cardiff,1847-1876,LR14167/Images/850__M_00004.jpg | Cardiff (1851-1867) - Donations, Expenditures, Minutes, Records/850__M_00004.jpg"
850__M_00005.jpg,2,2,"21-Cardiff,1847-1876,LR14167 | Cardiff (1851-1867) - Donations, Expenditures, Minutes, Records",1,"21-Cardiff,1847-1876,LR14167/Images/850__M_00005.jpg | Cardiff (1851-1867) - Donations, Expenditures, Minutes, Records/850__M_00005.jpg"
850__M_00006.jpg,2,2,"21-Cardiff,1847-1876,LR14167 | Cardiff (1851-1867) - Donations, Expenditures, Minutes, Records",1,"21-Cardiff,1847-1876,LR14167/Images/850__M_00006.jpg | Cardiff (1851-1867) - Donations, Expenditures, Minutes, Records/850__M_00006.jpg"
850__M_00007.jpg,2,2,"21-Cardiff,1847-1876,LR14167 | Cardiff (1851-1867) - Donations, Expenditures, Minutes, Records",1,"21-Cardiff,1847-1876,LR14167/Images/850__M_00007.jpg | Cardiff (1851-1867) - Donations, Expenditures, Minutes, Records/850__M_00007.jpg"
850__M_00008.jpg,2,2,"21-Cardiff,1847-1876,LR14167 | Cardiff (1851-1867) - Donations, Expenditures, Minutes, Records",1,"21-Cardiff,1847-1876,LR14167/Images/850__M_00008.jpg | Cardiff (1851-1867) - Donations, Expenditures, Minutes, Records/850__M_00008.jpg"
850__M_00009.jpg,2,2,"21-Cardiff,1847-1876,LR14167 | Cardiff (1851-1867) - Donations, Expenditures, Minutes, Records",1,"21-Cardiff,1847-1876,LR14167/Images/850__M_00009.jpg | Cardiff (1851-1867) - Donations, Expenditures, Minutes, Records/850__M_00009.jpg"
850__M_00010.jpg,2,2,"21-Cardiff,1847-1876,LR14167 | Cardiff (1851-1867) - Donations, Expenditures, Minutes, Records",1,"21-Cardiff,1847-1876,LR14167/Images/850__M_00010.jpg | Cardiff (1851-1867) - Donations, Expenditures, Minutes, Records/850__M_00010.jpg"
850__M_00011.jpg,2,2,"21-Cardiff,1847-1876,LR14167 | Cardiff (1851-1867) - Donations, Expenditures, Minutes, Records",1,"21-Cardiff,1847-1876,LR14167/Images/850__M_00011.jpg | Cardiff (1851-1867) - Donations, Expenditures, Minutes, Records/850__M_00011.jpg"
850__M_00012.jpg,2,2,"21-Cardiff,1847-1876,LR14167 | Cardiff (1851-1867) - Donations, Expenditures, Minutes, Records",1,"21-Cardiff,1847-1876,LR14167/Images/850__M_00012.jpg | Cardiff (1851-1867) - Donations, Expenditures, Minutes, Records/850__M_00012.jpg"
850__M_00013.jpg,2,2,"21-Cardiff,1847-1876,LR14167 | Cardiff (1851-1867) - Donations, Expenditures, Minutes, Records",1,"21-Cardiff,1847-1876,LR14167/Images/850__M_00013.jpg | Cardiff (1851-1867) - Donations, Expenditures, Minutes, Records/850__M_00013.jpg"
850__M_00014.jpg,2,2,"21-Cardiff,1847-1876,LR14167 | Cardiff (1851-1867) - Donations, Expenditures, Minutes, Records",1,"21-Cardiff,1847-1876,LR14167/Images/850__M_00014.jpg | Cardiff (1851-1867) - Donations, Expenditures, Minutes, Records/850__M_00014.jpg"
850__M_00015.jpg,2,2,"21-Cardiff,1847-1876,LR14167 | Cardiff (1851-1867) - Donations, Expenditures, Minutes, Records",1,"21-Cardiff,1847-1876,LR14167/Images/850__M_00015.jpg | Cardiff (1851-1867) - Donations, Expenditures, Minutes, Records/850__M_00015.jpg"
850__M_00016.jpg,2,2,"21-Cardiff,1847-1876,LR14167 | Cardiff (1851-1867) - Donations, Expenditures, Minutes, Records",1,"21-Cardiff,1847-1876,LR14167/Images/850__M_00016.jpg | Cardiff (1851-1867) - Donations, Expenditures, Minutes, Records/850__M_00016.jpg"
850__M_00017.jpg,2,2,"21-Cardiff,1847-1876,LR14167 | Cardiff (1851-1867) - Donations, Expenditures, Minutes, Records",1,"21-Cardiff,1847-1876,LR14167/Images/850__M_00017.jpg | Cardiff (1851-1867) - Donations, Expenditures, Minutes, Records/850__M_00017.jpg"
850__M_00018.jpg,2,2,"21-Cardiff,1847-1876,LR14167 | Cardiff (1851-1867) - Donations, Expenditures, Minutes, Records",1,"21-Cardiff,1847-1876,LR14167/Images/850__M_00018.jpg | Cardiff (1851-1867) - Donations, Expenditures, Minutes, Records/850__M_00018.jpg"
850__M_00019.jpg,2,2,"21-Cardiff,1847-1876,LR14167 | Cardiff (1851-1867) - Donations, Expenditures, Minutes, Records",1,"21-Cardiff,1847-1876,LR14167/Images/850__M_00019.jpg | Cardiff (1851-1867) - Donations, Expenditures, Minutes, Records/850__M_00019.jpg"
850__M_00020.jpg,2,2,"21-Cardiff,1847-1876,LR14167 | Cardiff (1851-1867) - Donations, Expenditures, Minutes, Records",1,"21-Cardiff,1847-1876,LR14167/Images/850__M_00020.jpg | Cardiff (1851-1867) - Donations, Expenditures, Minutes, Records/850__M_00020.jpg"
850__M_00021.jpg,2,2,"21-Cardiff,1847-1876,LR14167 | Cardiff (1851-1867) - Donations, Expenditures, Minutes, Records",1,"21-Cardiff,1847-1876,LR14167/Images/850__M_00021.jpg | Cardiff (1851-1867) - Donations, Expenditures, Minutes, Records/850__M_00021.jpg"
850__M_00022.jpg,2,2,"21-Cardiff,1847-1876,LR14167 | Cardiff (1851-1867) - Donations, Expenditures, Minutes, Records",1,"21-Cardiff,1847-1876,LR14167/Images/850__M_00022.jpg | Cardiff (1851-1867) - Donations, Expenditures, Minutes, Records/850__M_00022.jpg"
850__M_00023.jpg,2,2,"21-Cardiff,1847-1876,LR14167 | Cardiff (1851-1867) - Donations, Expenditures, Minutes, Records",1,"21-Cardiff,1847-1876,LR14167/Images/850__M_00023.jpg | Cardiff (1851-1867) - Donations, Expenditures, Minutes, Records/850__M_00023.jpg"
850__M_00024.jpg,2,2,"21-Cardiff,1847-1876,LR14167 | Cardiff (1851-1867) - Donations, Expenditures, Minutes, Records",1,"21-Cardiff,1847-1876,LR14167/Images/850__M_00024.jpg | Cardiff (1851-1867) - Donations, Expenditures, Minutes, Records/850__M_00024.jpg"
850__M_00025.jpg,2,2,"21-Cardiff,1847-1876,LR14167 | Cardiff (1851-1867) - Donations, Expenditures, Minutes, Records",1,"21-Cardiff,1847-1876,LR14167/Images/850__M_00025.jpg | Cardiff (1851-1867) - Donations, Expenditures, Minutes, Records/850__M_00025.jpg"
850__M_00026.jpg,2,2,"21-Cardiff,1847-1876,LR14167 | Cardiff (1851-1867) - Donations, Expenditures, Minutes, Records",1,"21-Cardiff,1847-1876,LR14167/Images/850__M_00026.jpg | Cardiff (1851-1867) - Donations, Expenditures, Minutes, Records/850__M_00026.jpg"
850__M_00027.jpg,2,2,"21-Cardiff,1847-1876,LR14167 | Cardiff (1851-1867) - Donations, Expenditures, Minutes, Records",1,"21-Cardiff,1847-1876,LR14167/Images/850__M_00027.jpg | Cardiff (1851-1867) - Donations, Expenditures, Minutes, Records/850__M_00027.jpg"
850__M_00028.jpg,2,2,"21-Cardiff,1847-1876,LR14167 | Cardiff (1851-1867) - Donations, Expenditures, Minutes, Records",1,"21-Cardiff,1847-1876,LR14167/Images/850__M_00028.jpg | Cardiff (1851-1867) - Donations, Expenditures, Minutes, Records/850__M_00028.jpg"
850__M_00029.jpg,2,2,"21-Cardiff,1847-1876,LR14167 | Cardiff (1851-1867) - Donations, Expenditures, Minutes, Records",1,"21-Cardiff,1847-1876,LR14167/Images/850__M_00029.jpg | Cardiff (1851-1867) - Donations, Expenditures, Minutes, Records/850__M_00029.jpg"
850__M_00030.jpg,2,2,"21-Cardiff,1847-1876,LR14167 | Cardiff (1851-1867) - Donations, Expenditures, Minutes, Records",1,"21-Cardiff,1847-1876,LR14167/Images/850__M_00030.jpg | Cardiff (1851-1867) - Donations, Expenditures, Minutes, Records/850__M_00030.jpg"
850__M_00031.jpg,2,2,"21-Cardiff,1847-1876,LR14167 | Cardiff (1851-1867) - Donations, Expenditures, Minutes, Records",1,"21-Cardiff,1847-1876,LR14167/Images/850__M_00031.jpg | Cardiff (1851-1867) - Donations, Expenditures, Minutes, Records/850__M_00031.jpg"
850__M_00032.jpg,2,2,"21-Cardiff,1847-1876,LR14167 | Cardiff (1851-1867) - Donations, Expenditures, Minutes, Records",1,"21-Cardiff,1847-1876,LR14167/Images/850__M_00032.jpg | Cardiff (1851-1867) - Donations, Expenditures, Minutes, Records/850__M_00032.jpg"
850__M_00033.jpg,2,2,"21-Cardiff,1847-1876,LR14167 | Cardiff (1851-1867) - Donations, Expenditures, Minutes, Records",1,"21-Cardiff,1847-1876,LR14167/Images/850__M_00033.jpg | Cardiff (1851-1867) - Donations, Expenditures, Minutes, Records/850__M_00033.jpg"
850__M_00034.jpg,2,2,"21-Cardiff,1847-1876,LR14167 | Cardiff (1851-1867) - Donations, Expenditures, Minutes, Records",1,"21-Cardiff,1847-1876,LR14167/Images/850__M_00034.jpg | Cardiff (1851-1867) - Donations, Expenditures, Minutes, Records/850__M_00034.jpg"
850__M_00035.jpg,2,2,"21-Cardiff,1847-1876,LR14167 | Cardiff (1851-1867) - Donations, Expenditures, Minutes, Records",1,"21-Cardiff,1847-1876,LR14167/Images/850__M_00035.jpg | Cardiff (1851-1867) - Donations, Expenditures, Minutes, Records/850__M_00035.jpg"
850__M_00036.jpg,2,2,"21-Cardiff,1847-1876,LR14167 | Cardiff (1851-1867) - Donations, Expenditures, Minutes, Records",1,"21-Cardiff,1847-1876,LR14167/Images/850__M_00036.jpg | Cardiff (1851-1867) - Donations, Expenditures, Minutes, Records/850__M_00036.jpg"
850__M_00037.jpg,2,2,"21-Cardiff,1847-1876,LR14167 | Cardiff (1851-1867) - Donations, Expenditures, Minutes, Records",1,"21-Cardiff,1847-1876,LR14167/Images/850__M_00037.jpg | Cardiff (1851-1867) - Donations, Expenditures, Minutes, Records/850__M_00037.jpg"
850__M_00038.jpg,2,2,"21-Cardiff,1847-1876,LR14167 | Cardiff (1851-1867) - Donations, Expenditures, Minutes, Records",1,"21-Cardiff,1847-1876,LR14167/Images/850__M_00038.jpg | Cardiff (1851-1867) - Donations, Expenditures, Minutes, Records/850__M_00038.jpg"
850__M_00039.jpg,2,2,"21-Cardiff,1847-1876,LR14167 | Cardiff (1851-1867) - Donations, Expenditures, Minutes, Records",1,"21-Cardiff,1847-1876,LR14167/Images/850__M_00039.jpg | Cardiff (1851-1867) - Donations, Expenditures, Minutes, Records/850__M_00039.jpg"
850__M_00040.jpg,2,2,"21-Cardiff,1847-1876,LR14167 | Cardiff (1851-1867) - Donations, Expenditures, Minutes, Records",1,"21-Cardiff,1847-1876,LR14167/Images/850__M_00040.jpg | Cardiff (1851-1867) - Donations, Expenditures, Minutes, Records/850__M_00040.jpg"
850__M_00041.jpg,2,2,"21-Cardiff,1847-1876,LR14167 | Cardiff (1851-1867) - Donations, Expenditures, Minutes, Records",1,"21-Cardiff,1847-1876,LR14167/Images/850__M_00041.jpg | Cardiff (1851-1867) - Donations, Expenditures, Minutes, Records/850__M_00041.jpg"
850__M_00042.jpg,2,2,"21-Cardiff,1847-1876,LR14167 | Cardiff (1851-1867) - Donations, Expenditures, Minutes, Records",1,"21-Cardiff,1847-1876,LR14167/Images/850__M_00042.jpg | Cardiff (1851-1867) - Donations, Expenditures, Minutes, Records/850__M_00042.jpg"
850__M_00043.jpg,2,2,"21-Cardiff,1847-1876,LR14167 | Cardiff (1851-1867) - Donations, Expenditures, Minutes, Records",1,"21-Cardiff,1847-1876,LR14167/Images/850__M_00043.jpg | Cardiff (1851-1867) - Donations, Expenditures, Minutes, Records/850__M_00043.jpg"
850__M_00044.jpg,2,2,"21-Cardiff,1847-1876,LR14167 | Cardiff (1851-1867) - Donations, Expenditures, Minutes, Records",1,"21-Cardiff,1847-1876,LR14167/Images/850__M_00044.jpg | Cardiff (1851-1867) - Donations, Expenditures, Minutes, Records/850__M_00044.jpg"
850__M_00045.jpg,2,2,"21-Cardiff,1847-1876,LR14167 | Cardiff (1851-1867) - Donations, Expenditures, Minutes, Records",1,"21-Cardiff,1847-1876,LR14167/Images/850__M_00045.jpg | Cardiff (1851-1867) - Donations, Expenditures, Minutes, Records/850__M_00045.jpg"
850__M_00046.jpg,2,2,"21-Cardiff,1847-1876,LR14167 | Cardiff (1851-1867) - Donations, Expenditures, Minutes, Records",1,"21-Cardiff,1847-1876,LR14167/Images/850__M_00046.jpg | Cardiff (1851-1867) - Donations, Expenditures, Minutes, Records/850__M_00046.jpg"
850__M_00047.jpg,2,2,"21-Cardiff,1847-1876,LR14167 | Cardiff (1851-1867) - Donations, Expenditures, Minutes, Records",1,"21-Cardiff,1847-1876,LR14167/Images/850__M_00047.jpg | Cardiff (1851-1867) - Donations, Expenditures, Minutes, Records/850__M_00047.jpg"
850__M_00048.jpg,2,2,"21-Cardiff,1847-1876,LR14167 | Cardiff (1851-1867) - Donations, Expenditures, Minutes, Records",1,"21-Cardiff,1847-1876,LR14167/Images/850__M_00048.jpg | Cardiff (1851-1867) - Donations, Expenditures, Minutes, Records/850__M_00048.jpg"
850__M_00049.jpg,2,2,"21-Cardiff,1847-1876,LR14167 | Cardiff (1851-1867) - Donations, Expenditures, Minutes, Records",1,"21-Cardiff,1847-1876,LR14167/Images/850__M_00049.jpg | Cardiff (1851-1867) - Donations, Expenditures, Minutes, Records/850__M_00049.jpg"
850__M_00050.jpg,2,2,"21-Cardiff,1847-1876,LR14167 | Cardiff (1851-1867) - Donations, Expenditures, Minutes, Records",1,"21-Cardiff,1847-1876,LR14167/Images/850__M_00050.jpg | Cardiff (1851-1867) - Donations, Expenditures, Minutes, Records/850__M_00050.jpg"
850__M_00051.jpg,2,2,"21-Cardiff,1847-1876,LR14167 | Cardiff (1851-1867) - Donations, Expenditures, Minutes, Records",1,"21-Cardiff,1847-1876,LR14167/Images/850__M_00051.jpg | Cardiff (1851-1867) - Donations, Expenditures, Minutes, Records/850__M_00051.jpg"
850__M_00052.jpg,2,2,"21-Cardiff,1847-1876,LR14167 | Cardiff (1851-1867) - Donations, Expenditures, Minutes, Records",1,"21-Cardiff,1847-1876,LR14167/Images/850__M_00052.jpg | Cardiff (1851-1867) - Donations, Expenditures, Minutes, Records/850__M_00052.jpg"
850__M_00053.jpg,2,2,"21-Cardiff,1847-1876,LR14167 | Cardiff (1851-1867) - Donations, Expenditures, Minutes, Records",1,"21-Cardiff,1847-1876,LR14167/Images/850__M_00053.jpg | Cardiff (1851-1867) - Donations, Expenditures, Minutes, Records/850__M_00053.jpg"
850__M_00054.jpg,2,2,"21-Cardiff,1847-1876,LR14167 | Cardiff (1851-1867) - Donations, Expenditures, Minutes, Records",1,"21-Cardiff,1847-1876,LR14167/Images/850__M_00054.jpg | Cardiff (1851-1867) - Donations, Expenditures, Minutes, Records/850__M_00054.jpg"
850__M_00055.jpg,2,2,"21-Cardiff,1847-1876,LR14167 | Cardiff (1851-1867) - Donations, Expenditures, Minutes, Records",1,"21-Cardiff,1847-1876,LR14167/Images/850__M_00055.jpg | Cardiff (1851-1867) - Donations, Expenditures, Minutes, Records/850__M_00055.jpg"
850__M_00056.jpg,2,2,"21-Cardiff,1847-1876,LR14167 | Cardiff (1851-1867) - Donations, Expenditures, Minutes, Records",1,"21-Cardiff,1847-1876,LR14167/Images/850__M_00056.jpg | Cardiff (1851-1867) - Donations, Expenditures, Minutes, Records/850__M_00056.jpg"
850__M_00057.jpg,2,2,"21-Cardiff,1847-1876,LR14167 | Cardiff (1851-1867) - Donations, Expenditures, Minutes, Records",1,"21-Cardiff,1847-1876,LR14167/Images/850__M_00057.jpg | Cardiff (1851-1867) - Donations, Expenditures, Minutes, Records/850__M_00057.jpg"
850__M_00058.jpg,2,2,"21-Cardiff,1847-1876,LR14167 | Cardiff (1851-1867) - Donations, Expenditures, Minutes, Records",1,"21-Cardiff,1847-1876,LR14167/Images/850__M_00058.jpg | Cardiff (1851-1867) - Donations, Expenditures, Minutes, Records/850__M_00058.jpg"
850__M_00059.jpg,2,2,"21-Cardiff,1847-1876,LR14167 | Cardiff (1851-1867) - Donations, Expenditures, Minutes, Records",1,"21-Cardiff,1847-1876,LR14167/Images/850__M_00059.jpg | Cardiff (1851-1867) - Donations, Expenditures, Minutes, Records/850__M_00059.jpg"
850__M_00060.jpg,2,2,"21-Cardiff,1847-1876,LR14167 | Cardiff (1851-1867) - Donations, Expenditures, Minutes, Records",1,"21-Cardiff,1847-1876,LR14167/Images/850__M_00060.jpg | Cardiff (1851-1867) - Donations, Expenditures, Minutes, Records/850__M_00060.jpg"
850__M_00061.jpg,2,2,"21-Cardiff,1847-1876,LR14167 | Cardiff (1851-1867) - Donations, Expenditures, Minutes, Records",1,"21-Cardiff,1847-1876,LR14167/Images/850__M_00061.jpg | Cardiff (1851-1867) - Donations, Expenditures, Minutes, Records/850__M_00061.jpg"
850__M_00062.jpg,2,2,"21-Cardiff,1847-1876,LR14167 | Cardiff (1851-1867) - Donations, Expenditures, Minutes, Records",1,"21-Cardiff,1847-1876,LR14167/Images/850__M_00062.jpg | Cardiff (1851-1867) - Donations, Expenditures, Minutes, Records/850__M_00062.jpg"
850__M_00063.jpg,2,2,"21-Cardiff,1847-1876,LR14167 | Cardiff (1851-1867) - Donations, Expenditures, Minutes, Records",1,"21-Cardiff,1847-1876,LR14167/Images/850__M_00063.jpg | Cardiff (1851-1867) - Donations, Expenditures, Minutes, Records/850__M_00063.jpg"
850__M_00064.jpg,2,2,"21-Cardiff,1847-1876,LR14167 | Cardiff (1851-1867) - Donations, Expenditures, Minutes, Records",1,"21-Cardiff,1847-1876,LR14167/Images/850__M_00064.jpg | Cardiff (1851-1867) - Donations, Expenditures, Minutes, Records/850__M_00064.jpg"
850__M_00065.jpg,2,2,"21-Cardiff,1847-1876,LR14167 | Cardiff (1851-1867) - Donations, Expenditures, Minutes, Records",1,"21-Cardiff,1847-1876,LR14167/Images/850__M_00065.jpg | Cardiff (1851-1867) - Donations, Expenditures, Minutes, Records/850__M_00065.jpg"
850__M_00066.jpg,2,2,"21-Cardiff,1847-1876,LR14167 | Cardiff (1851-1867) - Donations, Expenditures, Minutes, Records",1,"21-Cardiff,1847-1876,LR14167/Images/850__M_00066.jpg | Cardiff (1851-1867) - Donations, Expenditures, Minutes, Records/850__M_00066.jpg"
850__M_00067.jpg,2,2,"21-Cardiff,1847-1876,LR14167 | Cardiff (1851-1867) - Donations, Expenditures, Minutes, Records",1,"21-Cardiff,1847-1876,LR14167/Images/850__M_00067.jpg | Cardiff (1851-1867) - Donations, Expenditures, Minutes, Records/850__M_00067.jpg"
850__M_00068.jpg,2,2,"21-Cardiff,1847-1876,LR14167 | Cardiff (1851-1867) - Donations, Expenditures, Minutes, Records",1,"21-Cardiff,1847-1876,LR14167/Images/850__M_00068.jpg | Cardiff (1851-1867) - Donations, Expenditures, Minutes, Records/850__M_00068.jpg"
850__M_00069.jpg,2,2,"21-Cardiff,1847-1876,LR14167 | Cardiff (1851-1867) - Donations, Expenditures, Minutes, Records",1,"21-Cardiff,1847-1876,LR14167/Images/850__M_00069.jpg | Cardiff (1851-1867) - Donations, Expenditures, Minutes, Records/850__M_00069.jpg"
850__M_00070.jpg,2,2,"21-Cardiff,1847-1876,LR14167 | Cardiff (1851-1867) - Donations, Expenditures, Minutes, Records",1,"21-Cardiff,1847-1876,LR14167/Images/850__M_00070.jpg | Cardiff (1851-1867) - Donations, Expenditures, Minutes, Records/850__M_00070.jpg"
850__M_00071.jpg,2,2,"21-Cardiff,1847-1876,LR14167 | Cardiff (1851-1867) - Donations, Expenditures, Minutes, Records",1,"21-Cardiff,1847-1876,LR14167/Images/850__M_00071.jpg | Cardiff (1851-1867) - Donations, Expenditures, Minutes, Records/850__M_00071.jpg"
850__M_00072.jpg,2,2,"21-Cardiff,1847-1876,LR14167 | Cardiff (1851-1867) - Donations, Expenditures, Minutes, Records",1,"21-Cardiff,1847-1876,LR14167/Images/850__M_00072.jpg | Cardiff (1851-1867) - Donations, Expenditures, Minutes, Records/850__M_00072.jpg"
850__M_00073.jpg,2,2,"21-Cardiff,1847-1876,LR14167 | Cardiff (1851-1867) - Donations, Expenditures, Minutes, Records",1,"21-Cardiff,1847-1876,LR14167/Images/850__M_00073.jpg | Cardiff (1851-1867) - Donations, Expenditures, Minutes, Records/850__M_00073.jpg"
850__M_00074.jpg,2,2,"21-Cardiff,1847-1876,LR14167 | Cardiff (1851-1867) - Donations, Expenditures, Minutes, Records",1,"21-Cardiff,1847-1876,LR14167/Images/850__M_00074.jpg | Cardiff (1851-1867) - Donations, Expenditures, Minutes, Records/850__M_00074.jpg"
850__M_00075.jpg,2,2,"21-Cardiff,1847-1876,LR14167 | Cardiff (1851-1867) - Donations, Expenditures, Minutes, Records",1,"21-Cardiff,1847-1876,LR14167/Images/850__M_00075.jpg | Cardiff (1851-1867) - Donations, Expenditures, Minutes, Records/850__M_00075.jpg"
850__M_00076.jpg,2,2,"21-Cardiff,1847-1876,LR14167 | Cardiff (1851-1867) - Donations, Expenditures, Minutes, Records",1,"21-Cardiff,1847-1876,LR14167/Images/850__M_00076.jpg | Cardiff (1851-1867) - Donations, Expenditures, Minutes, Records/850__M_00076.jpg"
850__M_00077.jpg,2,2,"21-Cardiff,1847-1876,LR14167 | Cardiff (1851-1867) - Donations, Expenditures, Minutes, Records",1,"21-Cardiff,1847-1876,LR14167/Images/850__M_00077.jpg | Cardiff (1851-1867) - Donations, Expenditures, Minutes, Records/850__M_00077.jpg"
850__M_00078.jpg,2,2,"21-Cardiff,1847-1876,LR14167 | Cardiff (1851-1867) - Donations, Expenditures, Minutes, Records",1,"21-Cardiff,1847-1876,LR14167/Images/850__M_00078.jpg | Cardiff (1851-1867) - Donations, Expenditures, Minutes, Records/850__M_00078.jpg"
850__M_00079.jpg,2,2,"21-Cardiff,1847-1876,LR14167 | Cardiff (1851-1867) - Donations, Expenditures, Minutes, Records",1,"21-Cardiff,1847-1876,LR14167/Images/850__M_00079.jpg | Cardiff (1851-1867) - Donations, Expenditures, Minutes, Records/850__M_00079.jpg"
850__M_00080.jpg,2,2,"21-Cardiff,1847-1876,LR14167 | Cardiff (1851-1867) - Donations, Expenditures, Minutes, Records",1,"21-Cardiff,1847-1876,LR14167/Images/850__M_00080.jpg | Cardiff (1851-1867) - Donations, Expenditures, Minutes, Records/850__M_00080.jpg"
850__M_00081.jpg,2,2,"21-Cardiff,1847-1876,LR14167 | Cardiff (1851-1867) - Donations, Expenditures, Minutes, Records",1,"21-Cardiff,1847-1876,LR14167/Images/850__M_00081.jpg | Cardiff (1851-1867) - Donations, Expenditures, Minutes, Records/850__M_00081.jpg"
850__M_00082.jpg,2,2,"21-Cardiff,1847-1876,LR14167 | Cardiff (1851-1867) - Donations, Expenditures, Minutes, Records",1,"21-Cardiff,1847-1876,LR14167/Images/850__M_00082.jpg | Cardiff (1851-1867) - Donations, Expenditures, Minutes, Records/850__M_00082.jpg"
850__M_00083.jpg,2,2,"21-Cardiff,1847-1876,LR14167 | Cardiff (1851-1867) - Donations, Expenditures, Minutes, Records",1,"21-Cardiff,1847-1876,LR14167/Images/850__M_00083.jpg | Cardiff (1851-1867) - Donations, Expenditures, Minutes, Records/850__M_00083.jpg"
850__M_00084.jpg,2,2,"21-Cardiff,1847-1876,LR14167 | Cardiff (1851-1867) - Donations, Expenditures, Minutes, Records",1,"21-Cardiff,1847-1876,LR14167/Images/850__M_00084.jpg | Cardiff (1851-1867) - Donations, Expenditures, Minutes, Records/850__M_00084.jpg"
850__M_00085.jpg,2,2,"21-Cardiff,1847-1876,LR14167 | Cardiff (1851-1867) - Donations, Expenditures, Minutes, Records",1,"21-Cardiff,1847-1876,LR14167/Images/850__M_00085.jpg | Cardiff (1851-1867) - Donations, Expenditures, Minutes, Records/850__M_00085.jpg"
850__M_00086.jpg,2,2,"21-Cardiff,1847-1876,LR14167 | Cardiff (1851-1867) - Donations, Expenditures, Minutes, Records",1,"21-Cardiff,1847-1876,LR14167/Images/850__M_00086.jpg | Cardiff (1851-1867) - Donations, Expenditures, Minutes, Records/850__M_00086.jpg"
850__M_00087.jpg,2,2,"21-Cardiff,1847-1876,LR14167 | Cardiff (1851-1867) - Donations, Expenditures, Minutes, Records",1,"21-Cardiff,1847-1876,LR14167/Images/850__M_00087.jpg | Cardiff (1851-1867) - Donations, Expenditures, Minutes, Records/850__M_00087.jpg"
850__M_00088.jpg,2,2,"21-Cardiff,1847-1876,LR14167 | Cardiff (1851-1867) - Donations, Expenditures, Minutes, Records",1,"21-Cardiff,1847-1876,LR14167/Images/850__M_00088.jpg | Cardiff (1851-1867) - Donations, Expenditures, Minutes, Records/850__M_00088.jpg"
850__M_00089.jpg,2,2,"21-Cardiff,1847-1876,LR14167 | Cardiff (1851-1867) - Donations, Expenditures, Minutes, Records",1,"21-Cardiff,1847-1876,LR14167/Images/850__M_00089.jpg | Cardiff (1851-1867) - Donations, Expenditures, Minutes, Records/850__M_00089.jpg"
850__M_00090.jpg,2,2,"21-Cardiff,1847-1876,LR14167 | Cardiff (1851-1867) - Donations, Expenditures, Minutes, Records",1,"21-Cardiff,1847-1876,LR14167/Images/850__M_00090.jpg | Cardiff (1851-1867) - Donations, Expenditures, Minutes, Records/850__M_00090.jpg"
850__M_00091.jpg,2,2,"21-Cardiff,1847-1876,LR14167 | Cardiff (1851-1867) - Donations, Expenditures, Minutes, Records",1,"21-Cardiff,1847-1876,LR14167/Images/850__M_00091.jpg | Cardiff (1851-1867) - Donations, Expenditures, Minutes, Records/850__M_00091.jpg"
850__M_00092.jpg,2,2,"21-Cardiff,1847-1876,LR14167 | Cardiff (1851-1867) - Donations, Expenditures, Minutes, Records",1,"21-Cardiff,1847-1876,LR14167/Images/850__M_00092.jpg | Cardiff (1851-1867) - Donations, Expenditures, Minutes, Records/850__M_00092.jpg"
850__M_00093.jpg,2,2,"21-Cardiff,1847-1876,LR14167 | Cardiff (1851-1867) - Donations, Expenditures, Minutes, Records",1,"21-Cardiff,1847-1876,LR14167/Images/850__M_00093.jpg | Cardiff (1851-1867) - Donations, Expenditures, Minutes, Records/850__M_00093.jpg"
850__M_00094.jpg,2,2,"21-Cardiff,1847-1876,LR14167 | Cardiff (1851-1867) - Donations, Expenditures, Minutes, Records",1,"21-Cardiff,1847-1876,LR14167/Images/850__M_00094.jpg | Cardiff (1851-1867) - Donations, Expenditures, Minutes, Records/850__M_00094.jpg"
850__M_00095.jpg,2,2,"21-Cardiff,1847-1876,LR14167 | Cardiff (1851-1867) - Donations, Expenditures, Minutes, Records",1,"21-Cardiff,1847-1876,LR14167/Images/850__M_00095.jpg | Cardiff (1851-1867) - Donations, Expenditures, Minutes, Records/850__M_00095.jpg"
850__M_00096.jpg,2,2,"21-Cardiff,1847-1876,LR14167 | Cardiff (1851-1867) - Donations, Expenditures, Minutes, Records",1,"21-Cardiff,1847-1876,LR14167/Images/850__M_00096.jpg | Cardiff (1851-1867) - Donations, Expenditures, Minutes, Records/850__M_00096.jpg"
850__M_00097.jpg,2,2,"21-Cardiff,1847-1876,LR14167 | Cardiff (1851-1867) - Donations, Expenditures, Minutes, Records",1,"21-Cardiff,1847-1876,LR14167/Images/850__M_00097.jpg | Cardiff (1851-1867) - Donations, Expenditures, Minutes, Records/850__M_00097.jpg"
850__M_00098.jpg,2,2,"21-Cardiff,1847-1876,LR14167 | Cardiff (1851-1867) - Donations, Expenditures, Minutes, Records",1,"21-Cardiff,1847-1876,LR14167/Images/850__M_00098.jpg | Cardiff (1851-1867) - Donations, Expenditures, Minutes, Records/850__M_00098.jpg"
850__M_00099.jpg,2,2,"21-Cardiff,1847-1876,LR14167 | Cardiff (1851-1867) - Donations, Expenditures, Minutes, Records",1,"21-Cardiff,1847-1876,LR14167/Images/850__M_00099.jpg | Cardiff (1851-1867) - Donations, Expenditures, Minutes, Records/850__M_00099.jpg"
850__M_00100.jpg,2,2,"21-Cardiff,1847-1876,LR14167 | Cardiff (1851-1867) - Donations, Expenditures, Minutes, Records",1,"21-Cardiff,1847-1876,LR14167/Images/850__M_00100.jpg | Cardiff (1851-1867) - Donations, Expenditures, Minutes, Records/850__M_00100.jpg"
850__M_00101.jpg,2,2,"21-Cardiff,1847-1876,LR14167 | Cardiff (1851-1867) - Donations, Expenditures, Minutes, Records",1,"21-Cardiff,1847-1876,LR14167/Images/850__M_00101.jpg | Cardiff (1851-1867) - Donations, Expenditures, Minutes, Records/850__M_00101.jpg"
850__M_00102.jpg,2,2,"21-Cardiff,1847-1876,LR14167 | Cardiff (1851-1867) - Donations, Expenditures, Minutes, Records",1,"21-Cardiff,1847-1876,LR14167/Images/850__M_00102.jpg | Cardiff (1851-1867) - Donations, Expenditures, Minutes, Records/850__M_00102.jpg"
850__M_00103.jpg,2,2,"21-Cardiff,1847-1876,LR14167 | Cardiff (1851-1867) - Donations, Expenditures, Minutes, Records",1,"21-Cardiff,1847-1876,LR14167/Images/850__M_00103.jpg | Cardiff (1851-1867) - Donations, Expenditures, Minutes, Records/850__M_00103.jpg"
850__M_00104.jpg,2,2,"21-Cardiff,1847-1876,LR14167 | Cardiff (1851-1867) - Donations, Expenditures, Minutes, Records",1,"21-Cardiff,1847-1876,LR14167/Images/850__M_00104.jpg | Cardiff (1851-1867) - Donations, Expenditures, Minutes, Records/850__M_00104.jpg"
850__M_00105.jpg,2,2,"21-Cardiff,1847-1876,LR14167 | Cardiff (1851-1867) - Donations, Expenditures, Minutes, Records",1,"21-Cardiff,1847-1876,LR14167/Images/850__M_00105.jpg | Cardiff (1851-1867) - Donations, Expenditures, Minutes, Records/850__M_00105.jpg"
850__M_00106.jpg,2,2,"21-Cardiff,1847-1876,LR14167 | Cardiff (1851-1867) - Donations, Expenditures, Minutes, Records",1,"21-Cardiff,1847-1876,LR14167/Images/850__M_00106.jpg | Cardiff (1851-1867) - Donations, Expenditures, Minutes, Records/850__M_00106.jpg"
850__M_00107.jpg,2,2,"21-Cardiff,1847-1876,LR14167 | Cardiff (1851-1867) - Donations, Expenditures, Minutes, Records",1,"21-Cardiff,1847-1876,LR14167/Images/850__M_00107.jpg | Cardiff (1851-1867) - Donations, Expenditures, Minutes, Records/850__M_00107.jpg"
850__M_00108.jpg,2,2,"21-Cardiff,1847-1876,LR14167 | Cardiff (1851-1867) - Donations, Expenditures, Minutes, Records",1,"21-Cardiff,1847-1876,LR14167/Images/850__M_00108.jpg | Cardiff (1851-1867) - Donations, Expenditures, Minutes, Records/850__M_00108.jpg"
850__M_00109.jpg,2,2,"21-Cardiff,1847-1876,LR14167 | Cardiff (1851-1867) - Donations, Expenditures, Minutes, Records",1,"21-Cardiff,1847-1876,LR14167/Images/850__M_00109.jpg | Cardiff (1851-1867) - Donations, Expenditures, Minutes, Records/850__M_00109.jpg"
850__M_00110.jpg,2,2,"21-Cardiff,1847-1876,LR14167 | Cardiff (1851-1867) - Donations, Expenditures, Minutes, Records",1,"21-Cardiff,1847-1876,LR14167/Images/850__M_00110.jpg | Cardiff (1851-1867) - Donations, Expenditures, Minutes, Records/850__M_00110.jpg"
850__M_00111.jpg,2,2,"21-Cardiff,1847-1876,LR14167 | Cardiff (1851-1867) - Donations, Expenditures, Minutes, Records",1,"21-Cardiff,1847-1876,LR14167/Images/850__M_00111.jpg | Cardiff (1851-1867) - Donations, Expenditures, Minutes, Records/850__M_00111.jpg"
850__M_00112.jpg,2,2,"21-Cardiff,1847-1876,LR14167 | Cardiff (1851-1867) - Donations, Expenditures, Minutes, Records",1,"21-Cardiff,1847-1876,LR14167/Images/850__M_00112.jpg | Cardiff (1851-1867) - Donations, Expenditures, Minutes, Records/850__M_00112.jpg"
850__M_00113.jpg,2,2,"21-Cardiff,1847-1876,LR14167 | Cardiff (1851-1867) - Donations, Expenditures, Minutes, Records",1,"21-Cardiff,1847-1876,LR14167/Images/850__M_00113.jpg | Cardiff (1851-1867) - Donations, Expenditures, Minutes, Records/850__M_00113.jpg"
850__M_00114.jpg,2,2,"21-Cardiff,1847-1876,LR14167 | Cardiff (1851-1867) - Donations, Expenditures, Minutes, Records",1,"21-Cardiff,1847-1876,LR14167/Images/850__M_00114.jpg | Cardiff (1851-1867) - Donations, Expenditures, Minutes, Records/850__M_00114.jpg"
850__M_00115.jpg,2,2,"21-Cardiff,1847-1876,LR14167 | Cardiff (1851-1867) - Donations, Expenditures, Minutes, Records",1,"21-Cardiff,1847-1876,LR14167/Images/850__M_00115.jpg | Cardiff (1851-1867) - Donations, Expenditures, Minutes, Records/850__M_00115.jpg"
850__M_00116.jpg,2,2,"21-Cardiff,1847-1876,LR14167 | Cardiff (1851-1867) - Donations, Expenditures, Minutes, Records",1,"21-Cardiff,1847-1876,LR14167/Images/850__M_00116.jpg | Cardiff (1851-1867) - Donations, Expenditures, Minutes, Records/850__M_00116.jpg"
850__M_00117.jpg,2,2,"21-Cardiff,1847-1876,LR14167 | Cardiff (1851-1867) - Donations, Expenditures, Minutes, Records",1,"21-Cardiff,1847-1876,LR14167/Images/850__M_00117.jpg | Cardiff (1851-1867) - Donations, Expenditures, Minutes, Records/850__M_00117.jpg"
850__M_00118.jpg,2,2,"21-Cardiff,1847-1876,LR14167 | Cardiff (1851-1867) - Donations, Expenditures, Minutes, Records",1,"21-Cardiff,1847-1876,LR14167/Images/850__M_00118.jpg | Cardiff (1851-1867) - Donations, Expenditures, Minutes, Records/850__M_00118.jpg"
850__M_00119.jpg,2,2,"21-Cardiff,1847-1876,LR14167 | Cardiff (1851-1867) - Donations, Expenditures, Minutes, Records",1,"21-Cardiff,1847-1876,LR14167/Images/850__M_00119.jpg | Cardiff (1851-1867) - Donations, Expenditures, Minutes, Records/850__M_00119.jpg"
850__M_00120.jpg,2,2,"21-Cardiff,1847-1876,LR14167 | Cardiff (1851-1867) - Donations, Expenditures, Minutes, Records",1,"21-Cardiff,1847-1876,LR14167/Images/850__M_00120.jpg | Cardiff (1851-1867) - Donations, Expenditures, Minutes, Records/850__M_00120.jpg"
850__M_00121.jpg,2,2,"21-Cardiff,1847-1876,LR14167 | Cardiff (1851-1867) - Donations, Expenditures, Minutes, Records",1,"21-Cardiff,1847-1876,LR14167/Images/850__M_00121.jpg | Cardiff (1851-1867) - Donations, Expenditures, Minutes, Records/850__M_00121.jpg"
850__M_00122.jpg,2,2,"21-Cardiff,1847-1876,LR14167 | Cardiff (1851-1867) - Donations, Expenditures, Minutes, Records",1,"21-Cardiff,1847-1876,LR14167/Images/850__M_00122.jpg | Cardiff (1851-1867) - Donations, Expenditures, Minutes, Records/850__M_00122.jpg"
850__M_00123.jpg,2,2,"21-Cardiff,1847-1876,LR14167 | Cardiff (1851-1867) - Donations, Expenditures, Minutes, Records",1,"21-Cardiff,1847-1876,LR14167/Images/850__M_00123.jpg | Cardiff (1851-1867) - Donations, Expenditures, Minutes, Records/850__M_00123.jpg"
850__M_00124.jpg,2,2,"21-Cardiff,1847-1876,LR14167 | Cardiff (1851-1867) - Donations, Expenditures, Minutes, Records",1,"21-Cardiff,1847-1876,LR14167/Images/850__M_00124.jpg | Cardiff (1851-1867) - Donations, Expenditures, Minutes, Records/850__M_00124.jpg"
850__M_00125.jpg,2,2,"21-Cardiff,1847-1876,LR14167 | Cardiff (1851-1867) - Donations, Expenditures, Minutes, Records",1,"21-Cardiff,1847-1876,LR14167/Images/850__M_00125.jpg | Cardiff (1851-1867) - Donations, Expenditures, Minutes, Records/850__M_00125.jpg"
850__M_00126.jpg,2,2,"21-Cardiff,1847-1876,LR14167 | Cardiff (1851-1867) - Donations, Expenditures, Minutes, Records",1,"21-Cardiff,1847-1876,LR14167/Images/850__M_00126.jpg | Cardiff (1851-1867) - Donations, Expenditures, Minutes, Records/850__M_00126.jpg"
850__M_00127.jpg,2,2,"21-Cardiff,1847-1876,LR14167 | Cardiff (1851-1867) - Donations, Expenditures, Minutes, Records",1,"21-Cardiff,1847-1876,LR14167/Images/850__M_00127.jpg | Cardiff (1851-1867) - Donations, Expenditures, Minutes, Records/850__M_00127.jpg"
850__M_00128.jpg,2,2,"21-Cardiff,1847-1876,LR14167 | Cardiff (1851-1867) - Donations, Expenditures, Minutes, Records",1,"21-Cardiff,1847-1876,LR14167/Images/850__M_00128.jpg | Cardiff (1851-1867) - Donations, Expenditures, Minutes, Records/850__M_00128.jpg"
850__M_00129.jpg,2,2,"21-Cardiff,1847-1876,LR14167 | Cardiff (1851-1867) - Donations, Expenditures, Minutes, Records",1,"21-Cardiff,1847-1876,LR14167/Images/850__M_00129.jpg | Cardiff (1851-1867) - Donations, Expenditures, Minutes, Records/850__M_00129.jpg"
850__M_00130.jpg,2,2,"21-Cardiff,1847-1876,LR14167 | Cardiff (1851-1867) - Donations, Expenditures, Minutes, Records",1,"21-Cardiff,1847-1876,LR14167/Images/850__M_00130.jpg | Cardiff (1851-1867) - Donations, Expenditures, Minutes, Records/850__M_00130.jpg"
850__M_00131.jpg,2,2,"21-Cardiff,1847-1876,LR14167 | Cardiff (1851-1867) - Donations, Expenditures, Minutes, Records",1,"21-Cardiff,1847-1876,LR14167/Images/850__M_00131.jpg | Cardiff (1851-1867) - Donations, Expenditures, Minutes, Records/850__M_00131.jpg"
850__M_00132.jpg,2,2,"21-Cardiff,1847-1876,LR14167 | Cardiff (1851-1867) - Donations, Expenditures, Minutes, Records",1,"21-Cardiff,1847-1876,LR14167/Images/850__M_00132.jpg | Cardiff (1851-1867) - Donations, Expenditures, Minutes, Records/850__M_00132.jpg"
850__M_00133.jpg,2,2,"21-Cardiff,1847-1876,LR14167 | Cardiff (1851-1867) - Donations, Expenditures, Minutes, Records",1,"21-Cardiff,1847-1876,LR14167/Images/850__M_00133.jpg | Cardiff (1851-1867) - Donations, Expenditures, Minutes, Records/850__M_00133.jpg"
850__M_00134.jpg,2,2,"21-Cardiff,1847-1876,LR14167 | Cardiff (1851-1867) - Donations, Expenditures, Minutes, Records",1,"21-Cardiff,1847-1876,LR14167/Images/850__M_00134.jpg | Cardiff (1851-1867) - Donations, Expenditures, Minutes, Records/850__M_00134.jpg"
850__M_00135.jpg,2,2,"21-Cardiff,1847-1876,LR14167 | Cardiff (1851-1867) - Donations, Expenditures, Minutes, Records",1,"21-Cardiff,1847-1876,LR14167/Images/850__M_00135.jpg | Cardiff (1851-1867) - Donations, Expenditures, Minutes, Records/850__M_00135.jpg"
850__M_00136.jpg,2,2,"21-Cardiff,1847-1876,LR14167 | Cardiff (1851-1867) - Donations, Expenditures, Minutes, Records",1,"21-Cardiff,1847-1876,LR14167/Images/850__M_00136.jpg | Cardiff (1851-1867) - Donations, Expenditures, Minutes, Records/850__M_00136.jpg"
850__M_00137.jpg,2,2,"21-Cardiff,1847-1876,LR14167 | Cardiff (1851-1867) - Donations, Expenditures, Minutes, Records",1,"21-Cardiff,1847-1876,LR14167/Images/850__M_00137.jpg | Cardiff (1851-1867) - Donations, Expenditures, Minutes, Records/850__M_00137.jpg"
850__M_00138.jpg,2,2,"21-Cardiff,1847-1876,LR14167 | Cardiff (1851-1867) - Donations, Expenditures, Minutes, Records",1,"21-Cardiff,1847-1876,LR14167/Images/850__M_00138.jpg | Cardiff (1851-1867) - Donations, Expenditures, Minutes, Records/850__M_00138.jpg"
850__M_00139.jpg,2,2,"21-Cardiff,1847-1876,LR14167 | Cardiff (1851-1867) - Donations, Expenditures, Minutes, Records",1,"21-Cardiff,1847-1876,LR14167/Images/850__M_00139.jpg | Cardiff (1851-1867) - Donations, Expenditures, Minutes, Records/850__M_00139.jpg"
850__M_00140.jpg,2,2,"21-Cardiff,1847-1876,LR14167 | Cardiff (1851-1867) - Donations, Expenditures, Minutes, Records",1,"21-Cardiff,1847-1876,LR14167/Images/850__M_00140.jpg | Cardiff (1851-1867) - Donations, Expenditures, Minutes, Records/850__M_00140.jpg"
850__M_00141.jpg,2,2,"21-Cardiff,1847-1876,LR14167 | Cardiff (1851-1867) - Donations, Expenditures, Minutes, Records",1,"21-Cardiff,1847-1876,LR14167/Images/850__M_00141.jpg | Cardiff (1851-1867) - Donations, Expenditures, Minutes, Records/850__M_00141.jpg"
850__M_00142.jpg,2,2,"21-Cardiff,1847-1876,LR14167 | Cardiff (1851-1867) - Donations, Expenditures, Minutes, Records",1,"21-Cardiff,1847-1876,LR14167/Images/850__M_00142.jpg | Cardiff (1851-1867) - Donations, Expenditures, Minutes, Records/850__M_00142.jpg"
892__M_00001.jpg,2,2,"20-Rhymney,1850-1887,LR124517 | Gymner (1852-1857, 1863) - Minutes",1,"20-Rhymney,1850-1887,LR124517/Images/892__M_00001.jpg | Gymner (1852-1857, 1863) - Minutes/892__M_00001.jpg"
892__M_00002.jpg,2,2,"20-Rhymney,1850-1887,LR124517 | Gymner (1852-1857, 1863) - Minutes",1,"20-Rhymney,1850-1887,LR124517/Images/892__M_00002.jpg | Gymner (1852-1857, 1863) - Minutes/892__M_00002.jpg"
892__M_00003.jpg,2,2,"20-Rhymney,1850-1887,LR124517 | Gymner (1852-1857, 1863) - Minutes",1,"20-Rhymney,1850-1887,LR124517/Images/892__M_00003.jpg | Gymner (1852-1857, 1863) - Minutes/892__M_00003.jpg"
892__M_00004.jpg,2,2,"20-Rhymney,1850-1887,LR124517 | Gymner (1852-1857, 1863) - Minutes",1,"20-Rhymney,1850-1887,LR124517/Images/892__M_00004.jpg | Gymner (1852-1857, 1863) - Minutes/892__M_00004.jpg"
892__M_00005.jpg,2,2,"20-Rhymney,1850-1887,LR124517 | Gymner (1852-1857, 1863) - Minutes",1,"20-Rhymney,1850-1887,LR124517/Images/892__M_00005.jpg | Gymner (1852-1857, 1863) - Minutes/892__M_00005.jpg"
892__M_00006.jpg,2,2,"20-Rhymney,1850-1887,LR124517 | Gymner (1852-1857, 1863) - Minutes",1,"20-Rhymney,1850-1887,LR124517/Images/892__M_00006.jpg | Gymner (1852-1857, 1863) - Minutes/892__M_00006.jpg"
892__M_00007.jpg,2,2,"20-Rhymney,1850-1887,LR124517 | Gymner (1852-1857, 1863) - Minutes",1,"20-Rhymney,1850-1887,LR124517/Images/892__M_00007.jpg | Gymner (1852-1857, 1863) - Minutes/892__M_00007.jpg"
892__M_00008.jpg,2,2,"20-Rhymney,1850-1887,LR124517 | Gymner (1852-1857, 1863) - Minutes",1,"20-Rhymney,1850-1887,LR124517/Images/892__M_00008.jpg | Gymner (1852-1857, 1863) - Minutes/892__M_00008.jpg"
892__M_00009.jpg,2,2,"20-Rhymney,1850-1887,LR124517 | Gymner (1852-1857, 1863) - Minutes",1,"20-Rhymney,1850-1887,LR124517/Images/892__M_00009.jpg | Gymner (1852-1857, 1863) - Minutes/892__M_00009.jpg"
892__M_00010.jpg,2,2,"20-Rhymney,1850-1887,LR124517 | Gymner (1852-1857, 1863) - Minutes",1,"20-Rhymney,1850-1887,LR124517/Images/892__M_00010.jpg | Gymner (1852-1857, 1863) - Minutes/892__M_00010.jpg"
892__M_00011.jpg,2,2,"20-Rhymney,1850-1887,LR124517 | Gymner (1852-1857, 1863) - Minutes",1,"20-Rhymney,1850-1887,LR124517/Images/892__M_00011.jpg | Gymner (1852-1857, 1863) - Minutes/892__M_00011.jpg"
892__M_00012.jpg,2,2,"20-Rhymney,1850-1887,LR124517 | Gymner (1852-1857, 1863) - Minutes",1,"20-Rhymney,1850-1887,LR124517/Images/892__M_00012.jpg | Gymner (1852-1857, 1863) - Minutes/892__M_00012.jpg"
892__M_00013.jpg,2,2,"20-Rhymney,1850-1887,LR124517 | Gymner (1852-1857, 1863) - Minutes",1,"20-Rhymney,1850-1887,LR124517/Images/892__M_00013.jpg | Gymner (1852-1857, 1863) - Minutes/892__M_00013.jpg"
892__M_00014.jpg,2,2,"20-Rhymney,1850-1887,LR124517 | Gymner (1852-1857, 1863) - Minutes",1,"20-Rhymney,1850-1887,LR124517/Images/892__M_00014.jpg | Gymner (1852-1857, 1863) - Minutes/892__M_00014.jpg"
892__M_00015.jpg,2,2,"20-Rhymney,1850-1887,LR124517 | Gymner (1852-1857, 1863) - Minutes",1,"20-Rhymney,1850-1887,LR124517/Images/892__M_00015.jpg | Gymner (1852-1857, 1863) - Minutes/892__M_00015.jpg"
892__M_00016.jpg,2,2,"20-Rhymney,1850-1887,LR124517 | Gymner (1852-1857, 1863) - Minutes",1,"20-Rhymney,1850-1887,LR124517/Images/892__M_00016.jpg | Gymner (1852-1857, 1863) - Minutes/892__M_00016.jpg"
892__M_00017.jpg,2,2,"20-Rhymney,1850-1887,LR124517 | Gymner (1852-1857, 1863) - Minutes",1,"20-Rhymney,1850-1887,LR124517/Images/892__M_00017.jpg | Gymner (1852-1857, 1863) - Minutes/892__M_00017.jpg"
892__M_00018.jpg,2,2,"20-Rhymney,1850-1887,LR124517 | Gymner (1852-1857, 1863) - Minutes",1,"20-Rhymney,1850-1887,LR124517/Images/892__M_00018.jpg | Gymner (1852-1857, 1863) - Minutes/892__M_00018.jpg"
892__M_00019.jpg,2,2,"20-Rhymney,1850-1887,LR124517 | Gymner (1852-1857, 1863) - Minutes",1,"20-Rhymney,1850-1887,LR124517/Images/892__M_00019.jpg | Gymner (1852-1857, 1863) - Minutes/892__M_00019.jpg"
892__M_00020.jpg,2,2,"20-Rhymney,1850-1887,LR124517 | Gymner (1852-1857, 1863) - Minutes",1,"20-Rhymney,1850-1887,LR124517/Images/892__M_00020.jpg | Gymner (1852-1857, 1863) - Minutes/892__M_00020.jpg"
892__M_00021.jpg,2,2,"20-Rhymney,1850-1887,LR124517 | Gymner (1852-1857, 1863) - Minutes",1,"20-Rhymney,1850-1887,LR124517/Images/892__M_00021.jpg | Gymner (1852-1857, 1863) - Minutes/892__M_00021.jpg"
892__M_00022.jpg,2,2,"20-Rhymney,1850-1887,LR124517 | Gymner (1852-1857, 1863) - Minutes",1,"20-Rhymney,1850-1887,LR124517/Images/892__M_00022.jpg | Gymner (1852-1857, 1863) - Minutes/892__M_00022.jpg"
892__M_00023.jpg,2,2,"20-Rhymney,1850-1887,LR124517 | Gymner (1852-1857, 1863) - Minutes",1,"20-Rhymney,1850-1887,LR124517/Images/892__M_00023.jpg | Gymner (1852-1857, 1863) - Minutes/892__M_00023.jpg"
892__M_00024.jpg,2,2,"20-Rhymney,1850-1887,LR124517 | Gymner (1852-1857, 1863) - Minutes",1,"20-Rhymney,1850-1887,LR124517/Images/892__M_00024.jpg | Gymner (1852-1857, 1863) - Minutes/892__M_00024.jpg"
892__M_00025.jpg,2,2,"20-Rhymney,1850-1887,LR124517 | Gymner (1852-1857, 1863) - Minutes",1,"20-Rhymney,1850-1887,LR124517/Images/892__M_00025.jpg | Gymner (1852-1857, 1863) - Minutes/892__M_00025.jpg"
892__M_00026.jpg,2,2,"20-Rhymney,1850-1887,LR124517 | Gymner (1852-1857, 1863) - Minutes",1,"20-Rhymney,1850-1887,LR124517/Images/892__M_00026.jpg | Gymner (1852-1857, 1863) - Minutes/892__M_00026.jpg"
892__M_00027.jpg,2,2,"20-Rhymney,1850-1887,LR124517 | Gymner (1852-1857, 1863) - Minutes",1,"20-Rhymney,1850-1887,LR124517/Images/892__M_00027.jpg | Gymner (1852-1857, 1863) - Minutes/892__M_00027.jpg"
892__M_00028.jpg,2,2,"20-Rhymney,1850-1887,LR124517 | Gymner (1852-1857, 1863) - Minutes",1,"20-Rhymney,1850-1887,LR124517/Images/892__M_00028.jpg | Gymner (1852-1857, 1863) - Minutes/892__M_00028.jpg"
892__M_00029.jpg,2,2,"20-Rhymney,1850-1887,LR124517 | Gymner (1852-1857, 1863) - Minutes",1,"20-Rhymney,1850-1887,LR124517/Images/892__M_00029.jpg | Gymner (1852-1857, 1863) - Minutes/892__M_00029.jpg"
892__M_00030.jpg,2,2,"20-Rhymney,1850-1887,LR124517 | Gymner (1852-1857, 1863) - Minutes",1,"20-Rhymney,1850-1887,LR124517/Images/892__M_00030.jpg | Gymner (1852-1857, 1863) - Minutes/892__M_00030.jpg"
892__M_00031.jpg,2,2,"20-Rhymney,1850-1887,LR124517 | Gymner (1852-1857, 1863) - Minutes",1,"20-Rhymney,1850-1887,LR124517/Images/892__M_00031.jpg | Gymner (1852-1857, 1863) - Minutes/892__M_00031.jpg"
892__M_00032.jpg,2,2,"20-Rhymney,1850-1887,LR124517 | Gymner (1852-1857, 1863) - Minutes",1,"20-Rhymney,1850-1887,LR124517/Images/892__M_00032.jpg | Gymner (1852-1857, 1863) - Minutes/892__M_00032.jpg"
892__M_00033.jpg,2,2,"20-Rhymney,1850-1887,LR124517 | Gymner (1852-1857, 1863) - Minutes",1,"20-Rhymney,1850-1887,LR124517/Images/892__M_00033.jpg | Gymner (1852-1857, 1863) - Minutes/892__M_00033.jpg"
892__M_00034.jpg,2,2,"20-Rhymney,1850-1887,LR124517 | Gymner (1852-1857, 1863) - Minutes",1,"20-Rhymney,1850-1887,LR124517/Images/892__M_00034.jpg | Gymner (1852-1857, 1863) - Minutes/892__M_00034.jpg"
892__M_00035.jpg,2,2,"20-Rhymney,1850-1887,LR124517 | Gymner (1852-1857, 1863) - Minutes",1,"20-Rhymney,1850-1887,LR124517/Images/892__M_00035.jpg | Gymner (1852-1857, 1863) - Minutes/892__M_00035.jpg"
892__M_00036.jpg,2,2,"20-Rhymney,1850-1887,LR124517 | Gymner (1852-1857, 1863) - Minutes",1,"20-Rhymney,1850-1887,LR124517/Images/892__M_00036.jpg | Gymner (1852-1857, 1863) - Minutes/892__M_00036.jpg"
892__M_00037.jpg,2,2,"20-Rhymney,1850-1887,LR124517 | Gymner (1852-1857, 1863) - Minutes",1,"20-Rhymney,1850-1887,LR124517/Images/892__M_00037.jpg | Gymner (1852-1857, 1863) - Minutes/892__M_00037.jpg"
892__M_00038.jpg,2,2,"20-Rhymney,1850-1887,LR124517 | Gymner (1852-1857, 1863) - Minutes",1,"20-Rhymney,1850-1887,LR124517/Images/892__M_00038.jpg | Gymner (1852-1857, 1863) - Minutes/892__M_00038.jpg"
892__M_00039.jpg,2,2,"20-Rhymney,1850-1887,LR124517 | Gymner (1852-1857, 1863) - Minutes",1,"20-Rhymney,1850-1887,LR124517/Images/892__M_00039.jpg | Gymner (1852-1857, 1863) - Minutes/892__M_00039.jpg"
892__M_00040.jpg,2,2,"20-Rhymney,1850-1887,LR124517 | Gymner (1852-1857, 1863) - Minutes",1,"20-Rhymney,1850-1887,LR124517/Images/892__M_00040.jpg | Gymner (1852-1857, 1863) - Minutes/892__M_00040.jpg"
892__M_00041.jpg,2,2,"20-Rhymney,1850-1887,LR124517 | Gymner (1852-1857, 1863) - Minutes",1,"20-Rhymney,1850-1887,LR124517/Images/892__M_00041.jpg | Gymner (1852-1857, 1863) - Minutes/892__M_00041.jpg"
892__M_00042.jpg,2,2,"20-Rhymney,1850-1887,LR124517 | Gymner (1852-1857, 1863) - Minutes",1,"20-Rhymney,1850-1887,LR124517/Images/892__M_00042.jpg | Gymner (1852-1857, 1863) - Minutes/892__M_00042.jpg"
892__M_00043.jpg,2,2,"20-Rhymney,1850-1887,LR124517 | Gymner (1852-1857, 1863) - Minutes",1,"20-Rhymney,1850-1887,LR124517/Images/892__M_00043.jpg | Gymner (1852-1857, 1863) - Minutes/892__M_00043.jpg"
892__M_00044.jpg,2,2,"20-Rhymney,1850-1887,LR124517 | Gymner (1852-1857, 1863) - Minutes",1,"20-Rhymney,1850-1887,LR124517/Images/892__M_00044.jpg | Gymner (1852-1857, 1863) - Minutes/892__M_00044.jpg"
892__M_00045.jpg,2,2,"20-Rhymney,1850-1887,LR124517 | Gymner (1852-1857, 1863) - Minutes",1,"20-Rhymney,1850-1887,LR124517/Images/892__M_00045.jpg | Gymner (1852-1857, 1863) - Minutes/892__M_00045.jpg"
892__M_00046.jpg,2,2,"20-Rhymney,1850-1887,LR124517 | Gymner (1852-1857, 1863) - Minutes",1,"20-Rhymney,1850-1887,LR124517/Images/892__M_00046.jpg | Gymner (1852-1857, 1863) - Minutes/892__M_00046.jpg"
892__M_00047.jpg,2,2,"20-Rhymney,1850-1887,LR124517 | Gymner (1852-1857, 1863) - Minutes",1,"20-Rhymney,1850-1887,LR124517/Images/892__M_00047.jpg | Gymner (1852-1857, 1863) - Minutes/892__M_00047.jpg"
892__M_00048.jpg,2,2,"20-Rhymney,1850-1887,LR124517 | Gymner (1852-1857, 1863) - Minutes",1,"20-Rhymney,1850-1887,LR124517/Images/892__M_00048.jpg | Gymner (1852-1857, 1863) - Minutes/892__M_00048.jpg"
892__M_00049.jpg,2,2,"20-Rhymney,1850-1887,LR124517 | Gymner (1852-1857, 1863) - Minutes",1,"20-Rhymney,1850-1887,LR124517/Images/892__M_00049.jpg | Gymner (1852-1857, 1863) - Minutes/892__M_00049.jpg"
892__M_00050.jpg,2,2,"20-Rhymney,1850-1887,LR124517 | Gymner (1852-1857, 1863) - Minutes",1,"20-Rhymney,1850-1887,LR124517/Images/892__M_00050.jpg | Gymner (1852-1857, 1863) - Minutes/892__M_00050.jpg"
892__M_00051.jpg,2,2,"20-Rhymney,1850-1887,LR124517 | Gymner (1852-1857, 1863) - Minutes",1,"20-Rhymney,1850-1887,LR124517/Images/892__M_00051.jpg | Gymner (1852-1857, 1863) - Minutes/892__M_00051.jpg"
892__M_00052.jpg,2,2,"20-Rhymney,1850-1887,LR124517 | Gymner (1852-1857, 1863) - Minutes",1,"20-Rhymney,1850-1887,LR124517/Images/892__M_00052.jpg | Gymner (1852-1857, 1863) - Minutes/892__M_00052.jpg"
892__M_00053.jpg,2,2,"20-Rhymney,1850-1887,LR124517 | Gymner (1852-1857, 1863) - Minutes",1,"20-Rhymney,1850-1887,LR124517/Images/892__M_00053.jpg | Gymner (1852-1857, 1863) - Minutes/892__M_00053.jpg"
892__M_00054.jpg,2,2,"20-Rhymney,1850-1887,LR124517 | Gymner (1852-1857, 1863) - Minutes",1,"20-Rhymney,1850-1887,LR124517/Images/892__M_00054.jpg | Gymner (1852-1857, 1863) - Minutes/892__M_00054.jpg"
892__M_00055.jpg,2,2,"20-Rhymney,1850-1887,LR124517 | Gymner (1852-1857, 1863) - Minutes",1,"20-Rhymney,1850-1887,LR124517/Images/892__M_00055.jpg | Gymner (1852-1857, 1863) - Minutes/892__M_00055.jpg"
892__M_00056.jpg,2,2,"20-Rhymney,1850-1887,LR124517 | Gymner (1852-1857, 1863) - Minutes",1,"20-Rhymney,1850-1887,LR124517/Images/892__M_00056.jpg | Gymner (1852-1857, 1863) - Minutes/892__M_00056.jpg"
892__M_00057.jpg,2,2,"20-Rhymney,1850-1887,LR124517 | Gymner (1852-1857, 1863) - Minutes",1,"20-Rhymney,1850-1887,LR124517/Images/892__M_00057.jpg | Gymner (1852-1857, 1863) - Minutes/892__M_00057.jpg"
892__M_00058.jpg,2,2,"20-Rhymney,1850-1887,LR124517 | Gymner (1852-1857, 1863) - Minutes",1,"20-Rhymney,1850-1887,LR124517/Images/892__M_00058.jpg | Gymner (1852-1857, 1863) - Minutes/892__M_00058.jpg"
892__M_00059.jpg,2,2,"20-Rhymney,1850-1887,LR124517 | Gymner (1852-1857, 1863) - Minutes",1,"20-Rhymney,1850-1887,LR124517/Images/892__M_00059.jpg | Gymner (1852-1857, 1863) - Minutes/892__M_00059.jpg"
892__M_00060.jpg,2,2,"20-Rhymney,1850-1887,LR124517 | Gymner (1852-1857, 1863) - Minutes",1,"20-Rhymney,1850-1887,LR124517/Images/892__M_00060.jpg | Gymner (1852-1857, 1863) - Minutes/892__M_00060.jpg"
892__M_00061.jpg,2,2,"20-Rhymney,1850-1887,LR124517 | Gymner (1852-1857, 1863) - Minutes",1,"20-Rhymney,1850-1887,LR124517/Images/892__M_00061.jpg | Gymner (1852-1857, 1863) - Minutes/892__M_00061.jpg"
892__M_00062.jpg,2,2,"20-Rhymney,1850-1887,LR124517 | Gymner (1852-1857, 1863) - Minutes",1,"20-Rhymney,1850-1887,LR124517/Images/892__M_00062.jpg | Gymner (1852-1857, 1863) - Minutes/892__M_00062.jpg"
892__M_00063.jpg,2,2,"20-Rhymney,1850-1887,LR124517 | Gymner (1852-1857, 1863) - Minutes",1,"20-Rhymney,1850-1887,LR124517/Images/892__M_00063.jpg | Gymner (1852-1857, 1863) - Minutes/892__M_00063.jpg"
892__M_00064.jpg,2,2,"20-Rhymney,1850-1887,LR124517 | Gymner (1852-1857, 1863) - Minutes",1,"20-Rhymney,1850-1887,LR124517/Images/892__M_00064.jpg | Gymner (1852-1857, 1863) - Minutes/892__M_00064.jpg"
892__M_00065.jpg,2,2,"20-Rhymney,1850-1887,LR124517 | Gymner (1852-1857, 1863) - Minutes",1,"20-Rhymney,1850-1887,LR124517/Images/892__M_00065.jpg | Gymner (1852-1857, 1863) - Minutes/892__M_00065.jpg"
892__M_00066.jpg,2,2,"20-Rhymney,1850-1887,LR124517 | Gymner (1852-1857, 1863) - Minutes",1,"20-Rhymney,1850-1887,LR124517/Images/892__M_00066.jpg | Gymner (1852-1857, 1863) - Minutes/892__M_00066.jpg"
892__M_00067.jpg,2,2,"20-Rhymney,1850-1887,LR124517 | Gymner (1852-1857, 1863) - Minutes",1,"20-Rhymney,1850-1887,LR124517/Images/892__M_00067.jpg | Gymner (1852-1857, 1863) - Minutes/892__M_00067.jpg"
892__M_00068.jpg,2,2,"20-Rhymney,1850-1887,LR124517 | Gymner (1852-1857, 1863) - Minutes",1,"20-Rhymney,1850-1887,LR124517/Images/892__M_00068.jpg | Gymner (1852-1857, 1863) - Minutes/892__M_00068.jpg"
892__M_00069.jpg,2,2,"20-Rhymney,1850-1887,LR124517 | Gymner (1852-1857, 1863) - Minutes",1,"20-Rhymney,1850-1887,LR124517/Images/892__M_00069.jpg | Gymner (1852-1857, 1863) - Minutes/892__M_00069.jpg"
892__M_00070.jpg,2,2,"20-Rhymney,1850-1887,LR124517 | Gymner (1852-1857, 1863) - Minutes",1,"20-Rhymney,1850-1887,LR124517/Images/892__M_00070.jpg | Gymner (1852-1857, 1863) - Minutes/892__M_00070.jpg"
892__M_00071.jpg,2,2,"20-Rhymney,1850-1887,LR124517 | Gymner (1852-1857, 1863) - Minutes",1,"20-Rhymney,1850-1887,LR124517/Images/892__M_00071.jpg | Gymner (1852-1857, 1863) - Minutes/892__M_00071.jpg"
892__M_00072.jpg,2,2,"20-Rhymney,1850-1887,LR124517 | Gymner (1852-1857, 1863) - Minutes",1,"20-Rhymney,1850-1887,LR124517/Images/892__M_00072.jpg | Gymner (1852-1857, 1863) - Minutes/892__M_00072.jpg"
892__M_00073.jpg,2,2,"20-Rhymney,1850-1887,LR124517 | Gymner (1852-1857, 1863) - Minutes",1,"20-Rhymney,1850-1887,LR124517/Images/892__M_00073.jpg | Gymner (1852-1857, 1863) - Minutes/892__M_00073.jpg"
892__M_00074.jpg,2,2,"20-Rhymney,1850-1887,LR124517 | Gymner (1852-1857, 1863) - Minutes",1,"20-Rhymney,1850-1887,LR124517/Images/892__M_00074.jpg | Gymner (1852-1857, 1863) - Minutes/892__M_00074.jpg"
LR 165 7_00001.jpg,2,2,"33-Twynyrodyn,1852-1892,LR1657 | Ystrad (1902-1910) - General Minutes",1,"33-Twynyrodyn,1852-1892,LR1657/Images/LR 165 7_00001.jpg | Ystrad (1902-1910) - General Minutes/LR 165 7_00001.jpg"
LR 165 7_00002.jpg,2,2,"33-Twynyrodyn,1852-1892,LR1657 | Ystrad (1902-1910) - General Minutes",1,"33-Twynyrodyn,1852-1892,LR1657/Images/LR 165 7_00002.jpg | Ystrad (1902-1910) - General Minutes/LR 165 7_00002.jpg"
LR 165 7_00003.jpg,2,2,"33-Twynyrodyn,1852-1892,LR1657 | Ystrad (1902-1910) - General Minutes",1,"33-Twynyrodyn,1852-1892,LR1657/Images/LR 165 7_00003.jpg | Ystrad (1902-1910) - General Minutes/LR 165 7_00003.jpg"
LR 165 7_00004.jpg,2,2,"33-Twynyrodyn,1852-1892,LR1657 | Ystrad (1902-1910) - General Minutes",1,"33-Twynyrodyn,1852-1892,LR1657/Images/LR 165 7_00004.jpg | Ystrad (1902-1910) - General Minutes/LR 165 7_00004.jpg"
LR 165 7_00005.jpg,2,2,"33-Twynyrodyn,1852-1892,LR1657 | Ystrad (1902-1910) - General Minutes",1,"33-Twynyrodyn,1852-1892,LR1657/Images/LR 165 7_00005.jpg | Ystrad (1902-1910) - General Minutes/LR 165 7_00005.jpg"
LR 165 7_00006.jpg,2,2,"33-Twynyrodyn,1852-1892,LR1657 | Ystrad (1902-1910) - General Minutes",1,"33-Twynyrodyn,1852-1892,LR1657/Images/LR 165 7_00006.jpg | Ystrad (1902-1910) - General Minutes/LR 165 7_00006.jpg"
LR 165 7_00007.jpg,2,2,"33-Twynyrodyn,1852-1892,LR1657 | Ystrad (1902-1910) - General Minutes",1,"33-Twynyrodyn,1852-1892,LR1657/Images/LR 165 7_00007.jpg | Ystrad (1902-1910) - General Minutes/LR 165 7_00007.jpg"
LR 165 7_00008.jpg,2,2,"33-Twynyrodyn,1852-1892,LR1657 | Ystrad (1902-1910) - General Minutes",1,"33-Twynyrodyn,1852-1892,LR1657/Images/LR 165 7_00008.jpg | Ystrad (1902-1910) - General Minutes/LR 165 7_00008.jpg"
LR 165 7_00009.jpg,2,2,"33-Twynyrodyn,1852-1892,LR1657 | Ystrad (1902-1910) - General Minutes",1,"33-Twynyrodyn,1852-1892,LR1657/Images/LR 165 7_00009.jpg | Ystrad (1902-1910) - General Minutes/LR 165 7_00009.jpg"
LR 165 7_00010.jpg,2,2,"33-Twynyrodyn,1852-1892,LR1657 | Ystrad (1902-1910) - General Minutes",1,"33-Twynyrodyn,1852-1892,LR1657/Images/LR 165 7_00010.jpg | Ystrad (1902-1910) - General Minutes/LR 165 7_00010.jpg"
LR 165 7_00011.jpg,2,2,"33-Twynyrodyn,1852-1892,LR1657 | Ystrad (1902-1910) - General Minutes",1,"33-Twynyrodyn,1852-1892,LR1657/Images/LR 165 7_00011.jpg | Ystrad (1902-1910) - General Minutes/LR 165 7_00011.jpg"
LR 165 7_00012.jpg,2,2,"33-Twynyrodyn,1852-1892,LR1657 | Ystrad (1902-1910) - General Minutes",1,"33-Twynyrodyn,1852-1892,LR1657/Images/LR 165 7_00012.jpg | Ystrad (1902-1910) - General Minutes/LR 165 7_00012.jpg"
LR 165 7_00013.jpg,2,2,"33-Twynyrodyn,1852-1892,LR1657 | Ystrad (1902-1910) - General Minutes",1,"33-Twynyrodyn,1852-1892,LR1657/Images/LR 165 7_00013.jpg | Ystrad (1902-1910) - General Minutes/LR 165 7_00013.jpg"
LR 165 7_00014.jpg,2,2,"33-Twynyrodyn,1852-1892,LR1657 | Ystrad (1902-1910) - General Minutes",1,"33-Twynyrodyn,1852-1892,LR1657/Images/LR 165 7_00014.jpg | Ystrad (1902-1910) - General Minutes/LR 165 7_00014.jpg"
LR 165 7_00015.jpg,2,2,"33-Twynyrodyn,1852-1892,LR1657 | Ystrad (1902-1910) - General Minutes",1,"33-Twynyrodyn,1852-1892,LR1657/Images/LR 165 7_00015.jpg | Ystrad (1902-1910) - General Minutes/LR 165 7_00015.jpg"
LR 165 7_00016.jpg,2,2,"33-Twynyrodyn,1852-1892,LR1657 | Ystrad (1902-1910) - General Minutes",1,"33-Twynyrodyn,1852-1892,LR1657/Images/LR 165 7_00016.jpg | Ystrad (1902-1910) - General Minutes/LR 165 7_00016.jpg"
LR 165 7_00017.jpg,2,2,"33-Twynyrodyn,1852-1892,LR1657 | Ystrad (1902-1910) - General Minutes",1,"33-Twynyrodyn,1852-1892,LR1657/Images/LR 165 7_00017.jpg | Ystrad (1902-1910) - General Minutes/LR 165 7_00017.jpg"
LR 165 7_00018.jpg,2,2,"33-Twynyrodyn,1852-1892,LR1657 | Ystrad (1902-1910) - General Minutes",1,"33-Twynyrodyn,1852-1892,LR1657/Images/LR 165 7_00018.jpg | Ystrad (1902-1910) - General Minutes/LR 165 7_00018.jpg"
LR 165 7_00019.jpg,2,2,"33-Twynyrodyn,1852-1892,LR1657 | Ystrad (1902-1910) - General Minutes",1,"33-Twynyrodyn,1852-1892,LR1657/Images/LR 165 7_00019.jpg | Ystrad (1902-1910) - General Minutes/LR 165 7_00019.jpg"
LR 165 7_00020.jpg,2,2,"33-Twynyrodyn,1852-1892,LR1657 | Ystrad (1902-1910) - General Minutes",1,"33-Twynyrodyn,1852-1892,LR1657/Images/LR 165 7_00020.jpg | Ystrad (1902-1910) - General Minutes/LR 165 7_00020.jpg"
LR 165 7_00021.jpg,2,2,"33-Twynyrodyn,1852-1892,LR1657 | Ystrad (1902-1910) - General Minutes",1,"33-Twynyrodyn,1852-1892,LR1657/Images/LR 165 7_00021.jpg | Ystrad (1902-1910) - General Minutes/LR 165 7_00021.jpg"
LR 165 7_00022.jpg,2,2,"33-Twynyrodyn,1852-1892,LR1657 | Ystrad (1902-1910) - General Minutes",1,"33-Twynyrodyn,1852-1892,LR1657/Images/LR 165 7_00022.jpg | Ystrad (1902-1910) - General Minutes/LR 165 7_00022.jpg"
LR 165 7_00023.jpg,2,2,"33-Twynyrodyn,1852-1892,LR1657 | Ystrad (1902-1910) - General Minutes",1,"33-Twynyrodyn,1852-1892,LR1657/Images/LR 165 7_00023.jpg | Ystrad (1902-1910) - General Minutes/LR 165 7_00023.jpg"
LR 165 7_00024.jpg,2,2,"33-Twynyrodyn,1852-1892,LR1657 | Ystrad (1902-1910) - General Minutes",1,"33-Twynyrodyn,1852-1892,LR1657/Images/LR 165 7_00024.jpg | Ystrad (1902-1910) - General Minutes/LR 165 7_00024.jpg"
LR 165 7_00025.jpg,2,2,"33-Twynyrodyn,1852-1892,LR1657 | Ystrad (1902-1910) - General Minutes",1,"33-Twynyrodyn,1852-1892,LR1657/Images/LR 165 7_00025.jpg | Ystrad (1902-1910) - General Minutes/LR 165 7_00025.jpg"
LR 165 7_00026.jpg,2,2,"33-Twynyrodyn,1852-1892,LR1657 | Ystrad (1902-1910) - General Minutes",1,"33-Twynyrodyn,1852-1892,LR1657/Images/LR 165 7_00026.jpg | Ystrad (1902-1910) - General Minutes/LR 165 7_00026.jpg"
LR 165 7_00027.jpg,2,2,"33-Twynyrodyn,1852-1892,LR1657 | Ystrad (1902-1910) - General Minutes",1,"33-Twynyrodyn,1852-1892,LR1657/Images/LR 165 7_00027.jpg | Ystrad (1902-1910) - General Minutes/LR 165 7_00027.jpg"
LR 165 7_00028.jpg,2,2,"33-Twynyrodyn,1852-1892,LR1657 | Ystrad (1902-1910) - General Minutes",1,"33-Twynyrodyn,1852-1892,LR1657/Images/LR 165 7_00028.jpg | Ystrad (1902-1910) - General Minutes/LR 165 7_00028.jpg"
LR 165 7_00029.jpg,2,2,"33-Twynyrodyn,1852-1892,LR1657 | Ystrad (1902-1910) - General Minutes",1,"33-Twynyrodyn,1852-1892,LR1657/Images/LR 165 7_00029.jpg | Ystrad (1902-1910) - General Minutes/LR 165 7_00029.jpg"
LR 165 7_00030.jpg,2,2,"33-Twynyrodyn,1852-1892,LR1657 | Ystrad (1902-1910) - General Minutes",1,"33-Twynyrodyn,1852-1892,LR1657/Images/LR 165 7_00030.jpg | Ystrad (1902-1910) - General Minutes/LR 165 7_00030.jpg"
LR 165 7_00031.jpg,2,2,"33-Twynyrodyn,1852-1892,LR1657 | Ystrad (1902-1910) - General Minutes",1,"33-Twynyrodyn,1852-1892,LR1657/Images/LR 165 7_00031.jpg | Ystrad (1902-1910) - General Minutes/LR 165 7_00031.jpg"
LR 165 7_00032.jpg,2,2,"33-Twynyrodyn,1852-1892,LR1657 | Ystrad (1902-1910) - General Minutes",1,"33-Twynyrodyn,1852-1892,LR1657/Images/LR 165 7_00032.jpg | Ystrad (1902-1910) - General Minutes/LR 165 7_00032.jpg"
LR 165 7_00033.jpg,2,2,"33-Twynyrodyn,1852-1892,LR1657 | Ystrad (1902-1910) - General Minutes",1,"33-Twynyrodyn,1852-1892,LR1657/Images/LR 165 7_00033.jpg | Ystrad (1902-1910) - General Minutes/LR 165 7_00033.jpg"
LR 165 7_00034.jpg,2,2,"33-Twynyrodyn,1852-1892,LR1657 | Ystrad (1902-1910) - General Minutes",1,"33-Twynyrodyn,1852-1892,LR1657/Images/LR 165 7_00034.jpg | Ystrad (1902-1910) - General Minutes/LR 165 7_00034.jpg"
LR 165 7_00035.jpg,2,2,"33-Twynyrodyn,1852-1892,LR1657 | Ystrad (1902-1910) - General Minutes",1,"33-Twynyrodyn,1852-1892,LR1657/Images/LR 165 7_00035.jpg | Ystrad (1902-1910) - General Minutes/LR 165 7_00035.jpg"
LR 165 7_00036.jpg,2,2,"33-Twynyrodyn,1852-1892,LR1657 | Ystrad (1902-1910) - General Minutes",1,"33-Twynyrodyn,1852-1892,LR1657/Images/LR 165 7_00036.jpg | Ystrad (1902-1910) - General Minutes/LR 165 7_00036.jpg"
LR 165 7_00037.jpg,2,2,"33-Twynyrodyn,1852-1892,LR1657 | Ystrad (1902-1910) - General Minutes",1,"33-Twynyrodyn,1852-1892,LR1657/Images/LR 165 7_00037.jpg | Ystrad (1902-1910) - General Minutes/LR 165 7_00037.jpg"
LR 165 7_00038.jpg,2,2,"33-Twynyrodyn,1852-1892,LR1657 | Ystrad (1902-1910) - General Minutes",1,"33-Twynyrodyn,1852-1892,LR1657/Images/LR 165 7_00038.jpg | Ystrad (1902-1910) - General Minutes/LR 165 7_00038.jpg"
LR 165 7_00039.jpg,2,2,"33-Twynyrodyn,1852-1892,LR1657 | Ystrad (1902-1910) - General Minutes",1,"33-Twynyrodyn,1852-1892,LR1657/Images/LR 165 7_00039.jpg | Ystrad (1902-1910) - General Minutes/LR 165 7_00039.jpg"
LR 165 7_00040.jpg,2,2,"33-Twynyrodyn,1852-1892,LR1657 | Ystrad (1902-1910) - General Minutes",1,"33-Twynyrodyn,1852-1892,LR1657/Images/LR 165 7_00040.jpg | Ystrad (1902-1910) - General Minutes/LR 165 7_00040.jpg"
LR 165 7_00041.jpg,2,2,"33-Twynyrodyn,1852-1892,LR1657 | Ystrad (1902-1910) - General Minutes",1,"33-Twynyrodyn,1852-1892,LR1657/Images/LR 165 7_00041.jpg | Ystrad (1902-1910) - General Minutes/LR 165 7_00041.jpg"
LR 165 7_00042.jpg,2,2,"33-Twynyrodyn,1852-1892,LR1657 | Ystrad (1902-1910) - General Minutes",1,"33-Twynyrodyn,1852-1892,LR1657/Images/LR 165 7_00042.jpg | Ystrad (1902-1910) - General Minutes/LR 165 7_00042.jpg"
LR 165 7_00043.jpg,2,2,"33-Twynyrodyn,1852-1892,LR1657 | Ystrad (1902-1910) - General Minutes",1,"33-Twynyrodyn,1852-1892,LR1657/Images/LR 165 7_00043.jpg | Ystrad (1902-1910) - General Minutes/LR 165 7_00043.jpg"
LR 165 7_00044.jpg,2,2,"33-Twynyrodyn,1852-1892,LR1657 | Ystrad (1902-1910) - General Minutes",1,"33-Twynyrodyn,1852-1892,LR1657/Images/LR 165 7_00044.jpg | Ystrad (1902-1910) - General Minutes/LR 165 7_00044.jpg"
LR 165 7_00045.jpg,2,2,"33-Twynyrodyn,1852-1892,LR1657 | Ystrad (1902-1910) - General Minutes",1,"33-Twynyrodyn,1852-1892,LR1657/Images/LR 165 7_00045.jpg | Ystrad (1902-1910) - General Minutes/LR 165 7_00045.jpg"
LR 165 7_00046.jpg,2,2,"33-Twynyrodyn,1852-1892,LR1657 | Ystrad (1902-1910) - General Minutes",1,"33-Twynyrodyn,1852-1892,LR1657/Images/LR 165 7_00046.jpg | Ystrad (1902-1910) - General Minutes/LR 165 7_00046.jpg"
LR 165 7_00047.jpg,2,2,"33-Twynyrodyn,1852-1892,LR1657 | Ystrad (1902-1910) - General Minutes",1,"33-Twynyrodyn,1852-1892,LR1657/Images/LR 165 7_00047.jpg | Ystrad (1902-1910) - General Minutes/LR 165 7_00047.jpg"
LR 165 7_00048.jpg,2,2,"33-Twynyrodyn,1852-1892,LR1657 | Ystrad (1902-1910) - General Minutes",1,"33-Twynyrodyn,1852-1892,LR1657/Images/LR 165 7_00048.jpg | Ystrad (1902-1910) - General Minutes/LR 165 7_00048.jpg"
LR 165 7_00049.jpg,2,2,"33-Twynyrodyn,1852-1892,LR1657 | Ystrad (1902-1910) - General Minutes",1,"33-Twynyrodyn,1852-1892,LR1657/Images/LR 165 7_00049.jpg | Ystrad (1902-1910) - General Minutes/LR 165 7_00049.jpg"
LR 165 7_00050.jpg,2,2,"33-Twynyrodyn,1852-1892,LR1657 | Ystrad (1902-1910) - General Minutes",1,"33-Twynyrodyn,1852-1892,LR1657/Images/LR 165 7_00050.jpg | Ystrad (1902-1910) - General Minutes/LR 165 7_00050.jpg"
LR 165 7_00051.jpg,2,2,"33-Twynyrodyn,1852-1892,LR1657 | Ystrad (1902-1910) - General Minutes",1,"33-Twynyrodyn,1852-1892,LR1657/Images/LR 165 7_00051.jpg | Ystrad (1902-1910) - General Minutes/LR 165 7_00051.jpg"
LR 165 7_00052.jpg,2,2,"33-Twynyrodyn,1852-1892,LR1657 | Ystrad (1902-1910) - General Minutes",1,"33-Twynyrodyn,1852-1892,LR1657/Images/LR 165 7_00052.jpg | Ystrad (1902-1910) - General Minutes/LR 165 7_00052.jpg"
LR 165 7_00053.jpg,2,2,"33-Twynyrodyn,1852-1892,LR1657 | Ystrad (1902-1910) - General Minutes",1,"33-Twynyrodyn,1852-1892,LR1657/Images/LR 165 7_00053.jpg | Ystrad (1902-1910) - General Minutes/LR 165 7_00053.jpg"
LR 165 7_00054.jpg,2,2,"33-Twynyrodyn,1852-1892,LR1657 | Ystrad (1902-1910) - General Minutes",1,"33-Twynyrodyn,1852-1892,LR1657/Images/LR 165 7_00054.jpg | Ystrad (1902-1910) - General Minutes/LR 165 7_00054.jpg"
LR 165 7_00055.jpg,2,2,"33-Twynyrodyn,1852-1892,LR1657 | Ystrad (1902-1910) - General Minutes",1,"33-Twynyrodyn,1852-1892,LR1657/Images/LR 165 7_00055.jpg | Ystrad (1902-1910) - General Minutes/LR 165 7_00055.jpg"
LR 165 7_00056.jpg,2,2,"33-Twynyrodyn,1852-1892,LR1657 | Ystrad (1902-1910) - General Minutes",1,"33-Twynyrodyn,1852-1892,LR1657/Images/LR 165 7_00056.jpg | Ystrad (1902-1910) - General Minutes/LR 165 7_00056.jpg"
LR 165 7_00057.jpg,2,2,"33-Twynyrodyn,1852-1892,LR1657 | Ystrad (1902-1910) - General Minutes",1,"33-Twynyrodyn,1852-1892,LR1657/Images/LR 165 7_00057.jpg | Ystrad (1902-1910) - General Minutes/LR 165 7_00057.jpg"
LR 165 7_00058.jpg,2,2,"33-Twynyrodyn,1852-1892,LR1657 | Ystrad (1902-1910) - General Minutes",1,"33-Twynyrodyn,1852-1892,LR1657/Images/LR 165 7_00058.jpg | Ystrad (1902-1910) - General Minutes/LR 165 7_00058.jpg"
LR 165 7_00059.jpg,2,2,"33-Twynyrodyn,1852-1892,LR1657 | Ystrad (1902-1910) - General Minutes",1,"33-Twynyrodyn,1852-1892,LR1657/Images/LR 165 7_00059.jpg | Ystrad (1902-1910) - General Minutes/LR 165 7_00059.jpg"
LR 165 7_00060.jpg,2,2,"33-Twynyrodyn,1852-1892,LR1657 | Ystrad (1902-1910) - General Minutes",1,"33-Twynyrodyn,1852-1892,LR1657/Images/LR 165 7_00060.jpg | Ystrad (1902-1910) - General Minutes/LR 165 7_00060.jpg"
LR 165 7_00061.jpg,2,2,"33-Twynyrodyn,1852-1892,LR1657 | Ystrad (1902-1910) - General Minutes",1,"33-Twynyrodyn,1852-1892,LR1657/Images/LR 165 7_00061.jpg | Ystrad (1902-1910) - General Minutes/LR 165 7_00061.jpg"
LR 165 7_00062.jpg,2,2,"33-Twynyrodyn,1852-1892,LR1657 | Ystrad (1902-1910) - General Minutes",1,"33-Twynyrodyn,1852-1892,LR1657/Images/LR 165 7_00062.jpg | Ystrad (1902-1910) - General Minutes/LR 165 7_00062.jpg"
LR 165 7_00063.jpg,2,2,"33-Twynyrodyn,1852-1892,LR1657 | Ystrad (1902-1910) - General Minutes",1,"33-Twynyrodyn,1852-1892,LR1657/Images/LR 165 7_00063.jpg | Ystrad (1902-1910) - General Minutes/LR 165 7_00063.jpg"
LR 165 7_00064.jpg,2,2,"33-Twynyrodyn,1852-1892,LR1657 | Ystrad (1902-1910) - General Minutes",1,"33-Twynyrodyn,1852-1892,LR1657/Images/LR 165 7_00064.jpg | Ystrad (1902-1910) - General Minutes/LR 165 7_00064.jpg"
LR 165 7_00065.jpg,2,2,"33-Twynyrodyn,1852-1892,LR1657 | Ystrad (1902-1910) - General Minutes",1,"33-Twynyrodyn,1852-1892,LR1657/Images/LR 165 7_00065.jpg | Ystrad (1902-1910) - General Minutes/LR 165 7_00065.jpg"
LR 165 7_00066.jpg,2,2,"33-Twynyrodyn,1852-1892,LR1657 | Ystrad (1902-1910) - General Minutes",1,"33-Twynyrodyn,1852-1892,LR1657/Images/LR 165 7_00066.jpg | Ystrad (1902-1910) - General Minutes/LR 165 7_00066.jpg"
LR 165 7_00067.jpg,2,2,"33-Twynyrodyn,1852-1892,LR1657 | Ystrad (1902-1910) - General Minutes",1,"33-Twynyrodyn,1852-1892,LR1657/Images/LR 165 7_00067.jpg | Ystrad (1902-1910) - General Minutes/LR 165 7_00067.jpg"
LR 165 7_00068.jpg,2,2,"33-Twynyrodyn,1852-1892,LR1657 | Ystrad (1902-1910) - General Minutes",1,"33-Twynyrodyn,1852-1892,LR1657/Images/LR 165 7_00068.jpg | Ystrad (1902-1910) - General Minutes/LR 165 7_00068.jpg"
LR 165 7_00069.jpg,2,2,"33-Twynyrodyn,1852-1892,LR1657 | Ystrad (1902-1910) - General Minutes",1,"33-Twynyrodyn,1852-1892,LR1657/Images/LR 165 7_00069.jpg | Ystrad (1902-1910) - General Minutes/LR 165 7_00069.jpg"
LR 165 7_00070.jpg,2,2,"33-Twynyrodyn,1852-1892,LR1657 | Ystrad (1902-1910) - General Minutes",1,"33-Twynyrodyn,1852-1892,LR1657/Images/LR 165 7_00070.jpg | Ystrad (1902-1910) - General Minutes/LR 165 7_00070.jpg"
LR 165 7_00071.jpg,2,2,"33-Twynyrodyn,1852-1892,LR1657 | Ystrad (1902-1910) - General Minutes",1,"33-Twynyrodyn,1852-1892,LR1657/Images/LR 165 7_00071.jpg | Ystrad (1902-1910) - General Minutes/LR 165 7_00071.jpg"
LR 165 7_00072.jpg,2,2,"33-Twynyrodyn,1852-1892,LR1657 | Ystrad (1902-1910) - General Minutes",1,"33-Twynyrodyn,1852-1892,LR1657/Images/LR 165 7_00072.jpg | Ystrad (1902-1910) - General Minutes/LR 165 7_00072.jpg"
LR 165 7_00073.jpg,2,2,"33-Twynyrodyn,1852-1892,LR1657 | Ystrad (1902-1910) - General Minutes",1,"33-Twynyrodyn,1852-1892,LR1657/Images/LR 165 7_00073.jpg | Ystrad (1902-1910) - General Minutes/LR 165 7_00073.jpg"
LR 165 7_00074.jpg,2,2,"33-Twynyrodyn,1852-1892,LR1657 | Ystrad (1902-1910) - General Minutes",1,"33-Twynyrodyn,1852-1892,LR1657/Images/LR 165 7_00074.jpg | Ystrad (1902-1910) - General Minutes/LR 165 7_00074.jpg"
LR 165 7_00075.jpg,2,2,"33-Twynyrodyn,1852-1892,LR1657 | Ystrad (1902-1910) - General Minutes",1,"33-Twynyrodyn,1852-1892,LR1657/Images/LR 165 7_00075.jpg | Ystrad (1902-1910) - General Minutes/LR 165 7_00075.jpg"
LR 165 7_00076.jpg,2,2,"33-Twynyrodyn,1852-1892,LR1657 | Ystrad (1902-1910) - General Minutes",1,"33-Twynyrodyn,1852-1892,LR1657/Images/LR 165 7_00076.jpg | Ystrad (1902-1910) - General Minutes/LR 165 7_00076.jpg"
LR 165 7_00077.jpg,2,2,"33-Twynyrodyn,1852-1892,LR1657 | Ystrad (1902-1910) - General Minutes",1,"33-Twynyrodyn,1852-1892,LR1657/Images/LR 165 7_00077.jpg | Ystrad (1902-1910) - General Minutes/LR 165 7_00077.jpg"
LR 165 7_00078.jpg,2,2,"33-Twynyrodyn,1852-1892,LR1657 | Ystrad (1902-1910) - General Minutes",1,"33-Twynyrodyn,1852-1892,LR1657/Images/LR 165 7_00078.jpg | Ystrad (1902-1910) - General Minutes/LR 165 7_00078.jpg"
LR 165 7_00079.jpg,2,2,"33-Twynyrodyn,1852-1892,LR1657 | Ystrad (1902-1910) - General Minutes",1,"33-Twynyrodyn,1852-1892,LR1657/Images/LR 165 7_00079.jpg | Ystrad (1902-1910) - General Minutes/LR 165 7_00079.jpg"
LR 165 7_00080.jpg,2,2,"33-Twynyrodyn,1852-1892,LR1657 | Ystrad (1902-1910) - General Minutes",1,"33-Twynyrodyn,1852-1892,LR1657/Images/LR 165 7_00080.jpg | Ystrad (1902-1910) - General Minutes/LR 165 7_00080.jpg"
LR 165 7_00081.jpg,2,2,"33-Twynyrodyn,1852-1892,LR1657 | Ystrad (1902-1910) - General Minutes",1,"33-Twynyrodyn,1852-1892,LR1657/Images/LR 165 7_00081.jpg | Ystrad (1902-1910) - General Minutes/LR 165 7_00081.jpg"
LR 165 7_00082.jpg,2,2,"33-Twynyrodyn,1852-1892,LR1657 | Ystrad (1902-1910) - General Minutes",1,"33-Twynyrodyn,1852-1892,LR1657/Images/LR 165 7_00082.jpg | Ystrad (1902-1910) - General Minutes/LR 165 7_00082.jpg"
LR 165 7_00083.jpg,2,2,"33-Twynyrodyn,1852-1892,LR1657 | Ystrad (1902-1910) - General Minutes",1,"33-Twynyrodyn,1852-1892,LR1657/Images/LR 165 7_00083.jpg | Ystrad (1902-1910) - General Minutes/LR 165 7_00083.jpg"
LR 165 7_00084.jpg,2,2,"33-Twynyrodyn,1852-1892,LR1657 | Ystrad (1902-1910) - General Minutes",1,"33-Twynyrodyn,1852-1892,LR1657/Images/LR 165 7_00084.jpg | Ystrad (1902-1910) - General Minutes/LR 165 7_00084.jpg"
LR 165 7_00085.jpg,2,2,"33-Twynyrodyn,1852-1892,LR1657 | Ystrad (1902-1910) - General Minutes",1,"33-Twynyrodyn,1852-1892,LR1657/Images/LR 165 7_00085.jpg | Ystrad (1902-1910) - General Minutes/LR 165 7_00085.jpg"
LR 165 7_00086.jpg,2,2,"33-Twynyrodyn,1852-1892,LR1657 | Ystrad (1902-1910) - General Minutes",1,"33-Twynyrodyn,1852-1892,LR1657/Images/LR 165 7_00086.jpg | Ystrad (1902-1910) - General Minutes/LR 165 7_00086.jpg"
LR 165 7_00087.jpg,2,2,"33-Twynyrodyn,1852-1892,LR1657 | Ystrad (1902-1910) - General Minutes",1,"33-Twynyrodyn,1852-1892,LR1657/Images/LR 165 7_00087.jpg | Ystrad (1902-1910) - General Minutes/LR 165 7_00087.jpg"
LR 165 7_00088.jpg,2,2,"33-Twynyrodyn,1852-1892,LR1657 | Ystrad (1902-1910) - General Minutes",1,"33-Twynyrodyn,1852-1892,LR1657/Images/LR 165 7_00088.jpg | Ystrad (1902-1910) - General Minutes/LR 165 7_00088.jpg"
LR 165 7_00089.jpg,2,2,"33-Twynyrodyn,1852-1892,LR1657 | Ystrad (1902-1910) - General Minutes",1,"33-Twynyrodyn,1852-1892,LR1657/Images/LR 165 7_00089.jpg | Ystrad (1902-1910) - General Minutes/LR 165 7_00089.jpg"
LR 165 7_00090.jpg,2,2,"33-Twynyrodyn,1852-1892,LR1657 | Ystrad (1902-1910) - General Minutes",1,"33-Twynyrodyn,1852-1892,LR1657/Images/LR 165 7_00090.jpg | Ystrad (1902-1910) - General Minutes/LR 165 7_00090.jpg"
LR 165 7_00091.jpg,2,2,"33-Twynyrodyn,1852-1892,LR1657 | Ystrad (1902-1910) - General Minutes",1,"33-Twynyrodyn,1852-1892,LR1657/Images/LR 165 7_00091.jpg | Ystrad (1902-1910) - General Minutes/LR 165 7_00091.jpg"
LR 165 7_00092.jpg,2,2,"33-Twynyrodyn,1852-1892,LR1657 | Ystrad (1902-1910) - General Minutes",1,"33-Twynyrodyn,1852-1892,LR1657/Images/LR 165 7_00092.jpg | Ystrad (1902-1910) - General Minutes/LR 165 7_00092.jpg"
LR 165 7_00093.jpg,2,2,"33-Twynyrodyn,1852-1892,LR1657 | Ystrad (1902-1910) - General Minutes",1,"33-Twynyrodyn,1852-1892,LR1657/Images/LR 165 7_00093.jpg | Ystrad (1902-1910) - General Minutes/LR 165 7_00093.jpg"
LR 165 7_00094.jpg,2,2,"33-Twynyrodyn,1852-1892,LR1657 | Ystrad (1902-1910) - General Minutes",1,"33-Twynyrodyn,1852-1892,LR1657/Images/LR 165 7_00094.jpg | Ystrad (1902-1910) - General Minutes/LR 165 7_00094.jpg"
LR 165 7_00095.jpg,2,2,"33-Twynyrodyn,1852-1892,LR1657 | Ystrad (1902-1910) - General Minutes",1,"33-Twynyrodyn,1852-1892,LR1657/Images/LR 165 7_00095.jpg | Ystrad (1902-1910) - General Minutes/LR 165 7_00095.jpg"
LR 165 7_00096.jpg,2,2,"33-Twynyrodyn,1852-1892,LR1657 | Ystrad (1902-1910) - General Minutes",1,"33-Twynyrodyn,1852-1892,LR1657/Images/LR 165 7_00096.jpg | Ystrad (1902-1910) - General Minutes/LR 165 7_00096.jpg"
LR 165 7_00097.jpg,2,2,"33-Twynyrodyn,1852-1892,LR1657 | Ystrad (1902-1910) - General Minutes",1,"33-Twynyrodyn,1852-1892,LR1657/Images/LR 165 7_00097.jpg | Ystrad (1902-1910) - General Minutes/LR 165 7_00097.jpg"
LR 165 7_00098.jpg,2,2,"33-Twynyrodyn,1852-1892,LR1657 | Ystrad (1902-1910) - General Minutes",1,"33-Twynyrodyn,1852-1892,LR1657/Images/LR 165 7_00098.jpg | Ystrad (1902-1910) - General Minutes/LR 165 7_00098.jpg"
LR 165 7_00099.jpg,2,2,"33-Twynyrodyn,1852-1892,LR1657 | Ystrad (1902-1910) - General Minutes",1,"33-Twynyrodyn,1852-1892,LR1657/Images/LR 165 7_00099.jpg | Ystrad (1902-1910) - General Minutes/LR 165 7_00099.jpg"
LR 165 7_00100.jpg,2,2,"33-Twynyrodyn,1852-1892,LR1657 | Ystrad (1902-1910) - General Minutes",1,"33-Twynyrodyn,1852-1892,LR1657/Images/LR 165 7_00100.jpg | Ystrad (1902-1910) - General Minutes/LR 165 7_00100.jpg"
LR 165 7_00101.jpg,2,2,"33-Twynyrodyn,1852-1892,LR1657 | Ystrad (1902-1910) - General Minutes",1,"33-Twynyrodyn,1852-1892,LR1657/Images/LR 165 7_00101.jpg | Ystrad (1902-1910) - General Minutes/LR 165 7_00101.jpg"
LR 165 7_00102.jpg,2,2,"33-Twynyrodyn,1852-1892,LR1657 | Ystrad (1902-1910) - General Minutes",1,"33-Twynyrodyn,1852-1892,LR1657/Images/LR 165 7_00102.jpg | Ystrad (1902-1910) - General Minutes/LR 165 7_00102.jpg"
LR 165 7_00103.jpg,2,2,"33-Twynyrodyn,1852-1892,LR1657 | Ystrad (1902-1910) - General Minutes",1,"33-Twynyrodyn,1852-1892,LR1657/Images/LR 165 7_00103.jpg | Ystrad (1902-1910) - General Minutes/LR 165 7_00103.jpg"
LR 165 7_00104.jpg,2,2,"33-Twynyrodyn,1852-1892,LR1657 | Ystrad (1902-1910) - General Minutes",1,"33-Twynyrodyn,1852-1892,LR1657/Images/LR 165 7_00104.jpg | Ystrad (1902-1910) - General Minutes/LR 165 7_00104.jpg"
LR 165 7_00105.jpg,2,2,"33-Twynyrodyn,1852-1892,LR1657 | Ystrad (1902-1910) - General Minutes",1,"33-Twynyrodyn,1852-1892,LR1657/Images/LR 165 7_00105.jpg | Ystrad (1902-1910) - General Minutes/LR 165 7_00105.jpg"
LR 165 7_00106.jpg,2,2,"33-Twynyrodyn,1852-1892,LR1657 | Ystrad (1902-1910) - General Minutes",1,"33-Twynyrodyn,1852-1892,LR1657/Images/LR 165 7_00106.jpg | Ystrad (1902-1910) - General Minutes/LR 165 7_00106.jpg"
LR 165 7_00107.jpg,2,2,"33-Twynyrodyn,1852-1892,LR1657 | Ystrad (1902-1910) - General Minutes",1,"33-Twynyrodyn,1852-1892,LR1657/Images/LR 165 7_00107.jpg | Ystrad (1902-1910) - General Minutes/LR 165 7_00107.jpg"
LR 165 7_00108.jpg,2,2,"33-Twynyrodyn,1852-1892,LR1657 | Ystrad (1902-1910) - General Minutes",1,"33-Twynyrodyn,1852-1892,LR1657/Images/LR 165 7_00108.jpg | Ystrad (1902-1910) - General Minutes/LR 165 7_00108.jpg"
LR 165 7_00109.jpg,2,2,"33-Twynyrodyn,1852-1892,LR1657 | Ystrad (1902-1910) - General Minutes",1,"33-Twynyrodyn,1852-1892,LR1657/Images/LR 165 7_00109.jpg | Ystrad (1902-1910) - General Minutes/LR 165 7_00109.jpg"
LR 165 7_00110.jpg,2,2,"33-Twynyrodyn,1852-1892,LR1657 | Ystrad (1902-1910) - General Minutes",1,"33-Twynyrodyn,1852-1892,LR1657/Images/LR 165 7_00110.jpg | Ystrad (1902-1910) - General Minutes/LR 165 7_00110.jpg"
LR 165 7_00111.jpg,2,2,"33-Twynyrodyn,1852-1892,LR1657 | Ystrad (1902-1910) - General Minutes",1,"33-Twynyrodyn,1852-1892,LR1657/Images/LR 165 7_00111.jpg | Ystrad (1902-1910) - General Minutes/LR 165 7_00111.jpg"
LR 165 7_00112.jpg,2,2,"33-Twynyrodyn,1852-1892,LR1657 | Ystrad (1902-1910) - General Minutes",1,"33-Twynyrodyn,1852-1892,LR1657/Images/LR 165 7_00112.jpg | Ystrad (1902-1910) - General Minutes/LR 165 7_00112.jpg"
LR 165 7_00113.jpg,2,2,"33-Twynyrodyn,1852-1892,LR1657 | Ystrad (1902-1910) - General Minutes",1,"33-Twynyrodyn,1852-1892,LR1657/Images/LR 165 7_00113.jpg | Ystrad (1902-1910) - General Minutes/LR 165 7_00113.jpg"
LR 165 7_00114.jpg,2,2,"33-Twynyrodyn,1852-1892,LR1657 | Ystrad (1902-1910) - General Minutes",1,"33-Twynyrodyn,1852-1892,LR1657/Images/LR 165 7_00114.jpg | Ystrad (1902-1910) - General Minutes/LR 165 7_00114.jpg"
LR 165 7_00115.jpg,2,2,"33-Twynyrodyn,1852-1892,LR1657 | Ystrad (1902-1910) - General Minutes",1,"33-Twynyrodyn,1852-1892,LR1657/Images/LR 165 7_00115.jpg | Ystrad (1902-1910) - General Minutes/LR 165 7_00115.jpg"
LR 165 7_00116.jpg,2,2,"33-Twynyrodyn,1852-1892,LR1657 | Ystrad (1902-1910) - General Minutes",1,"33-Twynyrodyn,1852-1892,LR1657/Images/LR 165 7_00116.jpg | Ystrad (1902-1910) - General Minutes/LR 165 7_00116.jpg"
LR 165 7_00117.jpg,2,2,"33-Twynyrodyn,1852-1892,LR1657 | Ystrad (1902-1910) - General Minutes",1,"33-Twynyrodyn,1852-1892,LR1657/Images/LR 165 7_00117.jpg | Ystrad (1902-1910) - General Minutes/LR 165 7_00117.jpg"
LR 165 7_00118.jpg,2,2,"33-Twynyrodyn,1852-1892,LR1657 | Ystrad (1902-1910) - General Minutes",1,"33-Twynyrodyn,1852-1892,LR1657/Images/LR 165 7_00118.jpg | Ystrad (1902-1910) - General Minutes/LR 165 7_00118.jpg"
LR 165 7_00119.jpg,2,2,"33-Twynyrodyn,1852-1892,LR1657 | Ystrad (1902-1910) - General Minutes",1,"33-Twynyrodyn,1852-1892,LR1657/Images/LR 165 7_00119.jpg | Ystrad (1902-1910) - General Minutes/LR 165 7_00119.jpg"
LR 165 7_00120.jpg,2,2,"33-Twynyrodyn,1852-1892,LR1657 | Ystrad (1902-1910) - General Minutes",1,"33-Twynyrodyn,1852-1892,LR1657/Images/LR 165 7_00120.jpg | Ystrad (1902-1910) - General Minutes/LR 165 7_00120.jpg"
LR 165 7_00121.jpg,2,2,"33-Twynyrodyn,1852-1892,LR1657 | Ystrad (1902-1910) - General Minutes",1,"33-Twynyrodyn,1852-1892,LR1657/Images/LR 165 7_00121.jpg | Ystrad (1902-1910) - General Minutes/LR 165 7_00121.jpg"
LR 165 7_00122.jpg,2,2,"33-Twynyrodyn,1852-1892,LR1657 | Ystrad (1902-1910) - General Minutes",1,"33-Twynyrodyn,1852-1892,LR1657/Images/LR 165 7_00122.jpg | Ystrad (1902-1910) - General Minutes/LR 165 7_00122.jpg"
LR 165 7_00124.jpg,2,2,"33-Twynyrodyn,1852-1892,LR1657 | Ystrad (1902-1910) - General Minutes",1,"33-Twynyrodyn,1852-1892,LR1657/Images/LR 165 7_00124.jpg | Ystrad (1902-1910) - General Minutes/LR 165 7_00124.jpg"
LR-1175710_v1602_M_00093.jpg,2,2,"20-Rhymney,1850-1887,LR124517 | Gymner (1852-1857, 1863) - Minutes",1,"20-Rhymney,1850-1887,LR124517/Images/LR-1175710_v1602_M_00093.jpg | Gymner (1852-1857, 1863) - Minutes/LR-1175710_v1602_M_00093.jpg"
LR-1175710_v1602_M_00094.jpg,2,2,"20-Rhymney,1850-1887,LR124517 | Gymner (1852-1857, 1863) - Minutes",1,"20-Rhymney,1850-1887,LR124517/Images/LR-1175710_v1602_M_00094.jpg | Gymner (1852-1857, 1863) - Minutes/LR-1175710_v1602_M_00094.jpg"
LR-1175710_v1602_M_00095.jpg,2,2,"20-Rhymney,1850-1887,LR124517 | Gymner (1852-1857, 1863) - Minutes",1,"20-Rhymney,1850-1887,LR124517/Images/LR-1175710_v1602_M_00095.jpg | Gymner (1852-1857, 1863) - Minutes/LR-1175710_v1602_M_00095.jpg"
LR-1175710_v1602_M_00096.jpg,2,2,"20-Rhymney,1850-1887,LR124517 | Gymner (1852-1857, 1863) - Minutes",1,"20-Rhymney,1850-1887,LR124517/Images/LR-1175710_v1602_M_00096.jpg | Gymner (1852-1857, 1863) - Minutes/LR-1175710_v1602_M_00096.jpg"
LR-1175710_v1602_M_00097.jpg,2,2,"20-Rhymney,1850-1887,LR124517 | Gymner (1852-1857, 1863) - Minutes",1,"20-Rhymney,1850-1887,LR124517/Images/LR-1175710_v1602_M_00097.jpg | Gymner (1852-1857, 1863) - Minutes/LR-1175710_v1602_M_00097.jpg"
LR-1175710_v1602_M_00098.jpg,2,2,"20-Rhymney,1850-1887,LR124517 | Gymner (1852-1857, 1863) - Minutes",1,"20-Rhymney,1850-1887,LR124517/Images/LR-1175710_v1602_M_00098.jpg | Gymner (1852-1857, 1863) - Minutes/LR-1175710_v1602_M_00098.jpg"
LR-5450-7_v1_00001.jpg,2,2,"29-Merthyr Tydfil,1843-1857_1861-1896,LR54507 | Merthr Tydfil (1849-1857, 1861-1896)",1,"29-Merthyr Tydfil,1843-1857_1861-1896,LR54507/Images/LR-5450-7_v1_00001.jpg | Merthr Tydfil (1849-1857, 1861-1896)/LR-5450-7_v1_00001.jpg"
LR-5450-7_v1_00002.jpg,2,2,"29-Merthyr Tydfil,1843-1857_1861-1896,LR54507 | Merthr Tydfil (1849-1857, 1861-1896)",1,"29-Merthyr Tydfil,1843-1857_1861-1896,LR54507/Images/LR-5450-7_v1_00002.jpg | Merthr Tydfil (1849-1857, 1861-1896)/LR-5450-7_v1_00002.jpg"
LR-5450-7_v1_00003.jpg,2,2,"29-Merthyr Tydfil,1843-1857_1861-1896,LR54507 | Merthr Tydfil (1849-1857, 1861-1896)",1,"29-Merthyr Tydfil,1843-1857_1861-1896,LR54507/Images/LR-5450-7_v1_00003.jpg | Merthr Tydfil (1849-1857, 1861-1896)/LR-5450-7_v1_00003.jpg"
LR-5450-7_v1_00004.jpg,2,2,"29-Merthyr Tydfil,1843-1857_1861-1896,LR54507 | Merthr Tydfil (1849-1857, 1861-1896)",1,"29-Merthyr Tydfil,1843-1857_1861-1896,LR54507/Images/LR-5450-7_v1_00004.jpg | Merthr Tydfil (1849-1857, 1861-1896)/LR-5450-7_v1_00004.jpg"
LR-5450-7_v1_00005.jpg,2,2,"29-Merthyr Tydfil,1843-1857_1861-1896,LR54507 | Merthr Tydfil (1849-1857, 1861-1896)",1,"29-Merthyr Tydfil,1843-1857_1861-1896,LR54507/Images/LR-5450-7_v1_00005.jpg | Merthr Tydfil (1849-1857, 1861-1896)/LR-5450-7_v1_00005.jpg"
LR-5450-7_v1_00006.jpg,2,2,"29-Merthyr Tydfil,1843-1857_1861-1896,LR54507 | Merthr Tydfil (1849-1857, 1861-1896)",1,"29-Merthyr Tydfil,1843-1857_1861-1896,LR54507/Images/LR-5450-7_v1_00006.jpg | Merthr Tydfil (1849-1857, 1861-1896)/LR-5450-7_v1_00006.jpg"
LR-5450-7_v1_00007.jpg,2,2,"29-Merthyr Tydfil,1843-1857_1861-1896,LR54507 | Merthr Tydfil (1849-1857, 1861-1896)",1,"29-Merthyr Tydfil,1843-1857_1861-1896,LR54507/Images/LR-5450-7_v1_00007.jpg | Merthr Tydfil (1849-1857, 1861-1896)/LR-5450-7_v1_00007.jpg"
LR-5450-7_v1_00008.jpg,2,2,"29-Merthyr Tydfil,1843-1857_1861-1896,LR54507 | Merthr Tydfil (1849-1857, 1861-1896)",1,"29-Merthyr Tydfil,1843-1857_1861-1896,LR54507/Images/LR-5450-7_v1_00008.jpg | Merthr Tydfil (1849-1857, 1861-1896)/LR-5450-7_v1_00008.jpg"
LR-5450-7_v1_00009.jpg,2,2,"29-Merthyr Tydfil,1843-1857_1861-1896,LR54507 | Merthr Tydfil (1849-1857, 1861-1896)",1,"29-Merthyr Tydfil,1843-1857_1861-1896,LR54507/Images/LR-5450-7_v1_00009.jpg | Merthr Tydfil (1849-1857, 1861-1896)/LR-5450-7_v1_00009.jpg"
LR-5450-7_v1_00010.jpg,2,2,"29-Merthyr Tydfil,1843-1857_1861-1896,LR54507 | Merthr Tydfil (1849-1857, 1861-1896)",1,"29-Merthyr Tydfil,1843-1857_1861-1896,LR54507/Images/LR-5450-7_v1_00010.jpg | Merthr Tydfil (1849-1857, 1861-1896)/LR-5450-7_v1_00010.jpg"
LR-5450-7_v1_00011.jpg,2,2,"29-Merthyr Tydfil,1843-1857_1861-1896,LR54507 | Merthr Tydfil (1849-1857, 1861-1896)",1,"29-Merthyr Tydfil,1843-1857_1861-1896,LR54507/Images/LR-5450-7_v1_00011.jpg | Merthr Tydfil (1849-1857, 1861-1896)/LR-5450-7_v1_00011.jpg"
LR-5450-7_v1_00012.jpg,2,2,"29-Merthyr Tydfil,1843-1857_1861-1896,LR54507 | Merthr Tydfil (1849-1857, 1861-1896)",1,"29-Merthyr Tydfil,1843-1857_1861-1896,LR54507/Images/LR-5450-7_v1_00012.jpg | Merthr Tydfil (1849-1857, 1861-1896)/LR-5450-7_v1_00012.jpg"
LR-5450-7_v1_00013.jpg,2,2,"29-Merthyr Tydfil,1843-1857_1861-1896,LR54507 | Merthr Tydfil (1849-1857, 1861-1896)",1,"29-Merthyr Tydfil,1843-1857_1861-1896,LR54507/Images/LR-5450-7_v1_00013.jpg | Merthr Tydfil (1849-1857, 1861-1896)/LR-5450-7_v1_00013.jpg"
LR-5450-7_v1_00014.jpg,2,2,"29-Merthyr Tydfil,1843-1857_1861-1896,LR54507 | Merthr Tydfil (1849-1857, 1861-1896)",1,"29-Merthyr Tydfil,1843-1857_1861-1896,LR54507/Images/LR-5450-7_v1_00014.jpg | Merthr Tydfil (1849-1857, 1861-1896)/LR-5450-7_v1_00014.jpg"
LR-5450-7_v1_00015.jpg,2,2,"29-Merthyr Tydfil,1843-1857_1861-1896,LR54507 | Merthr Tydfil (1849-1857, 1861-1896)",1,"29-Merthyr Tydfil,1843-1857_1861-1896,LR54507/Images/LR-5450-7_v1_00015.jpg | Merthr Tydfil (1849-1857, 1861-1896)/LR-5450-7_v1_00015.jpg"
LR-5450-7_v1_00016.jpg,2,2,"29-Merthyr Tydfil,1843-1857_1861-1896,LR54507 | Merthr Tydfil (1849-1857, 1861-1896)",1,"29-Merthyr Tydfil,1843-1857_1861-1896,LR54507/Images/LR-5450-7_v1_00016.jpg | Merthr Tydfil (1849-1857, 1861-1896)/LR-5450-7_v1_00016.jpg"
LR-5450-7_v1_00017.jpg,2,2,"29-Merthyr Tydfil,1843-1857_1861-1896,LR54507 | Merthr Tydfil (1849-1857, 1861-1896)",1,"29-Merthyr Tydfil,1843-1857_1861-1896,LR54507/Images/LR-5450-7_v1_00017.jpg | Merthr Tydfil (1849-1857, 1861-1896)/LR-5450-7_v1_00017.jpg"
LR-5450-7_v1_00018.jpg,2,2,"29-Merthyr Tydfil,1843-1857_1861-1896,LR54507 | Merthr Tydfil (1849-1857, 1861-1896)",1,"29-Merthyr Tydfil,1843-1857_1861-1896,LR54507/Images/LR-5450-7_v1_00018.jpg | Merthr Tydfil (1849-1857, 1861-1896)/LR-5450-7_v1_00018.jpg"
LR-5450-7_v1_00019.jpg,2,2,"29-Merthyr Tydfil,1843-1857_1861-1896,LR54507 | Merthr Tydfil (1849-1857, 1861-1896)",1,"29-Merthyr Tydfil,1843-1857_1861-1896,LR54507/Images/LR-5450-7_v1_00019.jpg | Merthr Tydfil (1849-1857, 1861-1896)/LR-5450-7_v1_00019.jpg"
LR-5450-7_v1_00020.jpg,2,2,"29-Merthyr Tydfil,1843-1857_1861-1896,LR54507 | Merthr Tydfil (1849-1857, 1861-1896)",1,"29-Merthyr Tydfil,1843-1857_1861-1896,LR54507/Images/LR-5450-7_v1_00020.jpg | Merthr Tydfil (1849-1857, 1861-1896)/LR-5450-7_v1_00020.jpg"
LR-5450-7_v1_00021.jpg,2,2,"29-Merthyr Tydfil,1843-1857_1861-1896,LR54507 | Merthr Tydfil (1849-1857, 1861-1896)",1,"29-Merthyr Tydfil,1843-1857_1861-1896,LR54507/Images/LR-5450-7_v1_00021.jpg | Merthr Tydfil (1849-1857, 1861-1896)/LR-5450-7_v1_00021.jpg"
LR-5450-7_v1_00022.jpg,2,2,"29-Merthyr Tydfil,1843-1857_1861-1896,LR54507 | Merthr Tydfil (1849-1857, 1861-1896)",1,"29-Merthyr Tydfil,1843-1857_1861-1896,LR54507/Images/LR-5450-7_v1_00022.jpg | Merthr Tydfil (1849-1857, 1861-1896)/LR-5450-7_v1_00022.jpg"
LR-5450-7_v1_00023.jpg,2,2,"29-Merthyr Tydfil,1843-1857_1861-1896,LR54507 | Merthr Tydfil (1849-1857, 1861-1896)",1,"29-Merthyr Tydfil,1843-1857_1861-1896,LR54507/Images/LR-5450-7_v1_00023.jpg | Merthr Tydfil (1849-1857, 1861-1896)/LR-5450-7_v1_00023.jpg"
LR-5450-7_v1_00024.jpg,2,2,"29-Merthyr Tydfil,1843-1857_1861-1896,LR54507 | Merthr Tydfil (1849-1857, 1861-1896)",1,"29-Merthyr Tydfil,1843-1857_1861-1896,LR54507/Images/LR-5450-7_v1_00024.jpg | Merthr Tydfil (1849-1857, 1861-1896)/LR-5450-7_v1_00024.jpg"
LR-5450-7_v1_00025.jpg,2,2,"29-Merthyr Tydfil,1843-1857_1861-1896,LR54507 | Merthr Tydfil (1849-1857, 1861-1896)",1,"29-Merthyr Tydfil,1843-1857_1861-1896,LR54507/Images/LR-5450-7_v1_00025.jpg | Merthr Tydfil (1849-1857, 1861-1896)/LR-5450-7_v1_00025.jpg"
LR-5450-7_v1_00026.jpg,2,2,"29-Merthyr Tydfil,1843-1857_1861-1896,LR54507 | Merthr Tydfil (1849-1857, 1861-1896)",1,"29-Merthyr Tydfil,1843-1857_1861-1896,LR54507/Images/LR-5450-7_v1_00026.jpg | Merthr Tydfil (1849-1857, 1861-1896)/LR-5450-7_v1_00026.jpg"
LR-5450-7_v1_00027.jpg,2,2,"29-Merthyr Tydfil,1843-1857_1861-1896,LR54507 | Merthr Tydfil (1849-1857, 1861-1896)",1,"29-Merthyr Tydfil,1843-1857_1861-1896,LR54507/Images/LR-5450-7_v1_00027.jpg | Merthr Tydfil (1849-1857, 1861-1896)/LR-5450-7_v1_00027.jpg"
LR-5450-7_v1_00028.jpg,2,2,"29-Merthyr Tydfil,1843-1857_1861-1896,LR54507 | Merthr Tydfil (1849-1857, 1861-1896)",1,"29-Merthyr Tydfil,1843-1857_1861-1896,LR54507/Images/LR-5450-7_v1_00028.jpg | Merthr Tydfil (1849-1857, 1861-1896)/LR-5450-7_v1_00028.jpg"
LR-5450-7_v1_00029.jpg,2,2,"29-Merthyr Tydfil,1843-1857_1861-1896,LR54507 | Merthr Tydfil (1849-1857, 1861-1896)",1,"29-Merthyr Tydfil,1843-1857_1861-1896,LR54507/Images/LR-5450-7_v1_00029.jpg | Merthr Tydfil (1849-1857, 1861-1896)/LR-5450-7_v1_00029.jpg"
LR-5450-7_v1_00030.jpg,2,2,"29-Merthyr Tydfil,1843-1857_1861-1896,LR54507 | Merthr Tydfil (1849-1857, 1861-1896)",1,"29-Merthyr Tydfil,1843-1857_1861-1896,LR54507/Images/LR-5450-7_v1_00030.jpg | Merthr Tydfil (1849-1857, 1861-1896)/LR-5450-7_v1_00030.jpg"
LR-5450-7_v1_00031.jpg,2,2,"29-Merthyr Tydfil,1843-1857_1861-1896,LR54507 | Merthr Tydfil (1849-1857, 1861-1896)",1,"29-Merthyr Tydfil,1843-1857_1861-1896,LR54507/Images/LR-5450-7_v1_00031.jpg | Merthr Tydfil (1849-1857, 1861-1896)/LR-5450-7_v1_00031.jpg"
LR-5450-7_v1_00032.jpg,2,2,"29-Merthyr Tydfil,1843-1857_1861-1896,LR54507 | Merthr Tydfil (1849-1857, 1861-1896)",1,"29-Merthyr Tydfil,1843-1857_1861-1896,LR54507/Images/LR-5450-7_v1_00032.jpg | Merthr Tydfil (1849-1857, 1861-1896)/LR-5450-7_v1_00032.jpg"
LR-5450-7_v1_00033.jpg,2,2,"29-Merthyr Tydfil,1843-1857_1861-1896,LR54507 | Merthr Tydfil (1849-1857, 1861-1896)",1,"29-Merthyr Tydfil,1843-1857_1861-1896,LR54507/Images/LR-5450-7_v1_00033.jpg | Merthr Tydfil (1849-1857, 1861-1896)/LR-5450-7_v1_00033.jpg"
LR-5450-7_v1_00034.jpg,2,2,"29-Merthyr Tydfil,1843-1857_1861-1896,LR54507 | Merthr Tydfil (1849-1857, 1861-1896)",1,"29-Merthyr Tydfil,1843-1857_1861-1896,LR54507/Images/LR-5450-7_v1_00034.jpg | Merthr Tydfil (1849-1857, 1861-1896)/LR-5450-7_v1_00034.jpg"
LR-5450-7_v1_00035.jpg,2,2,"29-Merthyr Tydfil,1843-1857_1861-1896,LR54507 | Merthr Tydfil (1849-1857, 1861-1896)",1,"29-Merthyr Tydfil,1843-1857_1861-1896,LR54507/Images/LR-5450-7_v1_00035.jpg | Merthr Tydfil (1849-1857, 1861-1896)/LR-5450-7_v1_00035.jpg"
LR-5450-7_v1_00036.jpg,2,2,"29-Merthyr Tydfil,1843-1857_1861-1896,LR54507 | Merthr Tydfil (1849-1857, 1861-1896)",1,"29-Merthyr Tydfil,1843-1857_1861-1896,LR54507/Images/LR-5450-7_v1_00036.jpg | Merthr Tydfil (1849-1857, 1861-1896)/LR-5450-7_v1_00036.jpg"
LR-5450-7_v1_00037.jpg,2,2,"29-Merthyr Tydfil,1843-1857_1861-1896,LR54507 | Merthr Tydfil (1849-1857, 1861-1896)",1,"29-Merthyr Tydfil,1843-1857_1861-1896,LR54507/Images/LR-5450-7_v1_00037.jpg | Merthr Tydfil (1849-1857, 1861-1896)/LR-5450-7_v1_00037.jpg"
LR-5450-7_v1_00038.jpg,2,2,"29-Merthyr Tydfil,1843-1857_1861-1896,LR54507 | Merthr Tydfil (1849-1857, 1861-1896)",1,"29-Merthyr Tydfil,1843-1857_1861-1896,LR54507/Images/LR-5450-7_v1_00038.jpg | Merthr Tydfil (1849-1857, 1861-1896)/LR-5450-7_v1_00038.jpg"
LR-5450-7_v1_00039.jpg,2,2,"29-Merthyr Tydfil,1843-1857_1861-1896,LR54507 | Merthr Tydfil (1849-1857, 1861-1896)",1,"29-Merthyr Tydfil,1843-1857_1861-1896,LR54507/Images/LR-5450-7_v1_00039.jpg | Merthr Tydfil (1849-1857, 1861-1896)/LR-5450-7_v1_00039.jpg"
LR-5450-7_v1_00040.jpg,2,2,"29-Merthyr Tydfil,1843-1857_1861-1896,LR54507 | Merthr Tydfil (1849-1857, 1861-1896)",1,"29-Merthyr Tydfil,1843-1857_1861-1896,LR54507/Images/LR-5450-7_v1_00040.jpg | Merthr Tydfil (1849-1857, 1861-1896)/LR-5450-7_v1_00040.jpg"
LR-5450-7_v1_00041.jpg,2,2,"29-Merthyr Tydfil,1843-1857_1861-1896,LR54507 | Merthr Tydfil (1849-1857, 1861-1896)",1,"29-Merthyr Tydfil,1843-1857_1861-1896,LR54507/Images/LR-5450-7_v1_00041.jpg | Merthr Tydfil (1849-1857, 1861-1896)/LR-5450-7_v1_00041.jpg"
LR-5450-7_v1_00042.jpg,2,2,"29-Merthyr Tydfil,1843-1857_1861-1896,LR54507 | Merthr Tydfil (1849-1857, 1861-1896)",1,"29-Merthyr Tydfil,1843-1857_1861-1896,LR54507/Images/LR-5450-7_v1_00042.jpg | Merthr Tydfil (1849-1857, 1861-1896)/LR-5450-7_v1_00042.jpg"
LR-5450-7_v1_00043.jpg,2,2,"29-Merthyr Tydfil,1843-1857_1861-1896,LR54507 | Merthr Tydfil (1849-1857, 1861-1896)",1,"29-Merthyr Tydfil,1843-1857_1861-1896,LR54507/Images/LR-5450-7_v1_00043.jpg | Merthr Tydfil (1849-1857, 1861-1896)/LR-5450-7_v1_00043.jpg"
LR-5450-7_v1_00044.jpg,2,2,"29-Merthyr Tydfil,1843-1857_1861-1896,LR54507 | Merthr Tydfil (1849-1857, 1861-1896)",1,"29-Merthyr Tydfil,1843-1857_1861-1896,LR54507/Images/LR-5450-7_v1_00044.jpg | Merthr Tydfil (1849-1857, 1861-1896)/LR-5450-7_v1_00044.jpg"
LR-5450-7_v1_00045.jpg,2,2,"29-Merthyr Tydfil,1843-1857_1861-1896,LR54507 | Merthr Tydfil (1849-1857, 1861-1896)",1,"29-Merthyr Tydfil,1843-1857_1861-1896,LR54507/Images/LR-5450-7_v1_00045.jpg | Merthr Tydfil (1849-1857, 1861-1896)/LR-5450-7_v1_00045.jpg"
LR-5450-7_v1_00046.jpg,2,2,"29-Merthyr Tydfil,1843-1857_1861-1896,LR54507 | Merthr Tydfil (1849-1857, 1861-1896)",1,"29-Merthyr Tydfil,1843-1857_1861-1896,LR54507/Images/LR-5450-7_v1_00046.jpg | Merthr Tydfil (1849-1857, 1861-1896)/LR-5450-7_v1_00046.jpg"
LR-5450-7_v1_00047.jpg,2,2,"29-Merthyr Tydfil,1843-1857_1861-1896,LR54507 | Merthr Tydfil (1849-1857, 1861-1896)",1,"29-Merthyr Tydfil,1843-1857_1861-1896,LR54507/Images/LR-5450-7_v1_00047.jpg | Merthr Tydfil (1849-1857, 1861-1896)/LR-5450-7_v1_00047.jpg"
LR-5450-7_v1_00048.jpg,2,2,"29-Merthyr Tydfil,1843-1857_1861-1896,LR54507 | Merthr Tydfil (1849-1857, 1861-1896)",1,"29-Merthyr Tydfil,1843-1857_1861-1896,LR54507/Images/LR-5450-7_v1_00048.jpg | Merthr Tydfil (1849-1857, 1861-1896)/LR-5450-7_v1_00048.jpg"
LR-5450-7_v1_00049.jpg,2,2,"29-Merthyr Tydfil,1843-1857_1861-1896,LR54507 | Merthr Tydfil (1849-1857, 1861-1896)",1,"29-Merthyr Tydfil,1843-1857_1861-1896,LR54507/Images/LR-5450-7_v1_00049.jpg | Merthr Tydfil (1849-1857, 1861-1896)/LR-5450-7_v1_00049.jpg"
LR-5450-7_v1_00050.jpg,2,2,"29-Merthyr Tydfil,1843-1857_1861-1896,LR54507 | Merthr Tydfil (1849-1857, 1861-1896)",1,"29-Merthyr Tydfil,1843-1857_1861-1896,LR54507/Images/LR-5450-7_v1_00050.jpg | Merthr Tydfil (1849-1857, 1861-1896)/LR-5450-7_v1_00050.jpg"
LR-5450-7_v1_00051.jpg,2,2,"29-Merthyr Tydfil,1843-1857_1861-1896,LR54507 | Merthr Tydfil (1849-1857, 1861-1896)",1,"29-Merthyr Tydfil,1843-1857_1861-1896,LR54507/Images/LR-5450-7_v1_00051.jpg | Merthr Tydfil (1849-1857, 1861-1896)/LR-5450-7_v1_00051.jpg"
LR-5450-7_v1_00052.jpg,2,2,"29-Merthyr Tydfil,1843-1857_1861-1896,LR54507 | Merthr Tydfil (1849-1857, 1861-1896)",1,"29-Merthyr Tydfil,1843-1857_1861-1896,LR54507/Images/LR-5450-7_v1_00052.jpg | Merthr Tydfil (1849-1857, 1861-1896)/LR-5450-7_v1_00052.jpg"
LR-5450-7_v1_00053.jpg,2,2,"29-Merthyr Tydfil,1843-1857_1861-1896,LR54507 | Merthr Tydfil (1849-1857, 1861-1896)",1,"29-Merthyr Tydfil,1843-1857_1861-1896,LR54507/Images/LR-5450-7_v1_00053.jpg | Merthr Tydfil (1849-1857, 1861-1896)/LR-5450-7_v1_00053.jpg"
LR-5450-7_v1_00054.jpg,2,2,"29-Merthyr Tydfil,1843-1857_1861-1896,LR54507 | Merthr Tydfil (1849-1857, 1861-1896)",1,"29-Merthyr Tydfil,1843-1857_1861-1896,LR54507/Images/LR-5450-7_v1_00054.jpg | Merthr Tydfil (1849-1857, 1861-1896)/LR-5450-7_v1_00054.jpg"
LR-5450-7_v1_00055.jpg,2,2,"29-Merthyr Tydfil,1843-1857_1861-1896,LR54507 | Merthr Tydfil (1849-1857, 1861-1896)",1,"29-Merthyr Tydfil,1843-1857_1861-1896,LR54507/Images/LR-5450-7_v1_00055.jpg | Merthr Tydfil (1849-1857, 1861-1896)/LR-5450-7_v1_00055.jpg"
LR-5450-7_v1_00056.jpg,2,2,"29-Merthyr Tydfil,1843-1857_1861-1896,LR54507 | Merthr Tydfil (1849-1857, 1861-1896)",1,"29-Merthyr Tydfil,1843-1857_1861-1896,LR54507/Images/LR-5450-7_v1_00056.jpg | Merthr Tydfil (1849-1857, 1861-1896)/LR-5450-7_v1_00056.jpg"
LR-5450-7_v1_00057.jpg,2,2,"29-Merthyr Tydfil,1843-1857_1861-1896,LR54507 | Merthr Tydfil (1849-1857, 1861-1896)",1,"29-Merthyr Tydfil,1843-1857_1861-1896,LR54507/Images/LR-5450-7_v1_00057.jpg | Merthr Tydfil (1849-1857, 1861-1896)/LR-5450-7_v1_00057.jpg"
LR-5450-7_v1_00058.jpg,2,2,"29-Merthyr Tydfil,1843-1857_1861-1896,LR54507 | Merthr Tydfil (1849-1857, 1861-1896)",1,"29-Merthyr Tydfil,1843-1857_1861-1896,LR54507/Images/LR-5450-7_v1_00058.jpg | Merthr Tydfil (1849-1857, 1861-1896)/LR-5450-7_v1_00058.jpg"
LR-5450-7_v1_00059.jpg,2,2,"29-Merthyr Tydfil,1843-1857_1861-1896,LR54507 | Merthr Tydfil (1849-1857, 1861-1896)",1,"29-Merthyr Tydfil,1843-1857_1861-1896,LR54507/Images/LR-5450-7_v1_00059.jpg | Merthr Tydfil (1849-1857, 1861-1896)/LR-5450-7_v1_00059.jpg"
LR-5450-7_v1_00060.jpg,2,2,"29-Merthyr Tydfil,1843-1857_1861-1896,LR54507 | Merthr Tydfil (1849-1857, 1861-1896)",1,"29-Merthyr Tydfil,1843-1857_1861-1896,LR54507/Images/LR-5450-7_v1_00060.jpg | Merthr Tydfil (1849-1857, 1861-1896)/LR-5450-7_v1_00060.jpg"
LR-5450-7_v1_00061.jpg,2,2,"29-Merthyr Tydfil,1843-1857_1861-1896,LR54507 | Merthr Tydfil (1849-1857, 1861-1896)",1,"29-Merthyr Tydfil,1843-1857_1861-1896,LR54507/Images/LR-5450-7_v1_00061.jpg | Merthr Tydfil (1849-1857, 1861-1896)/LR-5450-7_v1_00061.jpg"
LR-5450-7_v1_00062.jpg,2,2,"29-Merthyr Tydfil,1843-1857_1861-1896,LR54507 | Merthr Tydfil (1849-1857, 1861-1896)",1,"29-Merthyr Tydfil,1843-1857_1861-1896,LR54507/Images/LR-5450-7_v1_00062.jpg | Merthr Tydfil (1849-1857, 1861-1896)/LR-5450-7_v1_00062.jpg"
LR-5450-7_v1_00063.jpg,2,2,"29-Merthyr Tydfil,1843-1857_1861-1896,LR54507 | Merthr Tydfil (1849-1857, 1861-1896)",1,"29-Merthyr Tydfil,1843-1857_1861-1896,LR54507/Images/LR-5450-7_v1_00063.jpg | Merthr Tydfil (1849-1857, 1861-1896)/LR-5450-7_v1_00063.jpg"
LR-5450-7_v1_00064.jpg,2,2,"29-Merthyr Tydfil,1843-1857_1861-1896,LR54507 | Merthr Tydfil (1849-1857, 1861-1896)",1,"29-Merthyr Tydfil,1843-1857_1861-1896,LR54507/Images/LR-5450-7_v1_00064.jpg | Merthr Tydfil (1849-1857, 1861-1896)/LR-5450-7_v1_00064.jpg"
LR-5450-7_v1_00065.jpg,2,2,"29-Merthyr Tydfil,1843-1857_1861-1896,LR54507 | Merthr Tydfil (1849-1857, 1861-1896)",1,"29-Merthyr Tydfil,1843-1857_1861-1896,LR54507/Images/LR-5450-7_v1_00065.jpg | Merthr Tydfil (1849-1857, 1861-1896)/LR-5450-7_v1_00065.jpg"
LR-5450-7_v1_00066.jpg,2,2,"29-Merthyr Tydfil,1843-1857_1861-1896,LR54507 | Merthr Tydfil (1849-1857, 1861-1896)",1,"29-Merthyr Tydfil,1843-1857_1861-1896,LR54507/Images/LR-5450-7_v1_00066.jpg | Merthr Tydfil (1849-1857, 1861-1896)/LR-5450-7_v1_00066.jpg"
LR-5450-7_v1_00067.jpg,2,2,"29-Merthyr Tydfil,1843-1857_1861-1896,LR54507 | Merthr Tydfil (1849-1857, 1861-1896)",1,"29-Merthyr Tydfil,1843-1857_1861-1896,LR54507/Images/LR-5450-7_v1_00067.jpg | Merthr Tydfil (1849-1857, 1861-1896)/LR-5450-7_v1_00067.jpg"
LR-5450-7_v1_00068.jpg,2,2,"29-Merthyr Tydfil,1843-1857_1861-1896,LR54507 | Merthr Tydfil (1849-1857, 1861-1896)",1,"29-Merthyr Tydfil,1843-1857_1861-1896,LR54507/Images/LR-5450-7_v1_00068.jpg | Merthr Tydfil (1849-1857, 1861-1896)/LR-5450-7_v1_00068.jpg"
LR-5450-7_v1_00069.jpg,2,2,"29-Merthyr Tydfil,1843-1857_1861-1896,LR54507 | Merthr Tydfil (1849-1857, 1861-1896)",1,"29-Merthyr Tydfil,1843-1857_1861-1896,LR54507/Images/LR-5450-7_v1_00069.jpg | Merthr Tydfil (1849-1857, 1861-1896)/LR-5450-7_v1_00069.jpg"
LR-5450-7_v1_00070.jpg,2,2,"29-Merthyr Tydfil,1843-1857_1861-1896,LR54507 | Merthr Tydfil (1849-1857, 1861-1896)",1,"29-Merthyr Tydfil,1843-1857_1861-1896,LR54507/Images/LR-5450-7_v1_00070.jpg | Merthr Tydfil (1849-1857, 1861-1896)/LR-5450-7_v1_00070.jpg"
LR-5450-7_v1_00071.jpg,2,2,"29-Merthyr Tydfil,1843-1857_1861-1896,LR54507 | Merthr Tydfil (1849-1857, 1861-1896)",1,"29-Merthyr Tydfil,1843-1857_1861-1896,LR54507/Images/LR-5450-7_v1_00071.jpg | Merthr Tydfil (1849-1857, 1861-1896)/LR-5450-7_v1_00071.jpg"
LR-5450-7_v1_00072.jpg,2,2,"29-Merthyr Tydfil,1843-1857_1861-1896,LR54507 | Merthr Tydfil (1849-1857, 1861-1896)",1,"29-Merthyr Tydfil,1843-1857_1861-1896,LR54507/Images/LR-5450-7_v1_00072.jpg | Merthr Tydfil (1849-1857, 1861-1896)/LR-5450-7_v1_00072.jpg"
LR-5450-7_v1_00073.jpg,2,2,"29-Merthyr Tydfil,1843-1857_1861-1896,LR54507 | Merthr Tydfil (1849-1857, 1861-1896)",1,"29-Merthyr Tydfil,1843-1857_1861-1896,LR54507/Images/LR-5450-7_v1_00073.jpg | Merthr Tydfil (1849-1857, 1861-1896)/LR-5450-7_v1_00073.jpg"
LR-5450-7_v1_00074.jpg,2,2,"29-Merthyr Tydfil,1843-1857_1861-1896,LR54507 | Merthr Tydfil (1849-1857, 1861-1896)",1,"29-Merthyr Tydfil,1843-1857_1861-1896,LR54507/Images/LR-5450-7_v1_00074.jpg | Merthr Tydfil (1849-1857, 1861-1896)/LR-5450-7_v1_00074.jpg"
LR-5450-7_v1_00075.jpg,2,2,"29-Merthyr Tydfil,1843-1857_1861-1896,LR54507 | Merthr Tydfil (1849-1857, 1861-1896)",1,"29-Merthyr Tydfil,1843-1857_1861-1896,LR54507/Images/LR-5450-7_v1_00075.jpg | Merthr Tydfil (1849-1857, 1861-1896)/LR-5450-7_v1_00075.jpg"
LR-5450-7_v1_00076.jpg,2,2,"29-Merthyr Tydfil,1843-1857_1861-1896,LR54507 | Merthr Tydfil (1849-1857, 1861-1896)",1,"29-Merthyr Tydfil,1843-1857_1861-1896,LR54507/Images/LR-5450-7_v1_00076.jpg | Merthr Tydfil (1849-1857, 1861-1896)/LR-5450-7_v1_00076.jpg"
LR-5450-7_v1_00077.jpg,2,2,"29-Merthyr Tydfil,1843-1857_1861-1896,LR54507 | Merthr Tydfil (1849-1857, 1861-1896)",1,"29-Merthyr Tydfil,1843-1857_1861-1896,LR54507/Images/LR-5450-7_v1_00077.jpg | Merthr Tydfil (1849-1857, 1861-1896)/LR-5450-7_v1_00077.jpg"
LR-5450-7_v1_00078.jpg,2,2,"29-Merthyr Tydfil,1843-1857_1861-1896,LR54507 | Merthr Tydfil (1849-1857, 1861-1896)",1,"29-Merthyr Tydfil,1843-1857_1861-1896,LR54507/Images/LR-5450-7_v1_00078.jpg | Merthr Tydfil (1849-1857, 1861-1896)/LR-5450-7_v1_00078.jpg"
LR-5450-7_v1_00079.jpg,2,2,"29-Merthyr Tydfil,1843-1857_1861-1896,LR54507 | Merthr Tydfil (1849-1857, 1861-1896)",1,"29-Merthyr Tydfil,1843-1857_1861-1896,LR54507/Images/LR-5450-7_v1_00079.jpg | Merthr Tydfil (1849-1857, 1861-1896)/LR-5450-7_v1_00079.jpg"
LR-5450-7_v1_00080.jpg,2,2,"29-Merthyr Tydfil,1843-1857_1861-1896,LR54507 | Merthr Tydfil (1849-1857, 1861-1896)",1,"29-Merthyr Tydfil,1843-1857_1861-1896,LR54507/Images/LR-5450-7_v1_00080.jpg | Merthr Tydfil (1849-1857, 1861-1896)/LR-5450-7_v1_00080.jpg"
LR-5450-7_v1_00081.jpg,2,2,"29-Merthyr Tydfil,1843-1857_1861-1896,LR54507 | Merthr Tydfil (1849-1857, 1861-1896)",1,"29-Merthyr Tydfil,1843-1857_1861-1896,LR54507/Images/LR-5450-7_v1_00081.jpg | Merthr Tydfil (1849-1857, 1861-1896)/LR-5450-7_v1_00081.jpg"
LR-5450-7_v1_00082.jpg,2,2,"29-Merthyr Tydfil,1843-1857_1861-1896,LR54507 | Merthr Tydfil (1849-1857, 1861-1896)",1,"29-Merthyr Tydfil,1843-1857_1861-1896,LR54507/Images/LR-5450-7_v1_00082.jpg | Merthr Tydfil (1849-1857, 1861-1896)/LR-5450-7_v1_00082.jpg"
LR-5450-7_v1_00083.jpg,2,2,"29-Merthyr Tydfil,1843-1857_1861-1896,LR54507 | Merthr Tydfil (1849-1857, 1861-1896)",1,"29-Merthyr Tydfil,1843-1857_1861-1896,LR54507/Images/LR-5450-7_v1_00083.jpg | Merthr Tydfil (1849-1857, 1861-1896)/LR-5450-7_v1_00083.jpg"
LR-5450-7_v1_00084.jpg,2,2,"29-Merthyr Tydfil,1843-1857_1861-1896,LR54507 | Merthr Tydfil (1849-1857, 1861-1896)",1,"29-Merthyr Tydfil,1843-1857_1861-1896,LR54507/Images/LR-5450-7_v1_00084.jpg | Merthr Tydfil (1849-1857, 1861-1896)/LR-5450-7_v1_00084.jpg"
LR-5450-7_v1_00085.jpg,2,2,"29-Merthyr Tydfil,1843-1857_1861-1896,LR54507 | Merthr Tydfil (1849-1857, 1861-1896)",1,"29-Merthyr Tydfil,1843-1857_1861-1896,LR54507/Images/LR-5450-7_v1_00085.jpg | Merthr Tydfil (1849-1857, 1861-1896)/LR-5450-7_v1_00085.jpg"
LR-5450-7_v1_00086.jpg,2,2,"29-Merthyr Tydfil,1843-1857_1861-1896,LR54507 | Merthr Tydfil (1849-1857, 1861-1896)",1,"29-Merthyr Tydfil,1843-1857_1861-1896,LR54507/Images/LR-5450-7_v1_00086.jpg | Merthr Tydfil (1849-1857, 1861-1896)/LR-5450-7_v1_00086.jpg"
LR-5450-7_v1_00087.jpg,2,2,"29-Merthyr Tydfil,1843-1857_1861-1896,LR54507 | Merthr Tydfil (1849-1857, 1861-1896)",1,"29-Merthyr Tydfil,1843-1857_1861-1896,LR54507/Images/LR-5450-7_v1_00087.jpg | Merthr Tydfil (1849-1857, 1861-1896)/LR-5450-7_v1_00087.jpg"
LR-5450-7_v1_00088.jpg,2,2,"29-Merthyr Tydfil,1843-1857_1861-1896,LR54507 | Merthr Tydfil (1849-1857, 1861-1896)",1,"29-Merthyr Tydfil,1843-1857_1861-1896,LR54507/Images/LR-5450-7_v1_00088.jpg | Merthr Tydfil (1849-1857, 1861-1896)/LR-5450-7_v1_00088.jpg"
LR-5450-7_v1_00089.jpg,2,2,"29-Merthyr Tydfil,1843-1857_1861-1896,LR54507 | Merthr Tydfil (1849-1857, 1861-1896)",1,"29-Merthyr Tydfil,1843-1857_1861-1896,LR54507/Images/LR-5450-7_v1_00089.jpg | Merthr Tydfil (1849-1857, 1861-1896)/LR-5450-7_v1_00089.jpg"
LR-5450-7_v1_00090.jpg,2,2,"29-Merthyr Tydfil,1843-1857_1861-1896,LR54507 | Merthr Tydfil (1849-1857, 1861-1896)",1,"29-Merthyr Tydfil,1843-1857_1861-1896,LR54507/Images/LR-5450-7_v1_00090.jpg | Merthr Tydfil (1849-1857, 1861-1896)/LR-5450-7_v1_00090.jpg"
LR-5450-7_v1_00091.jpg,2,2,"29-Merthyr Tydfil,1843-1857_1861-1896,LR54507 | Merthr Tydfil (1849-1857, 1861-1896)",1,"29-Merthyr Tydfil,1843-1857_1861-1896,LR54507/Images/LR-5450-7_v1_00091.jpg | Merthr Tydfil (1849-1857, 1861-1896)/LR-5450-7_v1_00091.jpg"
LR-5450-7_v1_00092.jpg,2,2,"29-Merthyr Tydfil,1843-1857_1861-1896,LR54507 | Merthr Tydfil (1849-1857, 1861-1896)",1,"29-Merthyr Tydfil,1843-1857_1861-1896,LR54507/Images/LR-5450-7_v1_00092.jpg | Merthr Tydfil (1849-1857, 1861-1896)/LR-5450-7_v1_00092.jpg"
LR-5450-7_v1_00093.jpg,2,2,"29-Merthyr Tydfil,1843-1857_1861-1896,LR54507 | Merthr Tydfil (1849-1857, 1861-1896)",1,"29-Merthyr Tydfil,1843-1857_1861-1896,LR54507/Images/LR-5450-7_v1_00093.jpg | Merthr Tydfil (1849-1857, 1861-1896)/LR-5450-7_v1_00093.jpg"
LR-5450-7_v1_00094.jpg,2,2,"29-Merthyr Tydfil,1843-1857_1861-1896,LR54507 | Merthr Tydfil (1849-1857, 1861-1896)",1,"29-Merthyr Tydfil,1843-1857_1861-1896,LR54507/Images/LR-5450-7_v1_00094.jpg | Merthr Tydfil (1849-1857, 1861-1896)/LR-5450-7_v1_00094.jpg"
LR-5450-7_v1_00095.jpg,2,2,"29-Merthyr Tydfil,1843-1857_1861-1896,LR54507 | Merthr Tydfil (1849-1857, 1861-1896)",1,"29-Merthyr Tydfil,1843-1857_1861-1896,LR54507/Images/LR-5450-7_v1_00095.jpg | Merthr Tydfil (1849-1857, 1861-1896)/LR-5450-7_v1_00095.jpg"
LR-5450-7_v1_00096.jpg,2,2,"29-Merthyr Tydfil,1843-1857_1861-1896,LR54507 | Merthr Tydfil (1849-1857, 1861-1896)",1,"29-Merthyr Tydfil,1843-1857_1861-1896,LR54507/Images/LR-5450-7_v1_00096.jpg | Merthr Tydfil (1849-1857, 1861-1896)/LR-5450-7_v1_00096.jpg"
LR-5450-7_v1_00097.jpg,2,2,"29-Merthyr Tydfil,1843-1857_1861-1896,LR54507 | Merthr Tydfil (1849-1857, 1861-1896)",1,"29-Merthyr Tydfil,1843-1857_1861-1896,LR54507/Images/LR-5450-7_v1_00097.jpg | Merthr Tydfil (1849-1857, 1861-1896)/LR-5450-7_v1_00097.jpg"
LR-5450-7_v1_00098.jpg,2,2,"29-Merthyr Tydfil,1843-1857_1861-1896,LR54507 | Merthr Tydfil (1849-1857, 1861-1896)",1,"29-Merthyr Tydfil,1843-1857_1861-1896,LR54507/Images/LR-5450-7_v1_00098.jpg | Merthr Tydfil (1849-1857, 1861-1896)/LR-5450-7_v1_00098.jpg"
LR-5450-7_v1_00099.jpg,2,2,"29-Merthyr Tydfil,1843-1857_1861-1896,LR54507 | Merthr Tydfil (1849-1857, 1861-1896)",1,"29-Merthyr Tydfil,1843-1857_1861-1896,LR54507/Images/LR-5450-7_v1_00099.jpg | Merthr Tydfil (1849-1857, 1861-1896)/LR-5450-7_v1_00099.jpg"
LR-5450-7_v1_00100.jpg,2,2,"29-Merthyr Tydfil,1843-1857_1861-1896,LR54507 | Merthr Tydfil (1849-1857, 1861-1896)",1,"29-Merthyr Tydfil,1843-1857_1861-1896,LR54507/Images/LR-5450-7_v1_00100.jpg | Merthr Tydfil (1849-1857, 1861-1896)/LR-5450-7_v1_00100.jpg"
LR-5450-7_v1_00101.jpg,2,2,"29-Merthyr Tydfil,1843-1857_1861-1896,LR54507 | Merthr Tydfil (1849-1857, 1861-1896)",1,"29-Merthyr Tydfil,1843-1857_1861-1896,LR54507/Images/LR-5450-7_v1_00101.jpg | Merthr Tydfil (1849-1857, 1861-1896)/LR-5450-7_v1_00101.jpg"
LR-5450-7_v1_00102.jpg,2,2,"29-Merthyr Tydfil,1843-1857_1861-1896,LR54507 | Merthr Tydfil (1849-1857, 1861-1896)",1,"29-Merthyr Tydfil,1843-1857_1861-1896,LR54507/Images/LR-5450-7_v1_00102.jpg | Merthr Tydfil (1849-1857, 1861-1896)/LR-5450-7_v1_00102.jpg"
LR-5450-7_v1_00103.jpg,2,2,"29-Merthyr Tydfil,1843-1857_1861-1896,LR54507 | Merthr Tydfil (1849-1857, 1861-1896)",1,"29-Merthyr Tydfil,1843-1857_1861-1896,LR54507/Images/LR-5450-7_v1_00103.jpg | Merthr Tydfil (1849-1857, 1861-1896)/LR-5450-7_v1_00103.jpg"
LR-5450-7_v1_00104.jpg,2,2,"29-Merthyr Tydfil,1843-1857_1861-1896,LR54507 | Merthr Tydfil (1849-1857, 1861-1896)",1,"29-Merthyr Tydfil,1843-1857_1861-1896,LR54507/Images/LR-5450-7_v1_00104.jpg | Merthr Tydfil (1849-1857, 1861-1896)/LR-5450-7_v1_00104.jpg"
LR-5450-7_v1_00105.jpg,2,2,"29-Merthyr Tydfil,1843-1857_1861-1896,LR54507 | Merthr Tydfil (1849-1857, 1861-1896)",1,"29-Merthyr Tydfil,1843-1857_1861-1896,LR54507/Images/LR-5450-7_v1_00105.jpg | Merthr Tydfil (1849-1857, 1861-1896)/LR-5450-7_v1_00105.jpg"
LR-5450-7_v1_00106.jpg,2,2,"29-Merthyr Tydfil,1843-1857_1861-1896,LR54507 | Merthr Tydfil (1849-1857, 1861-1896)",1,"29-Merthyr Tydfil,1843-1857_1861-1896,LR54507/Images/LR-5450-7_v1_00106.jpg | Merthr Tydfil (1849-1857, 1861-1896)/LR-5450-7_v1_00106.jpg"
LR-5450-7_v1_00107.jpg,2,2,"29-Merthyr Tydfil,1843-1857_1861-1896,LR54507 | Merthr Tydfil (1849-1857, 1861-1896)",1,"29-Merthyr Tydfil,1843-1857_1861-1896,LR54507/Images/LR-5450-7_v1_00107.jpg | Merthr Tydfil (1849-1857, 1861-1896)/LR-5450-7_v1_00107.jpg"
LR-5450-7_v1_00108.jpg,2,2,"29-Merthyr Tydfil,1843-1857_1861-1896,LR54507 | Merthr Tydfil (1849-1857, 1861-1896)",1,"29-Merthyr Tydfil,1843-1857_1861-1896,LR54507/Images/LR-5450-7_v1_00108.jpg | Merthr Tydfil (1849-1857, 1861-1896)/LR-5450-7_v1_00108.jpg"
LR-5450-7_v1_00109.jpg,2,2,"29-Merthyr Tydfil,1843-1857_1861-1896,LR54507 | Merthr Tydfil (1849-1857, 1861-1896)",1,"29-Merthyr Tydfil,1843-1857_1861-1896,LR54507/Images/LR-5450-7_v1_00109.jpg | Merthr Tydfil (1849-1857, 1861-1896)/LR-5450-7_v1_00109.jpg"
LR-5450-7_v1_00110.jpg,2,2,"29-Merthyr Tydfil,1843-1857_1861-1896,LR54507 | Merthr Tydfil (1849-1857, 1861-1896)",1,"29-Merthyr Tydfil,1843-1857_1861-1896,LR54507/Images/LR-5450-7_v1_00110.jpg | Merthr Tydfil (1849-1857, 1861-1896)/LR-5450-7_v1_00110.jpg"
LR-5450-7_v1_00111.jpg,2,2,"29-Merthyr Tydfil,1843-1857_1861-1896,LR54507 | Merthr Tydfil (1849-1857, 1861-1896)",1,"29-Merthyr Tydfil,1843-1857_1861-1896,LR54507/Images/LR-5450-7_v1_00111.jpg | Merthr Tydfil (1849-1857, 1861-1896)/LR-5450-7_v1_00111.jpg"
LR-5450-7_v1_00112.jpg,2,2,"29-Merthyr Tydfil,1843-1857_1861-1896,LR54507 | Merthr Tydfil (1849-1857, 1861-1896)",1,"29-Merthyr Tydfil,1843-1857_1861-1896,LR54507/Images/LR-5450-7_v1_00112.jpg | Merthr Tydfil (1849-1857, 1861-1896)/LR-5450-7_v1_00112.jpg"
LR-5450-7_v1_00113.jpg,2,2,"29-Merthyr Tydfil,1843-1857_1861-1896,LR54507 | Merthr Tydfil (1849-1857, 1861-1896)",1,"29-Merthyr Tydfil,1843-1857_1861-1896,LR54507/Images/LR-5450-7_v1_00113.jpg | Merthr Tydfil (1849-1857, 1861-1896)/LR-5450-7_v1_00113.jpg"
LR-5450-7_v1_00114.jpg,2,2,"29-Merthyr Tydfil,1843-1857_1861-1896,LR54507 | Merthr Tydfil (1849-1857, 1861-1896)",1,"29-Merthyr Tydfil,1843-1857_1861-1896,LR54507/Images/LR-5450-7_v1_00114.jpg | Merthr Tydfil (1849-1857, 1861-1896)/LR-5450-7_v1_00114.jpg"
LR-5450-7_v1_00115.jpg,2,2,"29-Merthyr Tydfil,1843-1857_1861-1896,LR54507 | Merthr Tydfil (1849-1857, 1861-1896)",1,"29-Merthyr Tydfil,1843-1857_1861-1896,LR54507/Images/LR-5450-7_v1_00115.jpg | Merthr Tydfil (1849-1857, 1861-1896)/LR-5450-7_v1_00115.jpg"
LR-5450-7_v1_00116.jpg,2,2,"29-Merthyr Tydfil,1843-1857_1861-1896,LR54507 | Merthr Tydfil (1849-1857, 1861-1896)",1,"29-Merthyr Tydfil,1843-1857_1861-1896,LR54507/Images/LR-5450-7_v1_00116.jpg | Merthr Tydfil (1849-1857, 1861-1896)/LR-5450-7_v1_00116.jpg"
LR-5450-7_v1_00117.jpg,2,2,"29-Merthyr Tydfil,1843-1857_1861-1896,LR54507 | Merthr Tydfil (1849-1857, 1861-1896)",1,"29-Merthyr Tydfil,1843-1857_1861-1896,LR54507/Images/LR-5450-7_v1_00117.jpg | Merthr Tydfil (1849-1857, 1861-1896)/LR-5450-7_v1_00117.jpg"
LR-5450-7_v1_00118.jpg,2,2,"29-Merthyr Tydfil,1843-1857_1861-1896,LR54507 | Merthr Tydfil (1849-1857, 1861-1896)",1,"29-Merthyr Tydfil,1843-1857_1861-1896,LR54507/Images/LR-5450-7_v1_00118.jpg | Merthr Tydfil (1849-1857, 1861-1896)/LR-5450-7_v1_00118.jpg"
LR-5450-7_v1_00119.jpg,2,2,"29-Merthyr Tydfil,1843-1857_1861-1896,LR54507 | Merthr Tydfil (1849-1857, 1861-1896)",1,"29-Merthyr Tydfil,1843-1857_1861-1896,LR54507/Images/LR-5450-7_v1_00119.jpg | Merthr Tydfil (1849-1857, 1861-1896)/LR-5450-7_v1_00119.jpg"
LR-5450-7_v1_00120.jpg,2,2,"29-Merthyr Tydfil,1843-1857_1861-1896,LR54507 | Merthr Tydfil (1849-1857, 1861-1896)",1,"29-Merthyr Tydfil,1843-1857_1861-1896,LR54507/Images/LR-5450-7_v1_00120.jpg | Merthr Tydfil (1849-1857, 1861-1896)/LR-5450-7_v1_00120.jpg"
LR-5450-7_v1_00121.jpg,2,2,"29-Merthyr Tydfil,1843-1857_1861-1896,LR54507 | Merthr Tydfil (1849-1857, 1861-1896)",1,"29-Merthyr Tydfil,1843-1857_1861-1896,LR54507/Images/LR-5450-7_v1_00121.jpg | Merthr Tydfil (1849-1857, 1861-1896)/LR-5450-7_v1_00121.jpg"
LR-5450-7_v1_00122.jpg,2,2,"29-Merthyr Tydfil,1843-1857_1861-1896,LR54507 | Merthr Tydfil (1849-1857, 1861-1896)",1,"29-Merthyr Tydfil,1843-1857_1861-1896,LR54507/Images/LR-5450-7_v1_00122.jpg | Merthr Tydfil (1849-1857, 1861-1896)/LR-5450-7_v1_00122.jpg"
LR-5450-7_v1_00123.jpg,2,2,"29-Merthyr Tydfil,1843-1857_1861-1896,LR54507 | Merthr Tydfil (1849-1857, 1861-1896)",1,"29-Merthyr Tydfil,1843-1857_1861-1896,LR54507/Images/LR-5450-7_v1_00123.jpg | Merthr Tydfil (1849-1857, 1861-1896)/LR-5450-7_v1_00123.jpg"
LR-5450-7_v1_00124.jpg,2,2,"29-Merthyr Tydfil,1843-1857_1861-1896,LR54507 | Merthr Tydfil (1849-1857, 1861-1896)",1,"29-Merthyr Tydfil,1843-1857_1861-1896,LR54507/Images/LR-5450-7_v1_00124.jpg | Merthr Tydfil (1849-1857, 1861-1896)/LR-5450-7_v1_00124.jpg"
LR-5450-7_v1_00125.jpg,2,2,"29-Merthyr Tydfil,1843-1857_1861-1896,LR54507 | Merthr Tydfil (1849-1857, 1861-1896)",1,"29-Merthyr Tydfil,1843-1857_1861-1896,LR54507/Images/LR-5450-7_v1_00125.jpg | Merthr Tydfil (1849-1857, 1861-1896)/LR-5450-7_v1_00125.jpg"
LR-5450-7_v1_00126.jpg,2,2,"29-Merthyr Tydfil,1843-1857_1861-1896,LR54507 | Merthr Tydfil (1849-1857, 1861-1896)",1,"29-Merthyr Tydfil,1843-1857_1861-1896,LR54507/Images/LR-5450-7_v1_00126.jpg | Merthr Tydfil (1849-1857, 1861-1896)/LR-5450-7_v1_00126.jpg"
LR-5450-7_v1_00127.jpg,2,2,"29-Merthyr Tydfil,1843-1857_1861-1896,LR54507 | Merthr Tydfil (1849-1857, 1861-1896)",1,"29-Merthyr Tydfil,1843-1857_1861-1896,LR54507/Images/LR-5450-7_v1_00127.jpg | Merthr Tydfil (1849-1857, 1861-1896)/LR-5450-7_v1_00127.jpg"
LR-5450-7_v1_00128.jpg,2,2,"29-Merthyr Tydfil,1843-1857_1861-1896,LR54507 | Merthr Tydfil (1849-1857, 1861-1896)",1,"29-Merthyr Tydfil,1843-1857_1861-1896,LR54507/Images/LR-5450-7_v1_00128.jpg | Merthr Tydfil (1849-1857, 1861-1896)/LR-5450-7_v1_00128.jpg"
LR-5450-7_v1_00129.jpg,2,2,"29-Merthyr Tydfil,1843-1857_1861-1896,LR54507 | Merthr Tydfil (1849-1857, 1861-1896)",1,"29-Merthyr Tydfil,1843-1857_1861-1896,LR54507/Images/LR-5450-7_v1_00129.jpg | Merthr Tydfil (1849-1857, 1861-1896)/LR-5450-7_v1_00129.jpg"
LR-5450-7_v1_00130.jpg,2,2,"29-Merthyr Tydfil,1843-1857_1861-1896,LR54507 | Merthr Tydfil (1849-1857, 1861-1896)",1,"29-Merthyr Tydfil,1843-1857_1861-1896,LR54507/Images/LR-5450-7_v1_00130.jpg | Merthr Tydfil (1849-1857, 1861-1896)/LR-5450-7_v1_00130.jpg"
LR-5450-7_v1_00131.jpg,2,2,"29-Merthyr Tydfil,1843-1857_1861-1896,LR54507 | Merthr Tydfil (1849-1857, 1861-1896)",1,"29-Merthyr Tydfil,1843-1857_1861-1896,LR54507/Images/LR-5450-7_v1_00131.jpg | Merthr Tydfil (1849-1857, 1861-1896)/LR-5450-7_v1_00131.jpg"
LR-5450-7_v1_00132.jpg,2,2,"29-Merthyr Tydfil,1843-1857_1861-1896,LR54507 | Merthr Tydfil (1849-1857, 1861-1896)",1,"29-Merthyr Tydfil,1843-1857_1861-1896,LR54507/Images/LR-5450-7_v1_00132.jpg | Merthr Tydfil (1849-1857, 1861-1896)/LR-5450-7_v1_00132.jpg"
LR-5450-7_v1_00133.jpg,2,2,"29-Merthyr Tydfil,1843-1857_1861-1896,LR54507 | Merthr Tydfil (1849-1857, 1861-1896)",1,"29-Merthyr Tydfil,1843-1857_1861-1896,LR54507/Images/LR-5450-7_v1_00133.jpg | Merthr Tydfil (1849-1857, 1861-1896)/LR-5450-7_v1_00133.jpg"
LR-5450-7_v1_00134.jpg,2,2,"29-Merthyr Tydfil,1843-1857_1861-1896,LR54507 | Merthr Tydfil (1849-1857, 1861-1896)",1,"29-Merthyr Tydfil,1843-1857_1861-1896,LR54507/Images/LR-5450-7_v1_00134.jpg | Merthr Tydfil (1849-1857, 1861-1896)/LR-5450-7_v1_00134.jpg"
LR-5450-7_v1_00135.jpg,2,2,"29-Merthyr Tydfil,1843-1857_1861-1896,LR54507 | Merthr Tydfil (1849-1857, 1861-1896)",1,"29-Merthyr Tydfil,1843-1857_1861-1896,LR54507/Images/LR-5450-7_v1_00135.jpg | Merthr Tydfil (1849-1857, 1861-1896)/LR-5450-7_v1_00135.jpg"
LR-5450-7_v1_00136.jpg,2,2,"29-Merthyr Tydfil,1843-1857_1861-1896,LR54507 | Merthr Tydfil (1849-1857, 1861-1896)",1,"29-Merthyr Tydfil,1843-1857_1861-1896,LR54507/Images/LR-5450-7_v1_00136.jpg | Merthr Tydfil (1849-1857, 1861-1896)/LR-5450-7_v1_00136.jpg"
LR-5450-7_v1_00137.jpg,2,2,"29-Merthyr Tydfil,1843-1857_1861-1896,LR54507 | Merthr Tydfil (1849-1857, 1861-1896)",1,"29-Merthyr Tydfil,1843-1857_1861-1896,LR54507/Images/LR-5450-7_v1_00137.jpg | Merthr Tydfil (1849-1857, 1861-1896)/LR-5450-7_v1_00137.jpg"
LR-5450-7_v1_00138.jpg,2,2,"29-Merthyr Tydfil,1843-1857_1861-1896,LR54507 | Merthr Tydfil (1849-1857, 1861-1896)",1,"29-Merthyr Tydfil,1843-1857_1861-1896,LR54507/Images/LR-5450-7_v1_00138.jpg | Merthr Tydfil (1849-1857, 1861-1896)/LR-5450-7_v1_00138.jpg"
LR-5450-7_v1_00139.jpg,2,2,"29-Merthyr Tydfil,1843-1857_1861-1896,LR54507 | Merthr Tydfil (1849-1857, 1861-1896)",1,"29-Merthyr Tydfil,1843-1857_1861-1896,LR54507/Images/LR-5450-7_v1_00139.jpg | Merthr Tydfil (1849-1857, 1861-1896)/LR-5450-7_v1_00139.jpg"
LR-5450-7_v1_00140.jpg,2,2,"29-Merthyr Tydfil,1843-1857_1861-1896,LR54507 | Merthr Tydfil (1849-1857, 1861-1896)",1,"29-Merthyr Tydfil,1843-1857_1861-1896,LR54507/Images/LR-5450-7_v1_00140.jpg | Merthr Tydfil (1849-1857, 1861-1896)/LR-5450-7_v1_00140.jpg"
LR-5450-7_v1_00141.jpg,2,2,"29-Merthyr Tydfil,1843-1857_1861-1896,LR54507 | Merthr Tydfil (1849-1857, 1861-1896)",1,"29-Merthyr Tydfil,1843-1857_1861-1896,LR54507/Images/LR-5450-7_v1_00141.jpg | Merthr Tydfil (1849-1857, 1861-1896)/LR-5450-7_v1_00141.jpg"
LR-5450-7_v1_00142.jpg,2,2,"29-Merthyr Tydfil,1843-1857_1861-1896,LR54507 | Merthr Tydfil (1849-1857, 1861-1896)",1,"29-Merthyr Tydfil,1843-1857_1861-1896,LR54507/Images/LR-5450-7_v1_00142.jpg | Merthr Tydfil (1849-1857, 1861-1896)/LR-5450-7_v1_00142.jpg"
LR-5450-7_v1_00143.jpg,2,2,"29-Merthyr Tydfil,1843-1857_1861-1896,LR54507 | Merthr Tydfil (1849-1857, 1861-1896)",1,"29-Merthyr Tydfil,1843-1857_1861-1896,LR54507/Images/LR-5450-7_v1_00143.jpg | Merthr Tydfil (1849-1857, 1861-1896)/LR-5450-7_v1_00143.jpg"
LR-5450-7_v1_00144.jpg,2,2,"29-Merthyr Tydfil,1843-1857_1861-1896,LR54507 | Merthr Tydfil (1849-1857, 1861-1896)",1,"29-Merthyr Tydfil,1843-1857_1861-1896,LR54507/Images/LR-5450-7_v1_00144.jpg | Merthr Tydfil (1849-1857, 1861-1896)/LR-5450-7_v1_00144.jpg"
LR-5450-7_v1_00145.jpg,2,2,"29-Merthyr Tydfil,1843-1857_1861-1896,LR54507 | Merthr Tydfil (1849-1857, 1861-1896)",1,"29-Merthyr Tydfil,1843-1857_1861-1896,LR54507/Images/LR-5450-7_v1_00145.jpg | Merthr Tydfil (1849-1857, 1861-1896)/LR-5450-7_v1_00145.jpg"
LR-5450-7_v1_00146.jpg,2,2,"29-Merthyr Tydfil,1843-1857_1861-1896,LR54507 | Merthr Tydfil (1849-1857, 1861-1896)",1,"29-Merthyr Tydfil,1843-1857_1861-1896,LR54507/Images/LR-5450-7_v1_00146.jpg | Merthr Tydfil (1849-1857, 1861-1896)/LR-5450-7_v1_00146.jpg"
LR-5450-7_v1_00147.jpg,2,2,"29-Merthyr Tydfil,1843-1857_1861-1896,LR54507 | Merthr Tydfil (1849-1857, 1861-1896)",1,"29-Merthyr Tydfil,1843-1857_1861-1896,LR54507/Images/LR-5450-7_v1_00147.jpg | Merthr Tydfil (1849-1857, 1861-1896)/LR-5450-7_v1_00147.jpg"
LR-5450-7_v1_00148.jpg,2,2,"29-Merthyr Tydfil,1843-1857_1861-1896,LR54507 | Merthr Tydfil (1849-1857, 1861-1896)",1,"29-Merthyr Tydfil,1843-1857_1861-1896,LR54507/Images/LR-5450-7_v1_00148.jpg | Merthr Tydfil (1849-1857, 1861-1896)/LR-5450-7_v1_00148.jpg"
LR-5450-7_v1_00149.jpg,2,2,"29-Merthyr Tydfil,1843-1857_1861-1896,LR54507 | Merthr Tydfil (1849-1857, 1861-1896)",1,"29-Merthyr Tydfil,1843-1857_1861-1896,LR54507/Images/LR-5450-7_v1_00149.jpg | Merthr Tydfil (1849-1857, 1861-1896)/LR-5450-7_v1_00149.jpg"
LR-5450-7_v1_00150.jpg,2,2,"29-Merthyr Tydfil,1843-1857_1861-1896,LR54507 | Merthr Tydfil (1849-1857, 1861-1896)",1,"29-Merthyr Tydfil,1843-1857_1861-1896,LR54507/Images/LR-5450-7_v1_00150.jpg | Merthr Tydfil (1849-1857, 1861-1896)/LR-5450-7_v1_00150.jpg"
LR-5450-7_v1_00151.jpg,2,2,"29-Merthyr Tydfil,1843-1857_1861-1896,LR54507 | Merthr Tydfil (1849-1857, 1861-1896)",1,"29-Merthyr Tydfil,1843-1857_1861-1896,LR54507/Images/LR-5450-7_v1_00151.jpg | Merthr Tydfil (1849-1857, 1861-1896)/LR-5450-7_v1_00151.jpg"
LR-5450-7_v1_00152.jpg,2,2,"29-Merthyr Tydfil,1843-1857_1861-1896,LR54507 | Merthr Tydfil (1849-1857, 1861-1896)",1,"29-Merthyr Tydfil,1843-1857_1861-1896,LR54507/Images/LR-5450-7_v1_00152.jpg | Merthr Tydfil (1849-1857, 1861-1896)/LR-5450-7_v1_00152.jpg"
LR-5450-7_v2_00001.jpg,2,2,"29-Merthyr Tydfil,1843-1857_1861-1896,LR54507 | Merthr Tydfil (1849-1857, 1861-1896)",1,"29-Merthyr Tydfil,1843-1857_1861-1896,LR54507/Images/LR-5450-7_v2_00001.jpg | Merthr Tydfil (1849-1857, 1861-1896)/LR-5450-7_v2_00001.jpg"
LR-5450-7_v2_00002.jpg,2,2,"29-Merthyr Tydfil,1843-1857_1861-1896,LR54507 | Merthr Tydfil (1849-1857, 1861-1896)",1,"29-Merthyr Tydfil,1843-1857_1861-1896,LR54507/Images/LR-5450-7_v2_00002.jpg | Merthr Tydfil (1849-1857, 1861-1896)/LR-5450-7_v2_00002.jpg"
LR-5450-7_v2_00003.jpg,2,2,"29-Merthyr Tydfil,1843-1857_1861-1896,LR54507 | Merthr Tydfil (1849-1857, 1861-1896)",1,"29-Merthyr Tydfil,1843-1857_1861-1896,LR54507/Images/LR-5450-7_v2_00003.jpg | Merthr Tydfil (1849-1857, 1861-1896)/LR-5450-7_v2_00003.jpg"
LR-5450-7_v2_00004.jpg,2,2,"29-Merthyr Tydfil,1843-1857_1861-1896,LR54507 | Merthr Tydfil (1849-1857, 1861-1896)",1,"29-Merthyr Tydfil,1843-1857_1861-1896,LR54507/Images/LR-5450-7_v2_00004.jpg | Merthr Tydfil (1849-1857, 1861-1896)/LR-5450-7_v2_00004.jpg"
LR-5450-7_v2_00005.jpg,2,2,"29-Merthyr Tydfil,1843-1857_1861-1896,LR54507 | Merthr Tydfil (1849-1857, 1861-1896)",1,"29-Merthyr Tydfil,1843-1857_1861-1896,LR54507/Images/LR-5450-7_v2_00005.jpg | Merthr Tydfil (1849-1857, 1861-1896)/LR-5450-7_v2_00005.jpg"
LR-5450-7_v2_00006.jpg,2,2,"29-Merthyr Tydfil,1843-1857_1861-1896,LR54507 | Merthr Tydfil (1849-1857, 1861-1896)",1,"29-Merthyr Tydfil,1843-1857_1861-1896,LR54507/Images/LR-5450-7_v2_00006.jpg | Merthr Tydfil (1849-1857, 1861-1896)/LR-5450-7_v2_00006.jpg"
LR-5450-7_v2_00007.jpg,2,2,"29-Merthyr Tydfil,1843-1857_1861-1896,LR54507 | Merthr Tydfil (1849-1857, 1861-1896)",1,"29-Merthyr Tydfil,1843-1857_1861-1896,LR54507/Images/LR-5450-7_v2_00007.jpg | Merthr Tydfil (1849-1857, 1861-1896)/LR-5450-7_v2_00007.jpg"
LR-5450-7_v2_00008.jpg,2,2,"29-Merthyr Tydfil,1843-1857_1861-1896,LR54507 | Merthr Tydfil (1849-1857, 1861-1896)",1,"29-Merthyr Tydfil,1843-1857_1861-1896,LR54507/Images/LR-5450-7_v2_00008.jpg | Merthr Tydfil (1849-1857, 1861-1896)/LR-5450-7_v2_00008.jpg"
LR-5450-7_v2_00009.jpg,2,2,"29-Merthyr Tydfil,1843-1857_1861-1896,LR54507 | Merthr Tydfil (1849-1857, 1861-1896)",1,"29-Merthyr Tydfil,1843-1857_1861-1896,LR54507/Images/LR-5450-7_v2_00009.jpg | Merthr Tydfil (1849-1857, 1861-1896)/LR-5450-7_v2_00009.jpg"
LR-5450-7_v2_00010.jpg,2,2,"29-Merthyr Tydfil,1843-1857_1861-1896,LR54507 | Merthr Tydfil (1849-1857, 1861-1896)",1,"29-Merthyr Tydfil,1843-1857_1861-1896,LR54507/Images/LR-5450-7_v2_00010.jpg | Merthr Tydfil (1849-1857, 1861-1896)/LR-5450-7_v2_00010.jpg"
LR-5450-7_v2_00011.jpg,2,2,"29-Merthyr Tydfil,1843-1857_1861-1896,LR54507 | Merthr Tydfil (1849-1857, 1861-1896)",1,"29-Merthyr Tydfil,1843-1857_1861-1896,LR54507/Images/LR-5450-7_v2_00011.jpg | Merthr Tydfil (1849-1857, 1861-1896)/LR-5450-7_v2_00011.jpg"
LR-5450-7_v2_00012.jpg,2,2,"29-Merthyr Tydfil,1843-1857_1861-1896,LR54507 | Merthr Tydfil (1849-1857, 1861-1896)",1,"29-Merthyr Tydfil,1843-1857_1861-1896,LR54507/Images/LR-5450-7_v2_00012.jpg | Merthr Tydfil (1849-1857, 1861-1896)/LR-5450-7_v2_00012.jpg"
LR-5450-7_v2_00013.jpg,2,2,"29-Merthyr Tydfil,1843-1857_1861-1896,LR54507 | Merthr Tydfil (1849-1857, 1861-1896)",1,"29-Merthyr Tydfil,1843-1857_1861-1896,LR54507/Images/LR-5450-7_v2_00013.jpg | Merthr Tydfil (1849-1857, 1861-1896)/LR-5450-7_v2_00013.jpg"
LR-5450-7_v2_00014.jpg,2,2,"29-Merthyr Tydfil,1843-1857_1861-1896,LR54507 | Merthr Tydfil (1849-1857, 1861-1896)",1,"29-Merthyr Tydfil,1843-1857_1861-1896,LR54507/Images/LR-5450-7_v2_00014.jpg | Merthr Tydfil (1849-1857, 1861-1896)/LR-5450-7_v2_00014.jpg"
LR-5450-7_v2_00015.jpg,2,2,"29-Merthyr Tydfil,1843-1857_1861-1896,LR54507 | Merthr Tydfil (1849-1857, 1861-1896)",1,"29-Merthyr Tydfil,1843-1857_1861-1896,LR54507/Images/LR-5450-7_v2_00015.jpg | Merthr Tydfil (1849-1857, 1861-1896)/LR-5450-7_v2_00015.jpg"
LR-5450-7_v2_00016.jpg,2,2,"29-Merthyr Tydfil,1843-1857_1861-1896,LR54507 | Merthr Tydfil (1849-1857, 1861-1896)",1,"29-Merthyr Tydfil,1843-1857_1861-1896,LR54507/Images/LR-5450-7_v2_00016.jpg | Merthr Tydfil (1849-1857, 1861-1896)/LR-5450-7_v2_00016.jpg"
LR-5450-7_v2_00017.jpg,2,2,"29-Merthyr Tydfil,1843-1857_1861-1896,LR54507 | Merthr Tydfil (1849-1857, 1861-1896)",1,"29-Merthyr Tydfil,1843-1857_1861-1896,LR54507/Images/LR-5450-7_v2_00017.jpg | Merthr Tydfil (1849-1857, 1861-1896)/LR-5450-7_v2_00017.jpg"
LR-5450-7_v2_00018.jpg,2,2,"29-Merthyr Tydfil,1843-1857_1861-1896,LR54507 | Merthr Tydfil (1849-1857, 1861-1896)",1,"29-Merthyr Tydfil,1843-1857_1861-1896,LR54507/Images/LR-5450-7_v2_00018.jpg | Merthr Tydfil (1849-1857, 1861-1896)/LR-5450-7_v2_00018.jpg"
LR-5450-7_v2_00019.jpg,2,2,"29-Merthyr Tydfil,1843-1857_1861-1896,LR54507 | Merthr Tydfil (1849-1857, 1861-1896)",1,"29-Merthyr Tydfil,1843-1857_1861-1896,LR54507/Images/LR-5450-7_v2_00019.jpg | Merthr Tydfil (1849-1857, 1861-1896)/LR-5450-7_v2_00019.jpg"
LR-5450-7_v2_00020.jpg,2,2,"29-Merthyr Tydfil,1843-1857_1861-1896,LR54507 | Merthr Tydfil (1849-1857, 1861-1896)",1,"29-Merthyr Tydfil,1843-1857_1861-1896,LR54507/Images/LR-5450-7_v2_00020.jpg | Merthr Tydfil (1849-1857, 1861-1896)/LR-5450-7_v2_00020.jpg"
LR-5450-7_v2_00021.jpg,2,2,"29-Merthyr Tydfil,1843-1857_1861-1896,LR54507 | Merthr Tydfil (1849-1857, 1861-1896)",1,"29-Merthyr Tydfil,1843-1857_1861-1896,LR54507/Images/LR-5450-7_v2_00021.jpg | Merthr Tydfil (1849-1857, 1861-1896)/LR-5450-7_v2_00021.jpg"
LR-5450-7_v2_00022.jpg,2,2,"29-Merthyr Tydfil,1843-1857_1861-1896,LR54507 | Merthr Tydfil (1849-1857, 1861-1896)",1,"29-Merthyr Tydfil,1843-1857_1861-1896,LR54507/Images/LR-5450-7_v2_00022.jpg | Merthr Tydfil (1849-1857, 1861-1896)/LR-5450-7_v2_00022.jpg"
LR-5450-7_v2_00023.jpg,2,2,"29-Merthyr Tydfil,1843-1857_1861-1896,LR54507 | Merthr Tydfil (1849-1857, 1861-1896)",1,"29-Merthyr Tydfil,1843-1857_1861-1896,LR54507/Images/LR-5450-7_v2_00023.jpg | Merthr Tydfil (1849-1857, 1861-1896)/LR-5450-7_v2_00023.jpg"
LR-5450-7_v2_00024.jpg,2,2,"29-Merthyr Tydfil,1843-1857_1861-1896,LR54507 | Merthr Tydfil (1849-1857, 1861-1896)",1,"29-Merthyr Tydfil,1843-1857_1861-1896,LR54507/Images/LR-5450-7_v2_00024.jpg | Merthr Tydfil (1849-1857, 1861-1896)/LR-5450-7_v2_00024.jpg"
LR-5450-7_v2_00025.jpg,2,2,"29-Merthyr Tydfil,1843-1857_1861-1896,LR54507 | Merthr Tydfil (1849-1857, 1861-1896)",1,"29-Merthyr Tydfil,1843-1857_1861-1896,LR54507/Images/LR-5450-7_v2_00025.jpg | Merthr Tydfil (1849-1857, 1861-1896)/LR-5450-7_v2_00025.jpg"
LR-5450-7_v2_00026.jpg,2,2,"29-Merthyr Tydfil,1843-1857_1861-1896,LR54507 | Merthr Tydfil (1849-1857, 1861-1896)",1,"29-Merthyr Tydfil,1843-1857_1861-1896,LR54507/Images/LR-5450-7_v2_00026.jpg | Merthr Tydfil (1849-1857, 1861-1896)/LR-5450-7_v2_00026.jpg"
LR-5450-7_v2_00027.jpg,2,2,"29-Merthyr Tydfil,1843-1857_1861-1896,LR54507 | Merthr Tydfil (1849-1857, 1861-1896)",1,"29-Merthyr Tydfil,1843-1857_1861-1896,LR54507/Images/LR-5450-7_v2_00027.jpg | Merthr Tydfil (1849-1857, 1861-1896)/LR-5450-7_v2_00027.jpg"
LR-5450-7_v2_00028.jpg,2,2,"29-Merthyr Tydfil,1843-1857_1861-1896,LR54507 | Merthr Tydfil (1849-1857, 1861-1896)",1,"29-Merthyr Tydfil,1843-1857_1861-1896,LR54507/Images/LR-5450-7_v2_00028.jpg | Merthr Tydfil (1849-1857, 1861-1896)/LR-5450-7_v2_00028.jpg"
LR-5450-7_v2_00029.jpg,2,2,"29-Merthyr Tydfil,1843-1857_1861-1896,LR54507 | Merthr Tydfil (1849-1857, 1861-1896)",1,"29-Merthyr Tydfil,1843-1857_1861-1896,LR54507/Images/LR-5450-7_v2_00029.jpg | Merthr Tydfil (1849-1857, 1861-1896)/LR-5450-7_v2_00029.jpg"
LR-5450-7_v2_00030.jpg,2,2,"29-Merthyr Tydfil,1843-1857_1861-1896,LR54507 | Merthr Tydfil (1849-1857, 1861-1896)",1,"29-Merthyr Tydfil,1843-1857_1861-1896,LR54507/Images/LR-5450-7_v2_00030.jpg | Merthr Tydfil (1849-1857, 1861-1896)/LR-5450-7_v2_00030.jpg"
LR-5450-7_v2_00031.jpg,2,2,"29-Merthyr Tydfil,1843-1857_1861-1896,LR54507 | Merthr Tydfil (1849-1857, 1861-1896)",1,"29-Merthyr Tydfil,1843-1857_1861-1896,LR54507/Images/LR-5450-7_v2_00031.jpg | Merthr Tydfil (1849-1857, 1861-1896)/LR-5450-7_v2_00031.jpg"
LR-5450-7_v2_00032.jpg,2,2,"29-Merthyr Tydfil,1843-1857_1861-1896,LR54507 | Merthr Tydfil (1849-1857, 1861-1896)",1,"29-Merthyr Tydfil,1843-1857_1861-1896,LR54507/Images/LR-5450-7_v2_00032.jpg | Merthr Tydfil (1849-1857, 1861-1896)/LR-5450-7_v2_00032.jpg"
LR-5450-7_v2_00033.jpg,2,2,"29-Merthyr Tydfil,1843-1857_1861-1896,LR54507 | Merthr Tydfil (1849-1857, 1861-1896)",1,"29-Merthyr Tydfil,1843-1857_1861-1896,LR54507/Images/LR-5450-7_v2_00033.jpg | Merthr Tydfil (1849-1857, 1861-1896)/LR-5450-7_v2_00033.jpg"
LR-5450-7_v2_00034.jpg,2,2,"29-Merthyr Tydfil,1843-1857_1861-1896,LR54507 | Merthr Tydfil (1849-1857, 1861-1896)",1,"29-Merthyr Tydfil,1843-1857_1861-1896,LR54507/Images/LR-5450-7_v2_00034.jpg | Merthr Tydfil (1849-1857, 1861-1896)/LR-5450-7_v2_00034.jpg"
LR-5450-7_v2_00035.jpg,2,2,"29-Merthyr Tydfil,1843-1857_1861-1896,LR54507 | Merthr Tydfil (1849-1857, 1861-1896)",1,"29-Merthyr Tydfil,1843-1857_1861-1896,LR54507/Images/LR-5450-7_v2_00035.jpg | Merthr Tydfil (1849-1857, 1861-1896)/LR-5450-7_v2_00035.jpg"
LR-5450-7_v2_00036.jpg,2,2,"29-Merthyr Tydfil,1843-1857_1861-1896,LR54507 | Merthr Tydfil (1849-1857, 1861-1896)",1,"29-Merthyr Tydfil,1843-1857_1861-1896,LR54507/Images/LR-5450-7_v2_00036.jpg | Merthr Tydfil (1849-1857, 1861-1896)/LR-5450-7_v2_00036.jpg"
LR-5450-7_v2_00037.jpg,2,2,"29-Merthyr Tydfil,1843-1857_1861-1896,LR54507 | Merthr Tydfil (1849-1857, 1861-1896)",1,"29-Merthyr Tydfil,1843-1857_1861-1896,LR54507/Images/LR-5450-7_v2_00037.jpg | Merthr Tydfil (1849-1857, 1861-1896)/LR-5450-7_v2_00037.jpg"
LR-5450-7_v2_00038.jpg,2,2,"29-Merthyr Tydfil,1843-1857_1861-1896,LR54507 | Merthr Tydfil (1849-1857, 1861-1896)",1,"29-Merthyr Tydfil,1843-1857_1861-1896,LR54507/Images/LR-5450-7_v2_00038.jpg | Merthr Tydfil (1849-1857, 1861-1896)/LR-5450-7_v2_00038.jpg"
LR-5450-7_v2_00039.jpg,2,2,"29-Merthyr Tydfil,1843-1857_1861-1896,LR54507 | Merthr Tydfil (1849-1857, 1861-1896)",1,"29-Merthyr Tydfil,1843-1857_1861-1896,LR54507/Images/LR-5450-7_v2_00039.jpg | Merthr Tydfil (1849-1857, 1861-1896)/LR-5450-7_v2_00039.jpg"
LR-5450-7_v2_00040.jpg,2,2,"29-Merthyr Tydfil,1843-1857_1861-1896,LR54507 | Merthr Tydfil (1849-1857, 1861-1896)",1,"29-Merthyr Tydfil,1843-1857_1861-1896,LR54507/Images/LR-5450-7_v2_00040.jpg | Merthr Tydfil (1849-1857, 1861-1896)/LR-5450-7_v2_00040.jpg"
LR-5450-7_v2_00041.jpg,2,2,"29-Merthyr Tydfil,1843-1857_1861-1896,LR54507 | Merthr Tydfil (1849-1857, 1861-1896)",1,"29-Merthyr Tydfil,1843-1857_1861-1896,LR54507/Images/LR-5450-7_v2_00041.jpg | Merthr Tydfil (1849-1857, 1861-1896)/LR-5450-7_v2_00041.jpg"
LR-5450-7_v2_00042.jpg,2,2,"29-Merthyr Tydfil,1843-1857_1861-1896,LR54507 | Merthr Tydfil (1849-1857, 1861-1896)",1,"29-Merthyr Tydfil,1843-1857_1861-1896,LR54507/Images/LR-5450-7_v2_00042.jpg | Merthr Tydfil (1849-1857, 1861-1896)/LR-5450-7_v2_00042.jpg"
LR-5450-7_v2_00043.jpg,2,2,"29-Merthyr Tydfil,1843-1857_1861-1896,LR54507 | Merthr Tydfil (1849-1857, 1861-1896)",1,"29-Merthyr Tydfil,1843-1857_1861-1896,LR54507/Images/LR-5450-7_v2_00043.jpg | Merthr Tydfil (1849-1857, 1861-1896)/LR-5450-7_v2_00043.jpg"
LR-5450-7_v2_00044.jpg,2,2,"29-Merthyr Tydfil,1843-1857_1861-1896,LR54507 | Merthr Tydfil (1849-1857, 1861-1896)",1,"29-Merthyr Tydfil,1843-1857_1861-1896,LR54507/Images/LR-5450-7_v2_00044.jpg | Merthr Tydfil (1849-1857, 1861-1896)/LR-5450-7_v2_00044.jpg"
LR-5450-7_v2_00045.jpg,2,2,"29-Merthyr Tydfil,1843-1857_1861-1896,LR54507 | Merthr Tydfil (1849-1857, 1861-1896)",1,"29-Merthyr Tydfil,1843-1857_1861-1896,LR54507/Images/LR-5450-7_v2_00045.jpg | Merthr Tydfil (1849-1857, 1861-1896)/LR-5450-7_v2_00045.jpg"
LR-5450-7_v2_00046.jpg,2,2,"29-Merthyr Tydfil,1843-1857_1861-1896,LR54507 | Merthr Tydfil (1849-1857, 1861-1896)",1,"29-Merthyr Tydfil,1843-1857_1861-1896,LR54507/Images/LR-5450-7_v2_00046.jpg | Merthr Tydfil (1849-1857, 1861-1896)/LR-5450-7_v2_00046.jpg"
LR-5450-7_v2_00047.jpg,2,2,"29-Merthyr Tydfil,1843-1857_1861-1896,LR54507 | Merthr Tydfil (1849-1857, 1861-1896)",1,"29-Merthyr Tydfil,1843-1857_1861-1896,LR54507/Images/LR-5450-7_v2_00047.jpg | Merthr Tydfil (1849-1857, 1861-1896)/LR-5450-7_v2_00047.jpg"
LR-5450-7_v2_00048.jpg,2,2,"29-Merthyr Tydfil,1843-1857_1861-1896,LR54507 | Merthr Tydfil (1849-1857, 1861-1896)",1,"29-Merthyr Tydfil,1843-1857_1861-1896,LR54507/Images/LR-5450-7_v2_00048.jpg | Merthr Tydfil (1849-1857, 1861-1896)/LR-5450-7_v2_00048.jpg"
LR-5450-7_v2_00049.jpg,2,2,"29-Merthyr Tydfil,1843-1857_1861-1896,LR54507 | Merthr Tydfil (1849-1857, 1861-1896)",1,"29-Merthyr Tydfil,1843-1857_1861-1896,LR54507/Images/LR-5450-7_v2_00049.jpg | Merthr Tydfil (1849-1857, 1861-1896)/LR-5450-7_v2_00049.jpg"
LR-5450-7_v2_00050.jpg,2,2,"29-Merthyr Tydfil,1843-1857_1861-1896,LR54507 | Merthr Tydfil (1849-1857, 1861-1896)",1,"29-Merthyr Tydfil,1843-1857_1861-1896,LR54507/Images/LR-5450-7_v2_00050.jpg | Merthr Tydfil (1849-1857, 1861-1896)/LR-5450-7_v2_00050.jpg"
LR-5450-7_v2_00051.jpg,2,2,"29-Merthyr Tydfil,1843-1857_1861-1896,LR54507 | Merthr Tydfil (1849-1857, 1861-1896)",1,"29-Merthyr Tydfil,1843-1857_1861-1896,LR54507/Images/LR-5450-7_v2_00051.jpg | Merthr Tydfil (1849-1857, 1861-1896)/LR-5450-7_v2_00051.jpg"
LR-5450-7_v2_00052.jpg,2,2,"29-Merthyr Tydfil,1843-1857_1861-1896,LR54507 | Merthr Tydfil (1849-1857, 1861-1896)",1,"29-Merthyr Tydfil,1843-1857_1861-1896,LR54507/Images/LR-5450-7_v2_00052.jpg | Merthr Tydfil (1849-1857, 1861-1896)/LR-5450-7_v2_00052.jpg"
LR-5450-7_v2_00053.jpg,2,2,"29-Merthyr Tydfil,1843-1857_1861-1896,LR54507 | Merthr Tydfil (1849-1857, 1861-1896)",1,"29-Merthyr Tydfil,1843-1857_1861-1896,LR54507/Images/LR-5450-7_v2_00053.jpg | Merthr Tydfil (1849-1857, 1861-1896)/LR-5450-7_v2_00053.jpg"
LR-5450-7_v2_00054.jpg,2,2,"29-Merthyr Tydfil,1843-1857_1861-1896,LR54507 | Merthr Tydfil (1849-1857, 1861-1896)",1,"29-Merthyr Tydfil,1843-1857_1861-1896,LR54507/Images/LR-5450-7_v2_00054.jpg | Merthr Tydfil (1849-1857, 1861-1896)/LR-5450-7_v2_00054.jpg"
LR-5450-7_v2_00055.jpg,2,2,"29-Merthyr Tydfil,1843-1857_1861-1896,LR54507 | Merthr Tydfil (1849-1857, 1861-1896)",1,"29-Merthyr Tydfil,1843-1857_1861-1896,LR54507/Images/LR-5450-7_v2_00055.jpg | Merthr Tydfil (1849-1857, 1861-1896)/LR-5450-7_v2_00055.jpg"
LR-5450-7_v2_00056.jpg,2,2,"29-Merthyr Tydfil,1843-1857_1861-1896,LR54507 | Merthr Tydfil (1849-1857, 1861-1896)",1,"29-Merthyr Tydfil,1843-1857_1861-1896,LR54507/Images/LR-5450-7_v2_00056.jpg | Merthr Tydfil (1849-1857, 1861-1896)/LR-5450-7_v2_00056.jpg"
LR-5450-7_v2_00057.jpg,2,2,"29-Merthyr Tydfil,1843-1857_1861-1896,LR54507 | Merthr Tydfil (1849-1857, 1861-1896)",1,"29-Merthyr Tydfil,1843-1857_1861-1896,LR54507/Images/LR-5450-7_v2_00057.jpg | Merthr Tydfil (1849-1857, 1861-1896)/LR-5450-7_v2_00057.jpg"
LR-5450-7_v2_00058.jpg,2,2,"29-Merthyr Tydfil,1843-1857_1861-1896,LR54507 | Merthr Tydfil (1849-1857, 1861-1896)",1,"29-Merthyr Tydfil,1843-1857_1861-1896,LR54507/Images/LR-5450-7_v2_00058.jpg | Merthr Tydfil (1849-1857, 1861-1896)/LR-5450-7_v2_00058.jpg"
LR-5450-7_v2_00059.jpg,2,2,"29-Merthyr Tydfil,1843-1857_1861-1896,LR54507 | Merthr Tydfil (1849-1857, 1861-1896)",1,"29-Merthyr Tydfil,1843-1857_1861-1896,LR54507/Images/LR-5450-7_v2_00059.jpg | Merthr Tydfil (1849-1857, 1861-1896)/LR-5450-7_v2_00059.jpg"
LR-5450-7_v2_00060.jpg,2,2,"29-Merthyr Tydfil,1843-1857_1861-1896,LR54507 | Merthr Tydfil (1849-1857, 1861-1896)",1,"29-Merthyr Tydfil,1843-1857_1861-1896,LR54507/Images/LR-5450-7_v2_00060.jpg | Merthr Tydfil (1849-1857, 1861-1896)/LR-5450-7_v2_00060.jpg"
LR-5450-7_v2_00061.jpg,2,2,"29-Merthyr Tydfil,1843-1857_1861-1896,LR54507 | Merthr Tydfil (1849-1857, 1861-1896)",1,"29-Merthyr Tydfil,1843-1857_1861-1896,LR54507/Images/LR-5450-7_v2_00061.jpg | Merthr Tydfil (1849-1857, 1861-1896)/LR-5450-7_v2_00061.jpg"
LR-5450-7_v2_00062.jpg,2,2,"29-Merthyr Tydfil,1843-1857_1861-1896,LR54507 | Merthr Tydfil (1849-1857, 1861-1896)",1,"29-Merthyr Tydfil,1843-1857_1861-1896,LR54507/Images/LR-5450-7_v2_00062.jpg | Merthr Tydfil (1849-1857, 1861-1896)/LR-5450-7_v2_00062.jpg"
LR-5450-7_v2_00063.jpg,2,2,"29-Merthyr Tydfil,1843-1857_1861-1896,LR54507 | Merthr Tydfil (1849-1857, 1861-1896)",1,"29-Merthyr Tydfil,1843-1857_1861-1896,LR54507/Images/LR-5450-7_v2_00063.jpg | Merthr Tydfil (1849-1857, 1861-1896)/LR-5450-7_v2_00063.jpg"
LR-5450-7_v2_00064.jpg,2,2,"29-Merthyr Tydfil,1843-1857_1861-1896,LR54507 | Merthr Tydfil (1849-1857, 1861-1896)",1,"29-Merthyr Tydfil,1843-1857_1861-1896,LR54507/Images/LR-5450-7_v2_00064.jpg | Merthr Tydfil (1849-1857, 1861-1896)/LR-5450-7_v2_00064.jpg"
LR-5450-7_v2_00065.jpg,2,2,"29-Merthyr Tydfil,1843-1857_1861-1896,LR54507 | Merthr Tydfil (1849-1857, 1861-1896)",1,"29-Merthyr Tydfil,1843-1857_1861-1896,LR54507/Images/LR-5450-7_v2_00065.jpg | Merthr Tydfil (1849-1857, 1861-1896)/LR-5450-7_v2_00065.jpg"
LR-5450-7_v2_00066.jpg,2,2,"29-Merthyr Tydfil,1843-1857_1861-1896,LR54507 | Merthr Tydfil (1849-1857, 1861-1896)",1,"29-Merthyr Tydfil,1843-1857_1861-1896,LR54507/Images/LR-5450-7_v2_00066.jpg | Merthr Tydfil (1849-1857, 1861-1896)/LR-5450-7_v2_00066.jpg"
LR-5450-7_v2_00067.jpg,2,2,"29-Merthyr Tydfil,1843-1857_1861-1896,LR54507 | Merthr Tydfil (1849-1857, 1861-1896)",1,"29-Merthyr Tydfil,1843-1857_1861-1896,LR54507/Images/LR-5450-7_v2_00067.jpg | Merthr Tydfil (1849-1857, 1861-1896)/LR-5450-7_v2_00067.jpg"
LR-5450-7_v2_00068.jpg,2,2,"29-Merthyr Tydfil,1843-1857_1861-1896,LR54507 | Merthr Tydfil (1849-1857, 1861-1896)",1,"29-Merthyr Tydfil,1843-1857_1861-1896,LR54507/Images/LR-5450-7_v2_00068.jpg | Merthr Tydfil (1849-1857, 1861-1896)/LR-5450-7_v2_00068.jpg"
LR-5450-7_v2_00069.jpg,2,2,"29-Merthyr Tydfil,1843-1857_1861-1896,LR54507 | Merthr Tydfil (1849-1857, 1861-1896)",1,"29-Merthyr Tydfil,1843-1857_1861-1896,LR54507/Images/LR-5450-7_v2_00069.jpg | Merthr Tydfil (1849-1857, 1861-1896)/LR-5450-7_v2_00069.jpg"
LR-5450-7_v2_00070.jpg,2,2,"29-Merthyr Tydfil,1843-1857_1861-1896,LR54507 | Merthr Tydfil (1849-1857, 1861-1896)",1,"29-Merthyr Tydfil,1843-1857_1861-1896,LR54507/Images/LR-5450-7_v2_00070.jpg | Merthr Tydfil (1849-1857, 1861-1896)/LR-5450-7_v2_00070.jpg"
LR-5450-7_v2_00071.jpg,2,2,"29-Merthyr Tydfil,1843-1857_1861-1896,LR54507 | Merthr Tydfil (1849-1857, 1861-1896)",1,"29-Merthyr Tydfil,1843-1857_1861-1896,LR54507/Images/LR-5450-7_v2_00071.jpg | Merthr Tydfil (1849-1857, 1861-1896)/LR-5450-7_v2_00071.jpg"
LR-5450-7_v2_00072.jpg,2,2,"29-Merthyr Tydfil,1843-1857_1861-1896,LR54507 | Merthr Tydfil (1849-1857, 1861-1896)",1,"29-Merthyr Tydfil,1843-1857_1861-1896,LR54507/Images/LR-5450-7_v2_00072.jpg | Merthr Tydfil (1849-1857, 1861-1896)/LR-5450-7_v2_00072.jpg"
LR-5450-7_v2_00073.jpg,2,2,"29-Merthyr Tydfil,1843-1857_1861-1896,LR54507 | Merthr Tydfil (1849-1857, 1861-1896)",1,"29-Merthyr Tydfil,1843-1857_1861-1896,LR54507/Images/LR-5450-7_v2_00073.jpg | Merthr Tydfil (1849-1857, 1861-1896)/LR-5450-7_v2_00073.jpg"
LR-5450-7_v2_00074.jpg,2,2,"29-Merthyr Tydfil,1843-1857_1861-1896,LR54507 | Merthr Tydfil (1849-1857, 1861-1896)",1,"29-Merthyr Tydfil,1843-1857_1861-1896,LR54507/Images/LR-5450-7_v2_00074.jpg | Merthr Tydfil (1849-1857, 1861-1896)/LR-5450-7_v2_00074.jpg"
LR-5450-7_v2_00075.jpg,2,2,"29-Merthyr Tydfil,1843-1857_1861-1896,LR54507 | Merthr Tydfil (1849-1857, 1861-1896)",1,"29-Merthyr Tydfil,1843-1857_1861-1896,LR54507/Images/LR-5450-7_v2_00075.jpg | Merthr Tydfil (1849-1857, 1861-1896)/LR-5450-7_v2_00075.jpg"
LR-5450-7_v2_00076.jpg,2,2,"29-Merthyr Tydfil,1843-1857_1861-1896,LR54507 | Merthr Tydfil (1849-1857, 1861-1896)",1,"29-Merthyr Tydfil,1843-1857_1861-1896,LR54507/Images/LR-5450-7_v2_00076.jpg | Merthr Tydfil (1849-1857, 1861-1896)/LR-5450-7_v2_00076.jpg"
LR-5450-7_v2_00077.jpg,2,2,"29-Merthyr Tydfil,1843-1857_1861-1896,LR54507 | Merthr Tydfil (1849-1857, 1861-1896)",1,"29-Merthyr Tydfil,1843-1857_1861-1896,LR54507/Images/LR-5450-7_v2_00077.jpg | Merthr Tydfil (1849-1857, 1861-1896)/LR-5450-7_v2_00077.jpg"
LR-5450-7_v2_00078.jpg,2,2,"29-Merthyr Tydfil,1843-1857_1861-1896,LR54507 | Merthr Tydfil (1849-1857, 1861-1896)",1,"29-Merthyr Tydfil,1843-1857_1861-1896,LR54507/Images/LR-5450-7_v2_00078.jpg | Merthr Tydfil (1849-1857, 1861-1896)/LR-5450-7_v2_00078.jpg"
LR-5450-7_v2_00079.jpg,2,2,"29-Merthyr Tydfil,1843-1857_1861-1896,LR54507 | Merthr Tydfil (1849-1857, 1861-1896)",1,"29-Merthyr Tydfil,1843-1857_1861-1896,LR54507/Images/LR-5450-7_v2_00079.jpg | Merthr Tydfil (1849-1857, 1861-1896)/LR-5450-7_v2_00079.jpg"
LR-5450-7_v2_00080.jpg,2,2,"29-Merthyr Tydfil,1843-1857_1861-1896,LR54507 | Merthr Tydfil (1849-1857, 1861-1896)",1,"29-Merthyr Tydfil,1843-1857_1861-1896,LR54507/Images/LR-5450-7_v2_00080.jpg | Merthr Tydfil (1849-1857, 1861-1896)/LR-5450-7_v2_00080.jpg"
LR-5450-7_v2_00081.jpg,2,2,"29-Merthyr Tydfil,1843-1857_1861-1896,LR54507 | Merthr Tydfil (1849-1857, 1861-1896)",1,"29-Merthyr Tydfil,1843-1857_1861-1896,LR54507/Images/LR-5450-7_v2_00081.jpg | Merthr Tydfil (1849-1857, 1861-1896)/LR-5450-7_v2_00081.jpg"
LR-5450-7_v2_00082.jpg,2,2,"29-Merthyr Tydfil,1843-1857_1861-1896,LR54507 | Merthr Tydfil (1849-1857, 1861-1896)",1,"29-Merthyr Tydfil,1843-1857_1861-1896,LR54507/Images/LR-5450-7_v2_00082.jpg | Merthr Tydfil (1849-1857, 1861-1896)/LR-5450-7_v2_00082.jpg"
LR-5450-7_v2_00083.jpg,2,2,"29-Merthyr Tydfil,1843-1857_1861-1896,LR54507 | Merthr Tydfil (1849-1857, 1861-1896)",1,"29-Merthyr Tydfil,1843-1857_1861-1896,LR54507/Images/LR-5450-7_v2_00083.jpg | Merthr Tydfil (1849-1857, 1861-1896)/LR-5450-7_v2_00083.jpg"
LR-5450-7_v2_00084.jpg,2,2,"29-Merthyr Tydfil,1843-1857_1861-1896,LR54507 | Merthr Tydfil (1849-1857, 1861-1896)",1,"29-Merthyr Tydfil,1843-1857_1861-1896,LR54507/Images/LR-5450-7_v2_00084.jpg | Merthr Tydfil (1849-1857, 1861-1896)/LR-5450-7_v2_00084.jpg"
LR-5450-7_v2_00085.jpg,2,2,"29-Merthyr Tydfil,1843-1857_1861-1896,LR54507 | Merthr Tydfil (1849-1857, 1861-1896)",1,"29-Merthyr Tydfil,1843-1857_1861-1896,LR54507/Images/LR-5450-7_v2_00085.jpg | Merthr Tydfil (1849-1857, 1861-1896)/LR-5450-7_v2_00085.jpg"
LR-5450-7_v2_00086.jpg,2,2,"29-Merthyr Tydfil,1843-1857_1861-1896,LR54507 | Merthr Tydfil (1849-1857, 1861-1896)",1,"29-Merthyr Tydfil,1843-1857_1861-1896,LR54507/Images/LR-5450-7_v2_00086.jpg | Merthr Tydfil (1849-1857, 1861-1896)/LR-5450-7_v2_00086.jpg"
LR-5450-7_v2_00087.jpg,2,2,"29-Merthyr Tydfil,1843-1857_1861-1896,LR54507 | Merthr Tydfil (1849-1857, 1861-1896)",1,"29-Merthyr Tydfil,1843-1857_1861-1896,LR54507/Images/LR-5450-7_v2_00087.jpg | Merthr Tydfil (1849-1857, 1861-1896)/LR-5450-7_v2_00087.jpg"
LR-5450-7_v2_00088.jpg,2,2,"29-Merthyr Tydfil,1843-1857_1861-1896,LR54507 | Merthr Tydfil (1849-1857, 1861-1896)",1,"29-Merthyr Tydfil,1843-1857_1861-1896,LR54507/Images/LR-5450-7_v2_00088.jpg | Merthr Tydfil (1849-1857, 1861-1896)/LR-5450-7_v2_00088.jpg"
LR-5450-7_v2_00089.jpg,2,2,"29-Merthyr Tydfil,1843-1857_1861-1896,LR54507 | Merthr Tydfil (1849-1857, 1861-1896)",1,"29-Merthyr Tydfil,1843-1857_1861-1896,LR54507/Images/LR-5450-7_v2_00089.jpg | Merthr Tydfil (1849-1857, 1861-1896)/LR-5450-7_v2_00089.jpg"
LR-5450-7_v2_00090.jpg,2,2,"29-Merthyr Tydfil,1843-1857_1861-1896,LR54507 | Merthr Tydfil (1849-1857, 1861-1896)",1,"29-Merthyr Tydfil,1843-1857_1861-1896,LR54507/Images/LR-5450-7_v2_00090.jpg | Merthr Tydfil (1849-1857, 1861-1896)/LR-5450-7_v2_00090.jpg"
LR-5450-7_v2_00091.jpg,2,2,"29-Merthyr Tydfil,1843-1857_1861-1896,LR54507 | Merthr Tydfil (1849-1857, 1861-1896)",1,"29-Merthyr Tydfil,1843-1857_1861-1896,LR54507/Images/LR-5450-7_v2_00091.jpg | Merthr Tydfil (1849-1857, 1861-1896)/LR-5450-7_v2_00091.jpg"
LR-5450-7_v2_00092.jpg,2,2,"29-Merthyr Tydfil,1843-1857_1861-1896,LR54507 | Merthr Tydfil (1849-1857, 1861-1896)",1,"29-Merthyr Tydfil,1843-1857_1861-1896,LR54507/Images/LR-5450-7_v2_00092.jpg | Merthr Tydfil (1849-1857, 1861-1896)/LR-5450-7_v2_00092.jpg"
LR-5450-7_v2_00093.jpg,2,2,"29-Merthyr Tydfil,1843-1857_1861-1896,LR54507 | Merthr Tydfil (1849-1857, 1861-1896)",1,"29-Merthyr Tydfil,1843-1857_1861-1896,LR54507/Images/LR-5450-7_v2_00093.jpg | Merthr Tydfil (1849-1857, 1861-1896)/LR-5450-7_v2_00093.jpg"
LR-5450-7_v2_00094.jpg,2,2,"29-Merthyr Tydfil,1843-1857_1861-1896,LR54507 | Merthr Tydfil (1849-1857, 1861-1896)",1,"29-Merthyr Tydfil,1843-1857_1861-1896,LR54507/Images/LR-5450-7_v2_00094.jpg | Merthr Tydfil (1849-1857, 1861-1896)/LR-5450-7_v2_00094.jpg"
LR-5450-7_v2_00095.jpg,2,2,"29-Merthyr Tydfil,1843-1857_1861-1896,LR54507 | Merthr Tydfil (1849-1857, 1861-1896)",1,"29-Merthyr Tydfil,1843-1857_1861-1896,LR54507/Images/LR-5450-7_v2_00095.jpg | Merthr Tydfil (1849-1857, 1861-1896)/LR-5450-7_v2_00095.jpg"
LR-5450-7_v2_00096.jpg,2,2,"29-Merthyr Tydfil,1843-1857_1861-1896,LR54507 | Merthr Tydfil (1849-1857, 1861-1896)",1,"29-Merthyr Tydfil,1843-1857_1861-1896,LR54507/Images/LR-5450-7_v2_00096.jpg | Merthr Tydfil (1849-1857, 1861-1896)/LR-5450-7_v2_00096.jpg"
LR-5450-7_v2_00097.jpg,2,2,"29-Merthyr Tydfil,1843-1857_1861-1896,LR54507 | Merthr Tydfil (1849-1857, 1861-1896)",1,"29-Merthyr Tydfil,1843-1857_1861-1896,LR54507/Images/LR-5450-7_v2_00097.jpg | Merthr Tydfil (1849-1857, 1861-1896)/LR-5450-7_v2_00097.jpg"
LR-5450-7_v2_00098.jpg,2,2,"29-Merthyr Tydfil,1843-1857_1861-1896,LR54507 | Merthr Tydfil (1849-1857, 1861-1896)",1,"29-Merthyr Tydfil,1843-1857_1861-1896,LR54507/Images/LR-5450-7_v2_00098.jpg | Merthr Tydfil (1849-1857, 1861-1896)/LR-5450-7_v2_00098.jpg"
LR-5450-7_v2_00099.jpg,2,2,"29-Merthyr Tydfil,1843-1857_1861-1896,LR54507 | Merthr Tydfil (1849-1857, 1861-1896)",1,"29-Merthyr Tydfil,1843-1857_1861-1896,LR54507/Images/LR-5450-7_v2_00099.jpg | Merthr Tydfil (1849-1857, 1861-1896)/LR-5450-7_v2_00099.jpg"
LR-5450-7_v2_00100.jpg,2,2,"29-Merthyr Tydfil,1843-1857_1861-1896,LR54507 | Merthr Tydfil (1849-1857, 1861-1896)",1,"29-Merthyr Tydfil,1843-1857_1861-1896,LR54507/Images/LR-5450-7_v2_00100.jpg | Merthr Tydfil (1849-1857, 1861-1896)/LR-5450-7_v2_00100.jpg"
LR-5450-7_v2_00101.jpg,2,2,"29-Merthyr Tydfil,1843-1857_1861-1896,LR54507 | Merthr Tydfil (1849-1857, 1861-1896)",1,"29-Merthyr Tydfil,1843-1857_1861-1896,LR54507/Images/LR-5450-7_v2_00101.jpg | Merthr Tydfil (1849-1857, 1861-1896)/LR-5450-7_v2_00101.jpg"
LR-5450-7_v2_00102.jpg,2,2,"29-Merthyr Tydfil,1843-1857_1861-1896,LR54507 | Merthr Tydfil (1849-1857, 1861-1896)",1,"29-Merthyr Tydfil,1843-1857_1861-1896,LR54507/Images/LR-5450-7_v2_00102.jpg | Merthr Tydfil (1849-1857, 1861-1896)/LR-5450-7_v2_00102.jpg"
LR-5450-7_v2_00103.jpg,2,2,"29-Merthyr Tydfil,1843-1857_1861-1896,LR54507 | Merthr Tydfil (1849-1857, 1861-1896)",1,"29-Merthyr Tydfil,1843-1857_1861-1896,LR54507/Images/LR-5450-7_v2_00103.jpg | Merthr Tydfil (1849-1857, 1861-1896)/LR-5450-7_v2_00103.jpg"
LR-5450-7_v2_00104.jpg,2,2,"29-Merthyr Tydfil,1843-1857_1861-1896,LR54507 | Merthr Tydfil (1849-1857, 1861-1896)",1,"29-Merthyr Tydfil,1843-1857_1861-1896,LR54507/Images/LR-5450-7_v2_00104.jpg | Merthr Tydfil (1849-1857, 1861-1896)/LR-5450-7_v2_00104.jpg"
LR-5450-7_v2_00105.jpg,2,2,"29-Merthyr Tydfil,1843-1857_1861-1896,LR54507 | Merthr Tydfil (1849-1857, 1861-1896)",1,"29-Merthyr Tydfil,1843-1857_1861-1896,LR54507/Images/LR-5450-7_v2_00105.jpg | Merthr Tydfil (1849-1857, 1861-1896)/LR-5450-7_v2_00105.jpg"
LR-5450-7_v2_00106.jpg,2,2,"29-Merthyr Tydfil,1843-1857_1861-1896,LR54507 | Merthr Tydfil (1849-1857, 1861-1896)",1,"29-Merthyr Tydfil,1843-1857_1861-1896,LR54507/Images/LR-5450-7_v2_00106.jpg | Merthr Tydfil (1849-1857, 1861-1896)/LR-5450-7_v2_00106.jpg"
LR-5450-7_v2_00107.jpg,2,2,"29-Merthyr Tydfil,1843-1857_1861-1896,LR54507 | Merthr Tydfil (1849-1857, 1861-1896)",1,"29-Merthyr Tydfil,1843-1857_1861-1896,LR54507/Images/LR-5450-7_v2_00107.jpg | Merthr Tydfil (1849-1857, 1861-1896)/LR-5450-7_v2_00107.jpg"
LR-5450-7_v2_00108.jpg,2,2,"29-Merthyr Tydfil,1843-1857_1861-1896,LR54507 | Merthr Tydfil (1849-1857, 1861-1896)",1,"29-Merthyr Tydfil,1843-1857_1861-1896,LR54507/Images/LR-5450-7_v2_00108.jpg | Merthr Tydfil (1849-1857, 1861-1896)/LR-5450-7_v2_00108.jpg"
LR-5450-7_v2_00109.jpg,2,2,"29-Merthyr Tydfil,1843-1857_1861-1896,LR54507 | Merthr Tydfil (1849-1857, 1861-1896)",1,"29-Merthyr Tydfil,1843-1857_1861-1896,LR54507/Images/LR-5450-7_v2_00109.jpg | Merthr Tydfil (1849-1857, 1861-1896)/LR-5450-7_v2_00109.jpg"
LR-5450-7_v2_00110.jpg,2,2,"29-Merthyr Tydfil,1843-1857_1861-1896,LR54507 | Merthr Tydfil (1849-1857, 1861-1896)",1,"29-Merthyr Tydfil,1843-1857_1861-1896,LR54507/Images/LR-5450-7_v2_00110.jpg | Merthr Tydfil (1849-1857, 1861-1896)/LR-5450-7_v2_00110.jpg"
LR-5450-7_v2_00111.jpg,2,2,"29-Merthyr Tydfil,1843-1857_1861-1896,LR54507 | Merthr Tydfil (1849-1857, 1861-1896)",1,"29-Merthyr Tydfil,1843-1857_1861-1896,LR54507/Images/LR-5450-7_v2_00111.jpg | Merthr Tydfil (1849-1857, 1861-1896)/LR-5450-7_v2_00111.jpg"
LR-5450-7_v2_00112.jpg,2,2,"29-Merthyr Tydfil,1843-1857_1861-1896,LR54507 | Merthr Tydfil (1849-1857, 1861-1896)",1,"29-Merthyr Tydfil,1843-1857_1861-1896,LR54507/Images/LR-5450-7_v2_00112.jpg | Merthr Tydfil (1849-1857, 1861-1896)/LR-5450-7_v2_00112.jpg"
LR-5450-7_v2_00113.jpg,2,2,"29-Merthyr Tydfil,1843-1857_1861-1896,LR54507 | Merthr Tydfil (1849-1857, 1861-1896)",1,"29-Merthyr Tydfil,1843-1857_1861-1896,LR54507/Images/LR-5450-7_v2_00113.jpg | Merthr Tydfil (1849-1857, 1861-1896)/LR-5450-7_v2_00113.jpg"
LR-5450-7_v2_00114.jpg,2,2,"29-Merthyr Tydfil,1843-1857_1861-1896,LR54507 | Merthr Tydfil (1849-1857, 1861-1896)",1,"29-Merthyr Tydfil,1843-1857_1861-1896,LR54507/Images/LR-5450-7_v2_00114.jpg | Merthr Tydfil (1849-1857, 1861-1896)/LR-5450-7_v2_00114.jpg"
LR-5450-7_v2_00115.jpg,2,2,"29-Merthyr Tydfil,1843-1857_1861-1896,LR54507 | Merthr Tydfil (1849-1857, 1861-1896)",1,"29-Merthyr Tydfil,1843-1857_1861-1896,LR54507/Images/LR-5450-7_v2_00115.jpg | Merthr Tydfil (1849-1857, 1861-1896)/LR-5450-7_v2_00115.jpg"
LR-5450-7_v2_00116.jpg,2,2,"29-Merthyr Tydfil,1843-1857_1861-1896,LR54507 | Merthr Tydfil (1849-1857, 1861-1896)",1,"29-Merthyr Tydfil,1843-1857_1861-1896,LR54507/Images/LR-5450-7_v2_00116.jpg | Merthr Tydfil (1849-1857, 1861-1896)/LR-5450-7_v2_00116.jpg"
LR-5450-7_v2_00117.jpg,2,2,"29-Merthyr Tydfil,1843-1857_1861-1896,LR54507 | Merthr Tydfil (1849-1857, 1861-1896)",1,"29-Merthyr Tydfil,1843-1857_1861-1896,LR54507/Images/LR-5450-7_v2_00117.jpg | Merthr Tydfil (1849-1857, 1861-1896)/LR-5450-7_v2_00117.jpg"
LR-5450-7_v2_00118.jpg,2,2,"29-Merthyr Tydfil,1843-1857_1861-1896,LR54507 | Merthr Tydfil (1849-1857, 1861-1896)",1,"29-Merthyr Tydfil,1843-1857_1861-1896,LR54507/Images/LR-5450-7_v2_00118.jpg | Merthr Tydfil (1849-1857, 1861-1896)/LR-5450-7_v2_00118.jpg"
LR-5450-7_v2_00119.jpg,2,2,"29-Merthyr Tydfil,1843-1857_1861-1896,LR54507 | Merthr Tydfil (1849-1857, 1861-1896)",1,"29-Merthyr Tydfil,1843-1857_1861-1896,LR54507/Images/LR-5450-7_v2_00119.jpg | Merthr Tydfil (1849-1857, 1861-1896)/LR-5450-7_v2_00119.jpg"
LR-5450-7_v2_00120.jpg,2,2,"29-Merthyr Tydfil,1843-1857_1861-1896,LR54507 | Merthr Tydfil (1849-1857, 1861-1896)",1,"29-Merthyr Tydfil,1843-1857_1861-1896,LR54507/Images/LR-5450-7_v2_00120.jpg | Merthr Tydfil (1849-1857, 1861-1896)/LR-5450-7_v2_00120.jpg"
LR-5450-7_v2_00121.jpg,2,2,"29-Merthyr Tydfil,1843-1857_1861-1896,LR54507 | Merthr Tydfil (1849-1857, 1861-1896)",1,"29-Merthyr Tydfil,1843-1857_1861-1896,LR54507/Images/LR-5450-7_v2_00121.jpg | Merthr Tydfil (1849-1857, 1861-1896)/LR-5450-7_v2_00121.jpg"
LR-5450-7_v2_00122.jpg,2,2,"29-Merthyr Tydfil,1843-1857_1861-1896,LR54507 | Merthr Tydfil (1849-1857, 1861-1896)",1,"29-Merthyr Tydfil,1843-1857_1861-1896,LR54507/Images/LR-5450-7_v2_00122.jpg | Merthr Tydfil (1849-1857, 1861-1896)/LR-5450-7_v2_00122.jpg"
LR-5450-7_v2_00123.jpg,2,2,"29-Merthyr Tydfil,1843-1857_1861-1896,LR54507 | Merthr Tydfil (1849-1857, 1861-1896)",1,"29-Merthyr Tydfil,1843-1857_1861-1896,LR54507/Images/LR-5450-7_v2_00123.jpg | Merthr Tydfil (1849-1857, 1861-1896)/LR-5450-7_v2_00123.jpg"
LR-5450-7_v2_00124.jpg,2,2,"29-Merthyr Tydfil,1843-1857_1861-1896,LR54507 | Merthr Tydfil (1849-1857, 1861-1896)",1,"29-Merthyr Tydfil,1843-1857_1861-1896,LR54507/Images/LR-5450-7_v2_00124.jpg | Merthr Tydfil (1849-1857, 1861-1896)/LR-5450-7_v2_00124.jpg"
LR-5450-7_v2_00125.jpg,2,2,"29-Merthyr Tydfil,1843-1857_1861-1896,LR54507 | Merthr Tydfil (1849-1857, 1861-1896)",1,"29-Merthyr Tydfil,1843-1857_1861-1896,LR54507/Images/LR-5450-7_v2_00125.jpg | Merthr Tydfil (1849-1857, 1861-1896)/LR-5450-7_v2_00125.jpg"
LR-5450-7_v2_00126.jpg,2,2,"29-Merthyr Tydfil,1843-1857_1861-1896,LR54507 | Merthr Tydfil (1849-1857, 1861-1896)",1,"29-Merthyr Tydfil,1843-1857_1861-1896,LR54507/Images/LR-5450-7_v2_00126.jpg | Merthr Tydfil (1849-1857, 1861-1896)/LR-5450-7_v2_00126.jpg"
LR-5450-7_v2_00127.jpg,2,2,"29-Merthyr Tydfil,1843-1857_1861-1896,LR54507 | Merthr Tydfil (1849-1857, 1861-1896)",1,"29-Merthyr Tydfil,1843-1857_1861-1896,LR54507/Images/LR-5450-7_v2_00127.jpg | Merthr Tydfil (1849-1857, 1861-1896)/LR-5450-7_v2_00127.jpg"
LR-5450-7_v2_00128.jpg,2,2,"29-Merthyr Tydfil,1843-1857_1861-1896,LR54507 | Merthr Tydfil (1849-1857, 1861-1896)",1,"29-Merthyr Tydfil,1843-1857_1861-1896,LR54507/Images/LR-5450-7_v2_00128.jpg | Merthr Tydfil (1849-1857, 1861-1896)/LR-5450-7_v2_00128.jpg"
LR-5450-7_v2_00129.jpg,2,2,"29-Merthyr Tydfil,1843-1857_1861-1896,LR54507 | Merthr Tydfil (1849-1857, 1861-1896)",1,"29-Merthyr Tydfil,1843-1857_1861-1896,LR54507/Images/LR-5450-7_v2_00129.jpg | Merthr Tydfil (1849-1857, 1861-1896)/LR-5450-7_v2_00129.jpg"
LR-5450-7_v2_00130.jpg,2,2,"29-Merthyr Tydfil,1843-1857_1861-1896,LR54507 | Merthr Tydfil (1849-1857, 1861-1896)",1,"29-Merthyr Tydfil,1843-1857_1861-1896,LR54507/Images/LR-5450-7_v2_00130.jpg | Merthr Tydfil (1849-1857, 1861-1896)/LR-5450-7_v2_00130.jpg"
LR-5450-7_v2_00131.jpg,2,2,"29-Merthyr Tydfil,1843-1857_1861-1896,LR54507 | Merthr Tydfil (1849-1857, 1861-1896)",1,"29-Merthyr Tydfil,1843-1857_1861-1896,LR54507/Images/LR-5450-7_v2_00131.jpg | Merthr Tydfil (1849-1857, 1861-1896)/LR-5450-7_v2_00131.jpg"
LR-5450-7_v2_00132.jpg,2,2,"29-Merthyr Tydfil,1843-1857_1861-1896,LR54507 | Merthr Tydfil (1849-1857, 1861-1896)",1,"29-Merthyr Tydfil,1843-1857_1861-1896,LR54507/Images/LR-5450-7_v2_00132.jpg | Merthr Tydfil (1849-1857, 1861-1896)/LR-5450-7_v2_00132.jpg"
LR-5450-7_v3_00001.jpg,2,2,"29-Merthyr Tydfil,1843-1857_1861-1896,LR54507 | Merthr Tydfil (1849-1857, 1861-1896)",1,"29-Merthyr Tydfil,1843-1857_1861-1896,LR54507/Images/LR-5450-7_v3_00001.jpg | Merthr Tydfil (1849-1857, 1861-1896)/LR-5450-7_v3_00001.jpg"
LR-5450-7_v3_00002.jpg,2,2,"29-Merthyr Tydfil,1843-1857_1861-1896,LR54507 | Merthr Tydfil (1849-1857, 1861-1896)",1,"29-Merthyr Tydfil,1843-1857_1861-1896,LR54507/Images/LR-5450-7_v3_00002.jpg | Merthr Tydfil (1849-1857, 1861-1896)/LR-5450-7_v3_00002.jpg"
LR-5450-7_v3_00003.jpg,2,2,"29-Merthyr Tydfil,1843-1857_1861-1896,LR54507 | Merthr Tydfil (1849-1857, 1861-1896)",1,"29-Merthyr Tydfil,1843-1857_1861-1896,LR54507/Images/LR-5450-7_v3_00003.jpg | Merthr Tydfil (1849-1857, 1861-1896)/LR-5450-7_v3_00003.jpg"
LR-5450-7_v3_00004.jpg,2,2,"29-Merthyr Tydfil,1843-1857_1861-1896,LR54507 | Merthr Tydfil (1849-1857, 1861-1896)",1,"29-Merthyr Tydfil,1843-1857_1861-1896,LR54507/Images/LR-5450-7_v3_00004.jpg | Merthr Tydfil (1849-1857, 1861-1896)/LR-5450-7_v3_00004.jpg"
LR-5450-7_v3_00005.jpg,2,2,"29-Merthyr Tydfil,1843-1857_1861-1896,LR54507 | Merthr Tydfil (1849-1857, 1861-1896)",1,"29-Merthyr Tydfil,1843-1857_1861-1896,LR54507/Images/LR-5450-7_v3_00005.jpg | Merthr Tydfil (1849-1857, 1861-1896)/LR-5450-7_v3_00005.jpg"
LR-5450-7_v3_00006.jpg,2,2,"29-Merthyr Tydfil,1843-1857_1861-1896,LR54507 | Merthr Tydfil (1849-1857, 1861-1896)",1,"29-Merthyr Tydfil,1843-1857_1861-1896,LR54507/Images/LR-5450-7_v3_00006.jpg | Merthr Tydfil (1849-1857, 1861-1896)/LR-5450-7_v3_00006.jpg"
LR-5450-7_v3_00007.jpg,2,2,"29-Merthyr Tydfil,1843-1857_1861-1896,LR54507 | Merthr Tydfil (1849-1857, 1861-1896)",1,"29-Merthyr Tydfil,1843-1857_1861-1896,LR54507/Images/LR-5450-7_v3_00007.jpg | Merthr Tydfil (1849-1857, 1861-1896)/LR-5450-7_v3_00007.jpg"
LR-5450-7_v3_00008.jpg,2,2,"29-Merthyr Tydfil,1843-1857_1861-1896,LR54507 | Merthr Tydfil (1849-1857, 1861-1896)",1,"29-Merthyr Tydfil,1843-1857_1861-1896,LR54507/Images/LR-5450-7_v3_00008.jpg | Merthr Tydfil (1849-1857, 1861-1896)/LR-5450-7_v3_00008.jpg"
LR-5450-7_v3_00009.jpg,2,2,"29-Merthyr Tydfil,1843-1857_1861-1896,LR54507 | Merthr Tydfil (1849-1857, 1861-1896)",1,"29-Merthyr Tydfil,1843-1857_1861-1896,LR54507/Images/LR-5450-7_v3_00009.jpg | Merthr Tydfil (1849-1857, 1861-1896)/LR-5450-7_v3_00009.jpg"
LR-5450-7_v3_00010.jpg,2,2,"29-Merthyr Tydfil,1843-1857_1861-1896,LR54507 | Merthr Tydfil (1849-1857, 1861-1896)",1,"29-Merthyr Tydfil,1843-1857_1861-1896,LR54507/Images/LR-5450-7_v3_00010.jpg | Merthr Tydfil (1849-1857, 1861-1896)/LR-5450-7_v3_00010.jpg"
LR-5450-7_v3_00011.jpg,2,2,"29-Merthyr Tydfil,1843-1857_1861-1896,LR54507 | Merthr Tydfil (1849-1857, 1861-1896)",1,"29-Merthyr Tydfil,1843-1857_1861-1896,LR54507/Images/LR-5450-7_v3_00011.jpg | Merthr Tydfil (1849-1857, 1861-1896)/LR-5450-7_v3_00011.jpg"
LR-5450-7_v3_00012.jpg,2,2,"29-Merthyr Tydfil,1843-1857_1861-1896,LR54507 | Merthr Tydfil (1849-1857, 1861-1896)",1,"29-Merthyr Tydfil,1843-1857_1861-1896,LR54507/Images/LR-5450-7_v3_00012.jpg | Merthr Tydfil (1849-1857, 1861-1896)/LR-5450-7_v3_00012.jpg"
LR-5450-7_v3_00013.jpg,2,2,"29-Merthyr Tydfil,1843-1857_1861-1896,LR54507 | Merthr Tydfil (1849-1857, 1861-1896)",1,"29-Merthyr Tydfil,1843-1857_1861-1896,LR54507/Images/LR-5450-7_v3_00013.jpg | Merthr Tydfil (1849-1857, 1861-1896)/LR-5450-7_v3_00013.jpg"
LR-5450-7_v3_00014.jpg,2,2,"29-Merthyr Tydfil,1843-1857_1861-1896,LR54507 | Merthr Tydfil (1849-1857, 1861-1896)",1,"29-Merthyr Tydfil,1843-1857_1861-1896,LR54507/Images/LR-5450-7_v3_00014.jpg | Merthr Tydfil (1849-1857, 1861-1896)/LR-5450-7_v3_00014.jpg"
LR-5450-7_v3_00015.jpg,2,2,"29-Merthyr Tydfil,1843-1857_1861-1896,LR54507 | Merthr Tydfil (1849-1857, 1861-1896)",1,"29-Merthyr Tydfil,1843-1857_1861-1896,LR54507/Images/LR-5450-7_v3_00015.jpg | Merthr Tydfil (1849-1857, 1861-1896)/LR-5450-7_v3_00015.jpg"
LR-5450-7_v3_00016.jpg,2,2,"29-Merthyr Tydfil,1843-1857_1861-1896,LR54507 | Merthr Tydfil (1849-1857, 1861-1896)",1,"29-Merthyr Tydfil,1843-1857_1861-1896,LR54507/Images/LR-5450-7_v3_00016.jpg | Merthr Tydfil (1849-1857, 1861-1896)/LR-5450-7_v3_00016.jpg"
LR-5450-7_v3_00017.jpg,2,2,"29-Merthyr Tydfil,1843-1857_1861-1896,LR54507 | Merthr Tydfil (1849-1857, 1861-1896)",1,"29-Merthyr Tydfil,1843-1857_1861-1896,LR54507/Images/LR-5450-7_v3_00017.jpg | Merthr Tydfil (1849-1857, 1861-1896)/LR-5450-7_v3_00017.jpg"
LR-5450-7_v3_00018.jpg,2,2,"29-Merthyr Tydfil,1843-1857_1861-1896,LR54507 | Merthr Tydfil (1849-1857, 1861-1896)",1,"29-Merthyr Tydfil,1843-1857_1861-1896,LR54507/Images/LR-5450-7_v3_00018.jpg | Merthr Tydfil (1849-1857, 1861-1896)/LR-5450-7_v3_00018.jpg"
LR-5450-7_v3_00019.jpg,2,2,"29-Merthyr Tydfil,1843-1857_1861-1896,LR54507 | Merthr Tydfil (1849-1857, 1861-1896)",1,"29-Merthyr Tydfil,1843-1857_1861-1896,LR54507/Images/LR-5450-7_v3_00019.jpg | Merthr Tydfil (1849-1857, 1861-1896)/LR-5450-7_v3_00019.jpg"
LR-5450-7_v3_00020.jpg,2,2,"29-Merthyr Tydfil,1843-1857_1861-1896,LR54507 | Merthr Tydfil (1849-1857, 1861-1896)",1,"29-Merthyr Tydfil,1843-1857_1861-1896,LR54507/Images/LR-5450-7_v3_00020.jpg | Merthr Tydfil (1849-1857, 1861-1896)/LR-5450-7_v3_00020.jpg"
LR-5450-7_v3_00021.jpg,2,2,"29-Merthyr Tydfil,1843-1857_1861-1896,LR54507 | Merthr Tydfil (1849-1857, 1861-1896)",1,"29-Merthyr Tydfil,1843-1857_1861-1896,LR54507/Images/LR-5450-7_v3_00021.jpg | Merthr Tydfil (1849-1857, 1861-1896)/LR-5450-7_v3_00021.jpg"
LR-5450-7_v3_00022.jpg,2,2,"29-Merthyr Tydfil,1843-1857_1861-1896,LR54507 | Merthr Tydfil (1849-1857, 1861-1896)",1,"29-Merthyr Tydfil,1843-1857_1861-1896,LR54507/Images/LR-5450-7_v3_00022.jpg | Merthr Tydfil (1849-1857, 1861-1896)/LR-5450-7_v3_00022.jpg"
LR-5450-7_v3_00023.jpg,2,2,"29-Merthyr Tydfil,1843-1857_1861-1896,LR54507 | Merthr Tydfil (1849-1857, 1861-1896)",1,"29-Merthyr Tydfil,1843-1857_1861-1896,LR54507/Images/LR-5450-7_v3_00023.jpg | Merthr Tydfil (1849-1857, 1861-1896)/LR-5450-7_v3_00023.jpg"
LR-5450-7_v3_00024.jpg,2,2,"29-Merthyr Tydfil,1843-1857_1861-1896,LR54507 | Merthr Tydfil (1849-1857, 1861-1896)",1,"29-Merthyr Tydfil,1843-1857_1861-1896,LR54507/Images/LR-5450-7_v3_00024.jpg | Merthr Tydfil (1849-1857, 1861-1896)/LR-5450-7_v3_00024.jpg"
LR-5450-7_v3_00025.jpg,2,2,"29-Merthyr Tydfil,1843-1857_1861-1896,LR54507 | Merthr Tydfil (1849-1857, 1861-1896)",1,"29-Merthyr Tydfil,1843-1857_1861-1896,LR54507/Images/LR-5450-7_v3_00025.jpg | Merthr Tydfil (1849-1857, 1861-1896)/LR-5450-7_v3_00025.jpg"
LR-5450-7_v3_00026.jpg,2,2,"29-Merthyr Tydfil,1843-1857_1861-1896,LR54507 | Merthr Tydfil (1849-1857, 1861-1896)",1,"29-Merthyr Tydfil,1843-1857_1861-1896,LR54507/Images/LR-5450-7_v3_00026.jpg | Merthr Tydfil (1849-1857, 1861-1896)/LR-5450-7_v3_00026.jpg"
LR-5450-7_v3_00027.jpg,2,2,"29-Merthyr Tydfil,1843-1857_1861-1896,LR54507 | Merthr Tydfil (1849-1857, 1861-1896)",1,"29-Merthyr Tydfil,1843-1857_1861-1896,LR54507/Images/LR-5450-7_v3_00027.jpg | Merthr Tydfil (1849-1857, 1861-1896)/LR-5450-7_v3_00027.jpg"
LR-5450-7_v3_00028.jpg,2,2,"29-Merthyr Tydfil,1843-1857_1861-1896,LR54507 | Merthr Tydfil (1849-1857, 1861-1896)",1,"29-Merthyr Tydfil,1843-1857_1861-1896,LR54507/Images/LR-5450-7_v3_00028.jpg | Merthr Tydfil (1849-1857, 1861-1896)/LR-5450-7_v3_00028.jpg"
LR-5450-7_v3_00029.jpg,2,2,"29-Merthyr Tydfil,1843-1857_1861-1896,LR54507 | Merthr Tydfil (1849-1857, 1861-1896)",1,"29-Merthyr Tydfil,1843-1857_1861-1896,LR54507/Images/LR-5450-7_v3_00029.jpg | Merthr Tydfil (1849-1857, 1861-1896)/LR-5450-7_v3_00029.jpg"
LR-5450-7_v3_00030.jpg,2,2,"29-Merthyr Tydfil,1843-1857_1861-1896,LR54507 | Merthr Tydfil (1849-1857, 1861-1896)",1,"29-Merthyr Tydfil,1843-1857_1861-1896,LR54507/Images/LR-5450-7_v3_00030.jpg | Merthr Tydfil (1849-1857, 1861-1896)/LR-5450-7_v3_00030.jpg"
LR-5450-7_v3_00031.jpg,2,2,"29-Merthyr Tydfil,1843-1857_1861-1896,LR54507 | Merthr Tydfil (1849-1857, 1861-1896)",1,"29-Merthyr Tydfil,1843-1857_1861-1896,LR54507/Images/LR-5450-7_v3_00031.jpg | Merthr Tydfil (1849-1857, 1861-1896)/LR-5450-7_v3_00031.jpg"
LR-5450-7_v3_00032.jpg,2,2,"29-Merthyr Tydfil,1843-1857_1861-1896,LR54507 | Merthr Tydfil (1849-1857, 1861-1896)",1,"29-Merthyr Tydfil,1843-1857_1861-1896,LR54507/Images/LR-5450-7_v3_00032.jpg | Merthr Tydfil (1849-1857, 1861-1896)/LR-5450-7_v3_00032.jpg"
LR-5450-7_v3_00033.jpg,2,2,"29-Merthyr Tydfil,1843-1857_1861-1896,LR54507 | Merthr Tydfil (1849-1857, 1861-1896)",1,"29-Merthyr Tydfil,1843-1857_1861-1896,LR54507/Images/LR-5450-7_v3_00033.jpg | Merthr Tydfil (1849-1857, 1861-1896)/LR-5450-7_v3_00033.jpg"
LR-5450-7_v3_00034.jpg,2,2,"29-Merthyr Tydfil,1843-1857_1861-1896,LR54507 | Merthr Tydfil (1849-1857, 1861-1896)",1,"29-Merthyr Tydfil,1843-1857_1861-1896,LR54507/Images/LR-5450-7_v3_00034.jpg | Merthr Tydfil (1849-1857, 1861-1896)/LR-5450-7_v3_00034.jpg"
LR-5450-7_v3_00035.jpg,2,2,"29-Merthyr Tydfil,1843-1857_1861-1896,LR54507 | Merthr Tydfil (1849-1857, 1861-1896)",1,"29-Merthyr Tydfil,1843-1857_1861-1896,LR54507/Images/LR-5450-7_v3_00035.jpg | Merthr Tydfil (1849-1857, 1861-1896)/LR-5450-7_v3_00035.jpg"
LR-5450-7_v3_00036.jpg,2,2,"29-Merthyr Tydfil,1843-1857_1861-1896,LR54507 | Merthr Tydfil (1849-1857, 1861-1896)",1,"29-Merthyr Tydfil,1843-1857_1861-1896,LR54507/Images/LR-5450-7_v3_00036.jpg | Merthr Tydfil (1849-1857, 1861-1896)/LR-5450-7_v3_00036.jpg"
LR-5450-7_v3_00037.jpg,2,2,"29-Merthyr Tydfil,1843-1857_1861-1896,LR54507 | Merthr Tydfil (1849-1857, 1861-1896)",1,"29-Merthyr Tydfil,1843-1857_1861-1896,LR54507/Images/LR-5450-7_v3_00037.jpg | Merthr Tydfil (1849-1857, 1861-1896)/LR-5450-7_v3_00037.jpg"
LR-5450-7_v3_00038.jpg,2,2,"29-Merthyr Tydfil,1843-1857_1861-1896,LR54507 | Merthr Tydfil (1849-1857, 1861-1896)",1,"29-Merthyr Tydfil,1843-1857_1861-1896,LR54507/Images/LR-5450-7_v3_00038.jpg | Merthr Tydfil (1849-1857, 1861-1896)/LR-5450-7_v3_00038.jpg"
LR-5450-7_v3_00039.jpg,2,2,"29-Merthyr Tydfil,1843-1857_1861-1896,LR54507 | Merthr Tydfil (1849-1857, 1861-1896)",1,"29-Merthyr Tydfil,1843-1857_1861-1896,LR54507/Images/LR-5450-7_v3_00039.jpg | Merthr Tydfil (1849-1857, 1861-1896)/LR-5450-7_v3_00039.jpg"
LR-5450-7_v3_00040.jpg,2,2,"29-Merthyr Tydfil,1843-1857_1861-1896,LR54507 | Merthr Tydfil (1849-1857, 1861-1896)",1,"29-Merthyr Tydfil,1843-1857_1861-1896,LR54507/Images/LR-5450-7_v3_00040.jpg | Merthr Tydfil (1849-1857, 1861-1896)/LR-5450-7_v3_00040.jpg"
LR-5450-7_v3_00041.jpg,2,2,"29-Merthyr Tydfil,1843-1857_1861-1896,LR54507 | Merthr Tydfil (1849-1857, 1861-1896)",1,"29-Merthyr Tydfil,1843-1857_1861-1896,LR54507/Images/LR-5450-7_v3_00041.jpg | Merthr Tydfil (1849-1857, 1861-1896)/LR-5450-7_v3_00041.jpg"
LR-5450-7_v3_00042.jpg,2,2,"29-Merthyr Tydfil,1843-1857_1861-1896,LR54507 | Merthr Tydfil (1849-1857, 1861-1896)",1,"29-Merthyr Tydfil,1843-1857_1861-1896,LR54507/Images/LR-5450-7_v3_00042.jpg | Merthr Tydfil (1849-1857, 1861-1896)/LR-5450-7_v3_00042.jpg"
LR-5450-7_v3_00043.jpg,2,2,"29-Merthyr Tydfil,1843-1857_1861-1896,LR54507 | Merthr Tydfil (1849-1857, 1861-1896)",1,"29-Merthyr Tydfil,1843-1857_1861-1896,LR54507/Images/LR-5450-7_v3_00043.jpg | Merthr Tydfil (1849-1857, 1861-1896)/LR-5450-7_v3_00043.jpg"
LR-5450-7_v3_00044.jpg,2,2,"29-Merthyr Tydfil,1843-1857_1861-1896,LR54507 | Merthr Tydfil (1849-1857, 1861-1896)",1,"29-Merthyr Tydfil,1843-1857_1861-1896,LR54507/Images/LR-5450-7_v3_00044.jpg | Merthr Tydfil (1849-1857, 1861-1896)/LR-5450-7_v3_00044.jpg"
LR-5450-7_v3_00045.jpg,2,2,"29-Merthyr Tydfil,1843-1857_1861-1896,LR54507 | Merthr Tydfil (1849-1857, 1861-1896)",1,"29-Merthyr Tydfil,1843-1857_1861-1896,LR54507/Images/LR-5450-7_v3_00045.jpg | Merthr Tydfil (1849-1857, 1861-1896)/LR-5450-7_v3_00045.jpg"
LR-5450-7_v3_00046.jpg,2,2,"29-Merthyr Tydfil,1843-1857_1861-1896,LR54507 | Merthr Tydfil (1849-1857, 1861-1896)",1,"29-Merthyr Tydfil,1843-1857_1861-1896,LR54507/Images/LR-5450-7_v3_00046.jpg | Merthr Tydfil (1849-1857, 1861-1896)/LR-5450-7_v3_00046.jpg"
LR-5450-7_v3_00047.jpg,2,2,"29-Merthyr Tydfil,1843-1857_1861-1896,LR54507 | Merthr Tydfil (1849-1857, 1861-1896)",1,"29-Merthyr Tydfil,1843-1857_1861-1896,LR54507/Images/LR-5450-7_v3_00047.jpg | Merthr Tydfil (1849-1857, 1861-1896)/LR-5450-7_v3_00047.jpg"
LR-5450-7_v3_00048.jpg,2,2,"29-Merthyr Tydfil,1843-1857_1861-1896,LR54507 | Merthr Tydfil (1849-1857, 1861-1896)",1,"29-Merthyr Tydfil,1843-1857_1861-1896,LR54507/Images/LR-5450-7_v3_00048.jpg | Merthr Tydfil (1849-1857, 1861-1896)/LR-5450-7_v3_00048.jpg"
LR-5450-7_v3_00049.jpg,2,2,"29-Merthyr Tydfil,1843-1857_1861-1896,LR54507 | Merthr Tydfil (1849-1857, 1861-1896)",1,"29-Merthyr Tydfil,1843-1857_1861-1896,LR54507/Images/LR-5450-7_v3_00049.jpg | Merthr Tydfil (1849-1857, 1861-1896)/LR-5450-7_v3_00049.jpg"
LR-5450-7_v3_00050.jpg,2,2,"29-Merthyr Tydfil,1843-1857_1861-1896,LR54507 | Merthr Tydfil (1849-1857, 1861-1896)",1,"29-Merthyr Tydfil,1843-1857_1861-1896,LR54507/Images/LR-5450-7_v3_00050.jpg | Merthr Tydfil (1849-1857, 1861-1896)/LR-5450-7_v3_00050.jpg"
LR-5450-7_v3_00051.jpg,2,2,"29-Merthyr Tydfil,1843-1857_1861-1896,LR54507 | Merthr Tydfil (1849-1857, 1861-1896)",1,"29-Merthyr Tydfil,1843-1857_1861-1896,LR54507/Images/LR-5450-7_v3_00051.jpg | Merthr Tydfil (1849-1857, 1861-1896)/LR-5450-7_v3_00051.jpg"
LR-5450-7_v3_00052.jpg,2,2,"29-Merthyr Tydfil,1843-1857_1861-1896,LR54507 | Merthr Tydfil (1849-1857, 1861-1896)",1,"29-Merthyr Tydfil,1843-1857_1861-1896,LR54507/Images/LR-5450-7_v3_00052.jpg | Merthr Tydfil (1849-1857, 1861-1896)/LR-5450-7_v3_00052.jpg"
LR-5450-7_v3_00053.jpg,2,2,"29-Merthyr Tydfil,1843-1857_1861-1896,LR54507 | Merthr Tydfil (1849-1857, 1861-1896)",1,"29-Merthyr Tydfil,1843-1857_1861-1896,LR54507/Images/LR-5450-7_v3_00053.jpg | Merthr Tydfil (1849-1857, 1861-1896)/LR-5450-7_v3_00053.jpg"
LR-5450-7_v3_00054.jpg,2,2,"29-Merthyr Tydfil,1843-1857_1861-1896,LR54507 | Merthr Tydfil (1849-1857, 1861-1896)",1,"29-Merthyr Tydfil,1843-1857_1861-1896,LR54507/Images/LR-5450-7_v3_00054.jpg | Merthr Tydfil (1849-1857, 1861-1896)/LR-5450-7_v3_00054.jpg"
LR-5450-7_v3_00055.jpg,2,2,"29-Merthyr Tydfil,1843-1857_1861-1896,LR54507 | Merthr Tydfil (1849-1857, 1861-1896)",1,"29-Merthyr Tydfil,1843-1857_1861-1896,LR54507/Images/LR-5450-7_v3_00055.jpg | Merthr Tydfil (1849-1857, 1861-1896)/LR-5450-7_v3_00055.jpg"
LR-5450-7_v3_00056.jpg,2,2,"29-Merthyr Tydfil,1843-1857_1861-1896,LR54507 | Merthr Tydfil (1849-1857, 1861-1896)",1,"29-Merthyr Tydfil,1843-1857_1861-1896,LR54507/Images/LR-5450-7_v3_00056.jpg | Merthr Tydfil (1849-1857, 1861-1896)/LR-5450-7_v3_00056.jpg"
LR-5450-7_v3_00057.jpg,2,2,"29-Merthyr Tydfil,1843-1857_1861-1896,LR54507 | Merthr Tydfil (1849-1857, 1861-1896)",1,"29-Merthyr Tydfil,1843-1857_1861-1896,LR54507/Images/LR-5450-7_v3_00057.jpg | Merthr Tydfil (1849-1857, 1861-1896)/LR-5450-7_v3_00057.jpg"
LR-5450-7_v3_00058.jpg,2,2,"29-Merthyr Tydfil,1843-1857_1861-1896,LR54507 | Merthr Tydfil (1849-1857, 1861-1896)",1,"29-Merthyr Tydfil,1843-1857_1861-1896,LR54507/Images/LR-5450-7_v3_00058.jpg | Merthr Tydfil (1849-1857, 1861-1896)/LR-5450-7_v3_00058.jpg"
LR-5450-7_v3_00059.jpg,2,2,"29-Merthyr Tydfil,1843-1857_1861-1896,LR54507 | Merthr Tydfil (1849-1857, 1861-1896)",1,"29-Merthyr Tydfil,1843-1857_1861-1896,LR54507/Images/LR-5450-7_v3_00059.jpg | Merthr Tydfil (1849-1857, 1861-1896)/LR-5450-7_v3_00059.jpg"
LR-5450-7_v3_00060.jpg,2,2,"29-Merthyr Tydfil,1843-1857_1861-1896,LR54507 | Merthr Tydfil (1849-1857, 1861-1896)",1,"29-Merthyr Tydfil,1843-1857_1861-1896,LR54507/Images/LR-5450-7_v3_00060.jpg | Merthr Tydfil (1849-1857, 1861-1896)/LR-5450-7_v3_00060.jpg"
LR-5450-7_v3_00061.jpg,2,2,"29-Merthyr Tydfil,1843-1857_1861-1896,LR54507 | Merthr Tydfil (1849-1857, 1861-1896)",1,"29-Merthyr Tydfil,1843-1857_1861-1896,LR54507/Images/LR-5450-7_v3_00061.jpg | Merthr Tydfil (1849-1857, 1861-1896)/LR-5450-7_v3_00061.jpg"
LR-5450-7_v3_00062.jpg,2,2,"29-Merthyr Tydfil,1843-1857_1861-1896,LR54507 | Merthr Tydfil (1849-1857, 1861-1896)",1,"29-Merthyr Tydfil,1843-1857_1861-1896,LR54507/Images/LR-5450-7_v3_00062.jpg | Merthr Tydfil (1849-1857, 1861-1896)/LR-5450-7_v3_00062.jpg"
LR-5450-7_v3_00063.jpg,2,2,"29-Merthyr Tydfil,1843-1857_1861-1896,LR54507 | Merthr Tydfil (1849-1857, 1861-1896)",1,"29-Merthyr Tydfil,1843-1857_1861-1896,LR54507/Images/LR-5450-7_v3_00063.jpg | Merthr Tydfil (1849-1857, 1861-1896)/LR-5450-7_v3_00063.jpg"
LR-5450-7_v3_00064.jpg,2,2,"29-Merthyr Tydfil,1843-1857_1861-1896,LR54507 | Merthr Tydfil (1849-1857, 1861-1896)",1,"29-Merthyr Tydfil,1843-1857_1861-1896,LR54507/Images/LR-5450-7_v3_00064.jpg | Merthr Tydfil (1849-1857, 1861-1896)/LR-5450-7_v3_00064.jpg"
LR-5450-7_v3_00065.jpg,2,2,"29-Merthyr Tydfil,1843-1857_1861-1896,LR54507 | Merthr Tydfil (1849-1857, 1861-1896)",1,"29-Merthyr Tydfil,1843-1857_1861-1896,LR54507/Images/LR-5450-7_v3_00065.jpg | Merthr Tydfil (1849-1857, 1861-1896)/LR-5450-7_v3_00065.jpg"
LR-5450-7_v3_00066.jpg,2,2,"29-Merthyr Tydfil,1843-1857_1861-1896,LR54507 | Merthr Tydfil (1849-1857, 1861-1896)",1,"29-Merthyr Tydfil,1843-1857_1861-1896,LR54507/Images/LR-5450-7_v3_00066.jpg | Merthr Tydfil (1849-1857, 1861-1896)/LR-5450-7_v3_00066.jpg"
LR-5450-7_v3_00067.jpg,2,2,"29-Merthyr Tydfil,1843-1857_1861-1896,LR54507 | Merthr Tydfil (1849-1857, 1861-1896)",1,"29-Merthyr Tydfil,1843-1857_1861-1896,LR54507/Images/LR-5450-7_v3_00067.jpg | Merthr Tydfil (1849-1857, 1861-1896)/LR-5450-7_v3_00067.jpg"
LR-5450-7_v3_00068.jpg,2,2,"29-Merthyr Tydfil,1843-1857_1861-1896,LR54507 | Merthr Tydfil (1849-1857, 1861-1896)",1,"29-Merthyr Tydfil,1843-1857_1861-1896,LR54507/Images/LR-5450-7_v3_00068.jpg | Merthr Tydfil (1849-1857, 1861-1896)/LR-5450-7_v3_00068.jpg"
LR-5450-7_v3_00069.jpg,2,2,"29-Merthyr Tydfil,1843-1857_1861-1896,LR54507 | Merthr Tydfil (1849-1857, 1861-1896)",1,"29-Merthyr Tydfil,1843-1857_1861-1896,LR54507/Images/LR-5450-7_v3_00069.jpg | Merthr Tydfil (1849-1857, 1861-1896)/LR-5450-7_v3_00069.jpg"
LR-5450-7_v3_00070.jpg,2,2,"29-Merthyr Tydfil,1843-1857_1861-1896,LR54507 | Merthr Tydfil (1849-1857, 1861-1896)",1,"29-Merthyr Tydfil,1843-1857_1861-1896,LR54507/Images/LR-5450-7_v3_00070.jpg | Merthr Tydfil (1849-1857, 1861-1896)/LR-5450-7_v3_00070.jpg"
LR-5450-7_v3_00071.jpg,2,2,"29-Merthyr Tydfil,1843-1857_1861-1896,LR54507 | Merthr Tydfil (1849-1857, 1861-1896)",1,"29-Merthyr Tydfil,1843-1857_1861-1896,LR54507/Images/LR-5450-7_v3_00071.jpg | Merthr Tydfil (1849-1857, 1861-1896)/LR-5450-7_v3_00071.jpg"
LR-5450-7_v3_00072.jpg,2,2,"29-Merthyr Tydfil,1843-1857_1861-1896,LR54507 | Merthr Tydfil (1849-1857, 1861-1896)",1,"29-Merthyr Tydfil,1843-1857_1861-1896,LR54507/Images/LR-5450-7_v3_00072.jpg | Merthr Tydfil (1849-1857, 1861-1896)/LR-5450-7_v3_00072.jpg"
LR-5450-7_v3_00073.jpg,2,2,"29-Merthyr Tydfil,1843-1857_1861-1896,LR54507 | Merthr Tydfil (1849-1857, 1861-1896)",1,"29-Merthyr Tydfil,1843-1857_1861-1896,LR54507/Images/LR-5450-7_v3_00073.jpg | Merthr Tydfil (1849-1857, 1861-1896)/LR-5450-7_v3_00073.jpg"
LR-5450-7_v3_00074.jpg,2,2,"29-Merthyr Tydfil,1843-1857_1861-1896,LR54507 | Merthr Tydfil (1849-1857, 1861-1896)",1,"29-Merthyr Tydfil,1843-1857_1861-1896,LR54507/Images/LR-5450-7_v3_00074.jpg | Merthr Tydfil (1849-1857, 1861-1896)/LR-5450-7_v3_00074.jpg"
LR-5450-7_v3_00075.jpg,2,2,"29-Merthyr Tydfil,1843-1857_1861-1896,LR54507 | Merthr Tydfil (1849-1857, 1861-1896)",1,"29-Merthyr Tydfil,1843-1857_1861-1896,LR54507/Images/LR-5450-7_v3_00075.jpg | Merthr Tydfil (1849-1857, 1861-1896)/LR-5450-7_v3_00075.jpg"
LR-5450-7_v3_00076.jpg,2,2,"29-Merthyr Tydfil,1843-1857_1861-1896,LR54507 | Merthr Tydfil (1849-1857, 1861-1896)",1,"29-Merthyr Tydfil,1843-1857_1861-1896,LR54507/Images/LR-5450-7_v3_00076.jpg | Merthr Tydfil (1849-1857, 1861-1896)/LR-5450-7_v3_00076.jpg"
LR-5450-7_v3_00077.jpg,2,2,"29-Merthyr Tydfil,1843-1857_1861-1896,LR54507 | Merthr Tydfil (1849-1857, 1861-1896)",1,"29-Merthyr Tydfil,1843-1857_1861-1896,LR54507/Images/LR-5450-7_v3_00077.jpg | Merthr Tydfil (1849-1857, 1861-1896)/LR-5450-7_v3_00077.jpg"
LR-5450-7_v3_00078.jpg,2,2,"29-Merthyr Tydfil,1843-1857_1861-1896,LR54507 | Merthr Tydfil (1849-1857, 1861-1896)",1,"29-Merthyr Tydfil,1843-1857_1861-1896,LR54507/Images/LR-5450-7_v3_00078.jpg | Merthr Tydfil (1849-1857, 1861-1896)/LR-5450-7_v3_00078.jpg"
LR-5450-7_v3_00079.jpg,2,2,"29-Merthyr Tydfil,1843-1857_1861-1896,LR54507 | Merthr Tydfil (1849-1857, 1861-1896)",1,"29-Merthyr Tydfil,1843-1857_1861-1896,LR54507/Images/LR-5450-7_v3_00079.jpg | Merthr Tydfil (1849-1857, 1861-1896)/LR-5450-7_v3_00079.jpg"
LR-5450-7_v3_00080.jpg,2,2,"29-Merthyr Tydfil,1843-1857_1861-1896,LR54507 | Merthr Tydfil (1849-1857, 1861-1896)",1,"29-Merthyr Tydfil,1843-1857_1861-1896,LR54507/Images/LR-5450-7_v3_00080.jpg | Merthr Tydfil (1849-1857, 1861-1896)/LR-5450-7_v3_00080.jpg"
LR-5450-7_v3_00081.jpg,2,2,"29-Merthyr Tydfil,1843-1857_1861-1896,LR54507 | Merthr Tydfil (1849-1857, 1861-1896)",1,"29-Merthyr Tydfil,1843-1857_1861-1896,LR54507/Images/LR-5450-7_v3_00081.jpg | Merthr Tydfil (1849-1857, 1861-1896)/LR-5450-7_v3_00081.jpg"
LR-5450-7_v3_00082.jpg,2,2,"29-Merthyr Tydfil,1843-1857_1861-1896,LR54507 | Merthr Tydfil (1849-1857, 1861-1896)",1,"29-Merthyr Tydfil,1843-1857_1861-1896,LR54507/Images/LR-5450-7_v3_00082.jpg | Merthr Tydfil (1849-1857, 1861-1896)/LR-5450-7_v3_00082.jpg"
LR-5450-7_v3_00083.jpg,2,2,"29-Merthyr Tydfil,1843-1857_1861-1896,LR54507 | Merthr Tydfil (1849-1857, 1861-1896)",1,"29-Merthyr Tydfil,1843-1857_1861-1896,LR54507/Images/LR-5450-7_v3_00083.jpg | Merthr Tydfil (1849-1857, 1861-1896)/LR-5450-7_v3_00083.jpg"
LR-5450-7_v3_00084.jpg,2,2,"29-Merthyr Tydfil,1843-1857_1861-1896,LR54507 | Merthr Tydfil (1849-1857, 1861-1896)",1,"29-Merthyr Tydfil,1843-1857_1861-1896,LR54507/Images/LR-5450-7_v3_00084.jpg | Merthr Tydfil (1849-1857, 1861-1896)/LR-5450-7_v3_00084.jpg"
LR-5450-7_v3_00085.jpg,2,2,"29-Merthyr Tydfil,1843-1857_1861-1896,LR54507 | Merthr Tydfil (1849-1857, 1861-1896)",1,"29-Merthyr Tydfil,1843-1857_1861-1896,LR54507/Images/LR-5450-7_v3_00085.jpg | Merthr Tydfil (1849-1857, 1861-1896)/LR-5450-7_v3_00085.jpg"
LR-5450-7_v3_00086.jpg,2,2,"29-Merthyr Tydfil,1843-1857_1861-1896,LR54507 | Merthr Tydfil (1849-1857, 1861-1896)",1,"29-Merthyr Tydfil,1843-1857_1861-1896,LR54507/Images/LR-5450-7_v3_00086.jpg | Merthr Tydfil (1849-1857, 1861-1896)/LR-5450-7_v3_00086.jpg"
LR-5450-7_v3_00087.jpg,2,2,"29-Merthyr Tydfil,1843-1857_1861-1896,LR54507 | Merthr Tydfil (1849-1857, 1861-1896)",1,"29-Merthyr Tydfil,1843-1857_1861-1896,LR54507/Images/LR-5450-7_v3_00087.jpg | Merthr Tydfil (1849-1857, 1861-1896)/LR-5450-7_v3_00087.jpg"
LR-5450-7_v3_00088.jpg,2,2,"29-Merthyr Tydfil,1843-1857_1861-1896,LR54507 | Merthr Tydfil (1849-1857, 1861-1896)",1,"29-Merthyr Tydfil,1843-1857_1861-1896,LR54507/Images/LR-5450-7_v3_00088.jpg | Merthr Tydfil (1849-1857, 1861-1896)/LR-5450-7_v3_00088.jpg"
LR-5450-7_v3_00089.jpg,2,2,"29-Merthyr Tydfil,1843-1857_1861-1896,LR54507 | Merthr Tydfil (1849-1857, 1861-1896)",1,"29-Merthyr Tydfil,1843-1857_1861-1896,LR54507/Images/LR-5450-7_v3_00089.jpg | Merthr Tydfil (1849-1857, 1861-1896)/LR-5450-7_v3_00089.jpg"
LR-5450-7_v3_00090.jpg,2,2,"29-Merthyr Tydfil,1843-1857_1861-1896,LR54507 | Merthr Tydfil (1849-1857, 1861-1896)",1,"29-Merthyr Tydfil,1843-1857_1861-1896,LR54507/Images/LR-5450-7_v3_00090.jpg | Merthr Tydfil (1849-1857, 1861-1896)/LR-5450-7_v3_00090.jpg"
LR-5450-7_v3_00091.jpg,2,2,"29-Merthyr Tydfil,1843-1857_1861-1896,LR54507 | Merthr Tydfil (1849-1857, 1861-1896)",1,"29-Merthyr Tydfil,1843-1857_1861-1896,LR54507/Images/LR-5450-7_v3_00091.jpg | Merthr Tydfil (1849-1857, 1861-1896)/LR-5450-7_v3_00091.jpg"
LR-5450-7_v3_00092.jpg,2,2,"29-Merthyr Tydfil,1843-1857_1861-1896,LR54507 | Merthr Tydfil (1849-1857, 1861-1896)",1,"29-Merthyr Tydfil,1843-1857_1861-1896,LR54507/Images/LR-5450-7_v3_00092.jpg | Merthr Tydfil (1849-1857, 1861-1896)/LR-5450-7_v3_00092.jpg"
LR-5450-7_v3_00093.jpg,2,2,"29-Merthyr Tydfil,1843-1857_1861-1896,LR54507 | Merthr Tydfil (1849-1857, 1861-1896)",1,"29-Merthyr Tydfil,1843-1857_1861-1896,LR54507/Images/LR-5450-7_v3_00093.jpg | Merthr Tydfil (1849-1857, 1861-1896)/LR-5450-7_v3_00093.jpg"
LR-5450-7_v3_00094.jpg,2,2,"29-Merthyr Tydfil,1843-1857_1861-1896,LR54507 | Merthr Tydfil (1849-1857, 1861-1896)",1,"29-Merthyr Tydfil,1843-1857_1861-1896,LR54507/Images/LR-5450-7_v3_00094.jpg | Merthr Tydfil (1849-1857, 1861-1896)/LR-5450-7_v3_00094.jpg"
LR-5450-7_v3_00095.jpg,2,2,"29-Merthyr Tydfil,1843-1857_1861-1896,LR54507 | Merthr Tydfil (1849-1857, 1861-1896)",1,"29-Merthyr Tydfil,1843-1857_1861-1896,LR54507/Images/LR-5450-7_v3_00095.jpg | Merthr Tydfil (1849-1857, 1861-1896)/LR-5450-7_v3_00095.jpg"
LR-5450-7_v3_00096.jpg,2,2,"29-Merthyr Tydfil,1843-1857_1861-1896,LR54507 | Merthr Tydfil (1849-1857, 1861-1896)",1,"29-Merthyr Tydfil,1843-1857_1861-1896,LR54507/Images/LR-5450-7_v3_00096.jpg | Merthr Tydfil (1849-1857, 1861-1896)/LR-5450-7_v3_00096.jpg"
LR-5450-7_v3_00097.jpg,2,2,"29-Merthyr Tydfil,1843-1857_1861-1896,LR54507 | Merthr Tydfil (1849-1857, 1861-1896)",1,"29-Merthyr Tydfil,1843-1857_1861-1896,LR54507/Images/LR-5450-7_v3_00097.jpg | Merthr Tydfil (1849-1857, 1861-1896)/LR-5450-7_v3_00097.jpg"
LR-5450-7_v3_00098.jpg,2,2,"29-Merthyr Tydfil,1843-1857_1861-1896,LR54507 | Merthr Tydfil (1849-1857, 1861-1896)",1,"29-Merthyr Tydfil,1843-1857_1861-1896,LR54507/Images/LR-5450-7_v3_00098.jpg | Merthr Tydfil (1849-1857, 1861-1896)/LR-5450-7_v3_00098.jpg"
LR-5450-7_v3_00099.jpg,2,2,"29-Merthyr Tydfil,1843-1857_1861-1896,LR54507 | Merthr Tydfil (1849-1857, 1861-1896)",1,"29-Merthyr Tydfil,1843-1857_1861-1896,LR54507/Images/LR-5450-7_v3_00099.jpg | Merthr Tydfil (1849-1857, 1861-1896)/LR-5450-7_v3_00099.jpg"
LR-5450-7_v3_00100.jpg,2,2,"29-Merthyr Tydfil,1843-1857_1861-1896,LR54507 | Merthr Tydfil (1849-1857, 1861-1896)",1,"29-Merthyr Tydfil,1843-1857_1861-1896,LR54507/Images/LR-5450-7_v3_00100.jpg | Merthr Tydfil (1849-1857, 1861-1896)/LR-5450-7_v3_00100.jpg"
LR-5450-7_v3_00101.jpg,2,2,"29-Merthyr Tydfil,1843-1857_1861-1896,LR54507 | Merthr Tydfil (1849-1857, 1861-1896)",1,"29-Merthyr Tydfil,1843-1857_1861-1896,LR54507/Images/LR-5450-7_v3_00101.jpg | Merthr Tydfil (1849-1857, 1861-1896)/LR-5450-7_v3_00101.jpg"
LR-5450-7_v3_00102.jpg,2,2,"29-Merthyr Tydfil,1843-1857_1861-1896,LR54507 | Merthr Tydfil (1849-1857, 1861-1896)",1,"29-Merthyr Tydfil,1843-1857_1861-1896,LR54507/Images/LR-5450-7_v3_00102.jpg | Merthr Tydfil (1849-1857, 1861-1896)/LR-5450-7_v3_00102.jpg"
LR-5450-7_v3_00103.jpg,2,2,"29-Merthyr Tydfil,1843-1857_1861-1896,LR54507 | Merthr Tydfil (1849-1857, 1861-1896)",1,"29-Merthyr Tydfil,1843-1857_1861-1896,LR54507/Images/LR-5450-7_v3_00103.jpg | Merthr Tydfil (1849-1857, 1861-1896)/LR-5450-7_v3_00103.jpg"
LR-5450-7_v3_00104.jpg,2,2,"29-Merthyr Tydfil,1843-1857_1861-1896,LR54507 | Merthr Tydfil (1849-1857, 1861-1896)",1,"29-Merthyr Tydfil,1843-1857_1861-1896,LR54507/Images/LR-5450-7_v3_00104.jpg | Merthr Tydfil (1849-1857, 1861-1896)/LR-5450-7_v3_00104.jpg"
LR-5450-7_v3_00105.jpg,2,2,"29-Merthyr Tydfil,1843-1857_1861-1896,LR54507 | Merthr Tydfil (1849-1857, 1861-1896)",1,"29-Merthyr Tydfil,1843-1857_1861-1896,LR54507/Images/LR-5450-7_v3_00105.jpg | Merthr Tydfil (1849-1857, 1861-1896)/LR-5450-7_v3_00105.jpg"
LR-5450-7_v3_00106.jpg,2,2,"29-Merthyr Tydfil,1843-1857_1861-1896,LR54507 | Merthr Tydfil (1849-1857, 1861-1896)",1,"29-Merthyr Tydfil,1843-1857_1861-1896,LR54507/Images/LR-5450-7_v3_00106.jpg | Merthr Tydfil (1849-1857, 1861-1896)/LR-5450-7_v3_00106.jpg"
LR-5450-7_v3_00107.jpg,2,2,"29-Merthyr Tydfil,1843-1857_1861-1896,LR54507 | Merthr Tydfil (1849-1857, 1861-1896)",1,"29-Merthyr Tydfil,1843-1857_1861-1896,LR54507/Images/LR-5450-7_v3_00107.jpg | Merthr Tydfil (1849-1857, 1861-1896)/LR-5450-7_v3_00107.jpg"
LR-5450-7_v3_00108.jpg,2,2,"29-Merthyr Tydfil,1843-1857_1861-1896,LR54507 | Merthr Tydfil (1849-1857, 1861-1896)",1,"29-Merthyr Tydfil,1843-1857_1861-1896,LR54507/Images/LR-5450-7_v3_00108.jpg | Merthr Tydfil (1849-1857, 1861-1896)/LR-5450-7_v3_00108.jpg"
LR-5450-7_v3_00109.jpg,2,2,"29-Merthyr Tydfil,1843-1857_1861-1896,LR54507 | Merthr Tydfil (1849-1857, 1861-1896)",1,"29-Merthyr Tydfil,1843-1857_1861-1896,LR54507/Images/LR-5450-7_v3_00109.jpg | Merthr Tydfil (1849-1857, 1861-1896)/LR-5450-7_v3_00109.jpg"
LR-5450-7_v3_00110.jpg,2,2,"29-Merthyr Tydfil,1843-1857_1861-1896,LR54507 | Merthr Tydfil (1849-1857, 1861-1896)",1,"29-Merthyr Tydfil,1843-1857_1861-1896,LR54507/Images/LR-5450-7_v3_00110.jpg | Merthr Tydfil (1849-1857, 1861-1896)/LR-5450-7_v3_00110.jpg"
LR-5450-7_v3_00111.jpg,2,2,"29-Merthyr Tydfil,1843-1857_1861-1896,LR54507 | Merthr Tydfil (1849-1857, 1861-1896)",1,"29-Merthyr Tydfil,1843-1857_1861-1896,LR54507/Images/LR-5450-7_v3_00111.jpg | Merthr Tydfil (1849-1857, 1861-1896)/LR-5450-7_v3_00111.jpg"
LR-5450-7_v3_00112.jpg,2,2,"29-Merthyr Tydfil,1843-1857_1861-1896,LR54507 | Merthr Tydfil (1849-1857, 1861-1896)",1,"29-Merthyr Tydfil,1843-1857_1861-1896,LR54507/Images/LR-5450-7_v3_00112.jpg | Merthr Tydfil (1849-1857, 1861-1896)/LR-5450-7_v3_00112.jpg"
LR-5450-7_v3_00113.jpg,2,2,"29-Merthyr Tydfil,1843-1857_1861-1896,LR54507 | Merthr Tydfil (1849-1857, 1861-1896)",1,"29-Merthyr Tydfil,1843-1857_1861-1896,LR54507/Images/LR-5450-7_v3_00113.jpg | Merthr Tydfil (1849-1857, 1861-1896)/LR-5450-7_v3_00113.jpg"
LR-5450-7_v3_00114.jpg,2,2,"29-Merthyr Tydfil,1843-1857_1861-1896,LR54507 | Merthr Tydfil (1849-1857, 1861-1896)",1,"29-Merthyr Tydfil,1843-1857_1861-1896,LR54507/Images/LR-5450-7_v3_00114.jpg | Merthr Tydfil (1849-1857, 1861-1896)/LR-5450-7_v3_00114.jpg"
LR-5450-7_v3_00115.jpg,2,2,"29-Merthyr Tydfil,1843-1857_1861-1896,LR54507 | Merthr Tydfil (1849-1857, 1861-1896)",1,"29-Merthyr Tydfil,1843-1857_1861-1896,LR54507/Images/LR-5450-7_v3_00115.jpg | Merthr Tydfil (1849-1857, 1861-1896)/LR-5450-7_v3_00115.jpg"
LR-5450-7_v3_00116.jpg,2,2,"29-Merthyr Tydfil,1843-1857_1861-1896,LR54507 | Merthr Tydfil (1849-1857, 1861-1896)",1,"29-Merthyr Tydfil,1843-1857_1861-1896,LR54507/Images/LR-5450-7_v3_00116.jpg | Merthr Tydfil (1849-1857, 1861-1896)/LR-5450-7_v3_00116.jpg"
LR-5450-7_v3_00117.jpg,2,2,"29-Merthyr Tydfil,1843-1857_1861-1896,LR54507 | Merthr Tydfil (1849-1857, 1861-1896)",1,"29-Merthyr Tydfil,1843-1857_1861-1896,LR54507/Images/LR-5450-7_v3_00117.jpg | Merthr Tydfil (1849-1857, 1861-1896)/LR-5450-7_v3_00117.jpg"
LR-5450-7_v3_00118.jpg,2,2,"29-Merthyr Tydfil,1843-1857_1861-1896,LR54507 | Merthr Tydfil (1849-1857, 1861-1896)",1,"29-Merthyr Tydfil,1843-1857_1861-1896,LR54507/Images/LR-5450-7_v3_00118.jpg | Merthr Tydfil (1849-1857, 1861-1896)/LR-5450-7_v3_00118.jpg"
LR-5450-7_v3_00119.jpg,2,2,"29-Merthyr Tydfil,1843-1857_1861-1896,LR54507 | Merthr Tydfil (1849-1857, 1861-1896)",1,"29-Merthyr Tydfil,1843-1857_1861-1896,LR54507/Images/LR-5450-7_v3_00119.jpg | Merthr Tydfil (1849-1857, 1861-1896)/LR-5450-7_v3_00119.jpg"
LR-5450-7_v3_00120.jpg,2,2,"29-Merthyr Tydfil,1843-1857_1861-1896,LR54507 | Merthr Tydfil (1849-1857, 1861-1896)",1,"29-Merthyr Tydfil,1843-1857_1861-1896,LR54507/Images/LR-5450-7_v3_00120.jpg | Merthr Tydfil (1849-1857, 1861-1896)/LR-5450-7_v3_00120.jpg"
LR-5450-7_v3_00121.jpg,2,2,"29-Merthyr Tydfil,1843-1857_1861-1896,LR54507 | Merthr Tydfil (1849-1857, 1861-1896)",1,"29-Merthyr Tydfil,1843-1857_1861-1896,LR54507/Images/LR-5450-7_v3_00121.jpg | Merthr Tydfil (1849-1857, 1861-1896)/LR-5450-7_v3_00121.jpg"
LR-5450-7_v3_00122.jpg,2,2,"29-Merthyr Tydfil,1843-1857_1861-1896,LR54507 | Merthr Tydfil (1849-1857, 1861-1896)",1,"29-Merthyr Tydfil,1843-1857_1861-1896,LR54507/Images/LR-5450-7_v3_00122.jpg | Merthr Tydfil (1849-1857, 1861-1896)/LR-5450-7_v3_00122.jpg"
LR-5450-7_v3_00123.jpg,2,2,"29-Merthyr Tydfil,1843-1857_1861-1896,LR54507 | Merthr Tydfil (1849-1857, 1861-1896)",1,"29-Merthyr Tydfil,1843-1857_1861-1896,LR54507/Images/LR-5450-7_v3_00123.jpg | Merthr Tydfil (1849-1857, 1861-1896)/LR-5450-7_v3_00123.jpg"
LR-5450-7_v3_00124.jpg,2,2,"29-Merthyr Tydfil,1843-1857_1861-1896,LR54507 | Merthr Tydfil (1849-1857, 1861-1896)",1,"29-Merthyr Tydfil,1843-1857_1861-1896,LR54507/Images/LR-5450-7_v3_00124.jpg | Merthr Tydfil (1849-1857, 1861-1896)/LR-5450-7_v3_00124.jpg"
LR-5450-7_v3_00125.jpg,2,2,"29-Merthyr Tydfil,1843-1857_1861-1896,LR54507 | Merthr Tydfil (1849-1857, 1861-1896)",1,"29-Merthyr Tydfil,1843-1857_1861-1896,LR54507/Images/LR-5450-7_v3_00125.jpg | Merthr Tydfil (1849-1857, 1861-1896)/LR-5450-7_v3_00125.jpg"
LR-5450-7_v3_00126.jpg,2,2,"29-Merthyr Tydfil,1843-1857_1861-1896,LR54507 | Merthr Tydfil (1849-1857, 1861-1896)",1,"29-Merthyr Tydfil,1843-1857_1861-1896,LR54507/Images/LR-5450-7_v3_00126.jpg | Merthr Tydfil (1849-1857, 1861-1896)/LR-5450-7_v3_00126.jpg"
LR-5450-7_v3_00127.jpg,2,2,"29-Merthyr Tydfil,1843-1857_1861-1896,LR54507 | Merthr Tydfil (1849-1857, 1861-1896)",1,"29-Merthyr Tydfil,1843-1857_1861-1896,LR54507/Images/LR-5450-7_v3_00127.jpg | Merthr Tydfil (1849-1857, 1861-1896)/LR-5450-7_v3_00127.jpg"
LR-5450-7_v3_00128.jpg,2,2,"29-Merthyr Tydfil,1843-1857_1861-1896,LR54507 | Merthr Tydfil (1849-1857, 1861-1896)",1,"29-Merthyr Tydfil,1843-1857_1861-1896,LR54507/Images/LR-5450-7_v3_00128.jpg | Merthr Tydfil (1849-1857, 1861-1896)/LR-5450-7_v3_00128.jpg"
LR-5450-7_v3_00129.jpg,2,2,"29-Merthyr Tydfil,1843-1857_1861-1896,LR54507 | Merthr Tydfil (1849-1857, 1861-1896)",1,"29-Merthyr Tydfil,1843-1857_1861-1896,LR54507/Images/LR-5450-7_v3_00129.jpg | Merthr Tydfil (1849-1857, 1861-1896)/LR-5450-7_v3_00129.jpg"
LR-5450-7_v3_00130.jpg,2,2,"29-Merthyr Tydfil,1843-1857_1861-1896,LR54507 | Merthr Tydfil (1849-1857, 1861-1896)",1,"29-Merthyr Tydfil,1843-1857_1861-1896,LR54507/Images/LR-5450-7_v3_00130.jpg | Merthr Tydfil (1849-1857, 1861-1896)/LR-5450-7_v3_00130.jpg"
LR-5450-7_v3_00131.jpg,2,2,"29-Merthyr Tydfil,1843-1857_1861-1896,LR54507 | Merthr Tydfil (1849-1857, 1861-1896)",1,"29-Merthyr Tydfil,1843-1857_1861-1896,LR54507/Images/LR-5450-7_v3_00131.jpg | Merthr Tydfil (1849-1857, 1861-1896)/LR-5450-7_v3_00131.jpg"
LR-5450-7_v3_00132.jpg,2,2,"29-Merthyr Tydfil,1843-1857_1861-1896,LR54507 | Merthr Tydfil (1849-1857, 1861-1896)",1,"29-Merthyr Tydfil,1843-1857_1861-1896,LR54507/Images/LR-5450-7_v3_00132.jpg | Merthr Tydfil (1849-1857, 1861-1896)/LR-5450-7_v3_00132.jpg"
LR-5450-7_v3_00133.jpg,2,2,"29-Merthyr Tydfil,1843-1857_1861-1896,LR54507 | Merthr Tydfil (1849-1857, 1861-1896)",1,"29-Merthyr Tydfil,1843-1857_1861-1896,LR54507/Images/LR-5450-7_v3_00133.jpg | Merthr Tydfil (1849-1857, 1861-1896)/LR-5450-7_v3_00133.jpg"
LR-5450-7_v3_00134.jpg,2,2,"29-Merthyr Tydfil,1843-1857_1861-1896,LR54507 | Merthr Tydfil (1849-1857, 1861-1896)",1,"29-Merthyr Tydfil,1843-1857_1861-1896,LR54507/Images/LR-5450-7_v3_00134.jpg | Merthr Tydfil (1849-1857, 1861-1896)/LR-5450-7_v3_00134.jpg"
LR-5450-7_v3_00135.jpg,2,2,"29-Merthyr Tydfil,1843-1857_1861-1896,LR54507 | Merthr Tydfil (1849-1857, 1861-1896)",1,"29-Merthyr Tydfil,1843-1857_1861-1896,LR54507/Images/LR-5450-7_v3_00135.jpg | Merthr Tydfil (1849-1857, 1861-1896)/LR-5450-7_v3_00135.jpg"
LR-5450-7_v3_00136.jpg,2,2,"29-Merthyr Tydfil,1843-1857_1861-1896,LR54507 | Merthr Tydfil (1849-1857, 1861-1896)",1,"29-Merthyr Tydfil,1843-1857_1861-1896,LR54507/Images/LR-5450-7_v3_00136.jpg | Merthr Tydfil (1849-1857, 1861-1896)/LR-5450-7_v3_00136.jpg"
LR-5450-7_v3_00137.jpg,2,2,"29-Merthyr Tydfil,1843-1857_1861-1896,LR54507 | Merthr Tydfil (1849-1857, 1861-1896)",1,"29-Merthyr Tydfil,1843-1857_1861-1896,LR54507/Images/LR-5450-7_v3_00137.jpg | Merthr Tydfil (1849-1857, 1861-1896)/LR-5450-7_v3_00137.jpg"
LR-5450-7_v3_00138.jpg,2,2,"29-Merthyr Tydfil,1843-1857_1861-1896,LR54507 | Merthr Tydfil (1849-1857, 1861-1896)",1,"29-Merthyr Tydfil,1843-1857_1861-1896,LR54507/Images/LR-5450-7_v3_00138.jpg | Merthr Tydfil (1849-1857, 1861-1896)/LR-5450-7_v3_00138.jpg"
LR-5450-7_v3_00139.jpg,2,2,"29-Merthyr Tydfil,1843-1857_1861-1896,LR54507 | Merthr Tydfil (1849-1857, 1861-1896)",1,"29-Merthyr Tydfil,1843-1857_1861-1896,LR54507/Images/LR-5450-7_v3_00139.jpg | Merthr Tydfil (1849-1857, 1861-1896)/LR-5450-7_v3_00139.jpg"
LR-5450-7_v3_00140.jpg,2,2,"29-Merthyr Tydfil,1843-1857_1861-1896,LR54507 | Merthr Tydfil (1849-1857, 1861-1896)",1,"29-Merthyr Tydfil,1843-1857_1861-1896,LR54507/Images/LR-5450-7_v3_00140.jpg | Merthr Tydfil (1849-1857, 1861-1896)/LR-5450-7_v3_00140.jpg"
LR-5450-7_v3_00141.jpg,2,2,"29-Merthyr Tydfil,1843-1857_1861-1896,LR54507 | Merthr Tydfil (1849-1857, 1861-1896)",1,"29-Merthyr Tydfil,1843-1857_1861-1896,LR54507/Images/LR-5450-7_v3_00141.jpg | Merthr Tydfil (1849-1857, 1861-1896)/LR-5450-7_v3_00141.jpg"
LR-5450-7_v3_00142.jpg,2,2,"29-Merthyr Tydfil,1843-1857_1861-1896,LR54507 | Merthr Tydfil (1849-1857, 1861-1896)",1,"29-Merthyr Tydfil,1843-1857_1861-1896,LR54507/Images/LR-5450-7_v3_00142.jpg | Merthr Tydfil (1849-1857, 1861-1896)/LR-5450-7_v3_00142.jpg"
LR-5450-7_v3_00143.jpg,2,2,"29-Merthyr Tydfil,1843-1857_1861-1896,LR54507 | Merthr Tydfil (1849-1857, 1861-1896)",1,"29-Merthyr Tydfil,1843-1857_1861-1896,LR54507/Images/LR-5450-7_v3_00143.jpg | Merthr Tydfil (1849-1857, 1861-1896)/LR-5450-7_v3_00143.jpg"
LR-5450-7_v3_00144.jpg,2,2,"29-Merthyr Tydfil,1843-1857_1861-1896,LR54507 | Merthr Tydfil (1849-1857, 1861-1896)",1,"29-Merthyr Tydfil,1843-1857_1861-1896,LR54507/Images/LR-5450-7_v3_00144.jpg | Merthr Tydfil (1849-1857, 1861-1896)/LR-5450-7_v3_00144.jpg"
LR-5450-7_v3_00145.jpg,2,2,"29-Merthyr Tydfil,1843-1857_1861-1896,LR54507 | Merthr Tydfil (1849-1857, 1861-1896)",1,"29-Merthyr Tydfil,1843-1857_1861-1896,LR54507/Images/LR-5450-7_v3_00145.jpg | Merthr Tydfil (1849-1857, 1861-1896)/LR-5450-7_v3_00145.jpg"
LR-5450-7_v3_00146.jpg,2,2,"29-Merthyr Tydfil,1843-1857_1861-1896,LR54507 | Merthr Tydfil (1849-1857, 1861-1896)",1,"29-Merthyr Tydfil,1843-1857_1861-1896,LR54507/Images/LR-5450-7_v3_00146.jpg | Merthr Tydfil (1849-1857, 1861-1896)/LR-5450-7_v3_00146.jpg"
LR-5450-7_v3_00147.jpg,2,2,"29-Merthyr Tydfil,1843-1857_1861-1896,LR54507 | Merthr Tydfil (1849-1857, 1861-1896)",1,"29-Merthyr Tydfil,1843-1857_1861-1896,LR54507/Images/LR-5450-7_v3_00147.jpg | Merthr Tydfil (1849-1857, 1861-1896)/LR-5450-7_v3_00147.jpg"
LR-5450-7_v3_00148.jpg,2,2,"29-Merthyr Tydfil,1843-1857_1861-1896,LR54507 | Merthr Tydfil (1849-1857, 1861-1896)",1,"29-Merthyr Tydfil,1843-1857_1861-1896,LR54507/Images/LR-5450-7_v3_00148.jpg | Merthr Tydfil (1849-1857, 1861-1896)/LR-5450-7_v3_00148.jpg"
LR-5450-7_v3_00149.jpg,2,2,"29-Merthyr Tydfil,1843-1857_1861-1896,LR54507 | Merthr Tydfil (1849-1857, 1861-1896)",1,"29-Merthyr Tydfil,1843-1857_1861-1896,LR54507/Images/LR-5450-7_v3_00149.jpg | Merthr Tydfil (1849-1857, 1861-1896)/LR-5450-7_v3_00149.jpg"
LR-5450-7_v3_00150.jpg,2,2,"29-Merthyr Tydfil,1843-1857_1861-1896,LR54507 | Merthr Tydfil (1849-1857, 1861-1896)",1,"29-Merthyr Tydfil,1843-1857_1861-1896,LR54507/Images/LR-5450-7_v3_00150.jpg | Merthr Tydfil (1849-1857, 1861-1896)/LR-5450-7_v3_00150.jpg"
LR-5450-7_v3_00151.jpg,2,2,"29-Merthyr Tydfil,1843-1857_1861-1896,LR54507 | Merthr Tydfil (1849-1857, 1861-1896)",1,"29-Merthyr Tydfil,1843-1857_1861-1896,LR54507/Images/LR-5450-7_v3_00151.jpg | Merthr Tydfil (1849-1857, 1861-1896)/LR-5450-7_v3_00151.jpg"
LR-5450-7_v3_00152.jpg,2,2,"29-Merthyr Tydfil,1843-1857_1861-1896,LR54507 | Merthr Tydfil (1849-1857, 1861-1896)",1,"29-Merthyr Tydfil,1843-1857_1861-1896,LR54507/Images/LR-5450-7_v3_00152.jpg | Merthr Tydfil (1849-1857, 1861-1896)/LR-5450-7_v3_00152.jpg"
LR-5450-7_v3_00153.jpg,2,2,"29-Merthyr Tydfil,1843-1857_1861-1896,LR54507 | Merthr Tydfil (1849-1857, 1861-1896)",1,"29-Merthyr Tydfil,1843-1857_1861-1896,LR54507/Images/LR-5450-7_v3_00153.jpg | Merthr Tydfil (1849-1857, 1861-1896)/LR-5450-7_v3_00153.jpg"
LR-5450-7_v3_00154.jpg,2,2,"29-Merthyr Tydfil,1843-1857_1861-1896,LR54507 | Merthr Tydfil (1849-1857, 1861-1896)",1,"29-Merthyr Tydfil,1843-1857_1861-1896,LR54507/Images/LR-5450-7_v3_00154.jpg | Merthr Tydfil (1849-1857, 1861-1896)/LR-5450-7_v3_00154.jpg"
LR-5450-7_v3_00155.jpg,2,2,"29-Merthyr Tydfil,1843-1857_1861-1896,LR54507 | Merthr Tydfil (1849-1857, 1861-1896)",1,"29-Merthyr Tydfil,1843-1857_1861-1896,LR54507/Images/LR-5450-7_v3_00155.jpg | Merthr Tydfil (1849-1857, 1861-1896)/LR-5450-7_v3_00155.jpg"
LR-5450-7_v3_00156.jpg,2,2,"29-Merthyr Tydfil,1843-1857_1861-1896,LR54507 | Merthr Tydfil (1849-1857, 1861-1896)",1,"29-Merthyr Tydfil,1843-1857_1861-1896,LR54507/Images/LR-5450-7_v3_00156.jpg | Merthr Tydfil (1849-1857, 1861-1896)/LR-5450-7_v3_00156.jpg"
LR-5450-7_v3_00157.jpg,2,2,"29-Merthyr Tydfil,1843-1857_1861-1896,LR54507 | Merthr Tydfil (1849-1857, 1861-1896)",1,"29-Merthyr Tydfil,1843-1857_1861-1896,LR54507/Images/LR-5450-7_v3_00157.jpg | Merthr Tydfil (1849-1857, 1861-1896)/LR-5450-7_v3_00157.jpg"
LR-5450-7_v3_00158.jpg,2,2,"29-Merthyr Tydfil,1843-1857_1861-1896,LR54507 | Merthr Tydfil (1849-1857, 1861-1896)",1,"29-Merthyr Tydfil,1843-1857_1861-1896,LR54507/Images/LR-5450-7_v3_00158.jpg | Merthr Tydfil (1849-1857, 1861-1896)/LR-5450-7_v3_00158.jpg"
LR-5450-7_v3_00159.jpg,2,2,"29-Merthyr Tydfil,1843-1857_1861-1896,LR54507 | Merthr Tydfil (1849-1857, 1861-1896)",1,"29-Merthyr Tydfil,1843-1857_1861-1896,LR54507/Images/LR-5450-7_v3_00159.jpg | Merthr Tydfil (1849-1857, 1861-1896)/LR-5450-7_v3_00159.jpg"
