type,local_path,remote_path,size,md5,sha1,source_pdf,source_pages,preflight_status
membership-image,"resources/source-cds/2-Castell Nedd,1879-1884,LR1967/images/1544__M_00101.jpg","2-Castell Nedd,1879-1884,LR1967/images/1544__M_00101.jpg",638274,ea5f09bce18715c97cd1585249c50894,d58328f27f1fa141ee3fb470e605f8e868289b2a,,,already-present-matching
membership-image,"resources/source-cds/2-Castell Nedd,1879-1884,LR1967/images/1544__M_00102.jpg","2-Castell Nedd,1879-1884,LR1967/images/1544__M_00102.jpg",667099,8f2a02e52552d15ae4ea90996d12525b,d47c95de369a3d91737eb6bc6806ec0c0e7e1d09,,,already-present-matching
membership-image,"resources/source-cds/2-Castell Nedd,1879-1884,LR1967/images/1544__M_00103.jpg","2-Castell Nedd,1879-1884,LR1967/images/1544__M_00103.jpg",656843,bcfd2f20d15637f5fe490fc89cf9444d,91e33280df7777f06394875f92b069314b88e71b,,,already-present-matching
membership-image,"resources/source-cds/2-Castell Nedd,1879-1884,LR1967/images/1544__M_00104.jpg","2-Castell Nedd,1879-1884,LR1967/images/1544__M_00104.jpg",660177,f645c6a8fdc4760096081f4dd822ee9d,db6a0b6c2db9946e5566abf831139d8297a96df7,,,already-present-matching
membership-image,"resources/source-cds/2-Castell Nedd,1879-1884,LR1967/images/1544__M_00105.jpg","2-Castell Nedd,1879-1884,LR1967/images/1544__M_00105.jpg",651111,a4b861c2a3cedaf74e3ea2ee2748f876,36d869b9b6752d5ed754a6bf4adf62c5ce8ef043,,,already-present-matching
membership-image,"resources/source-cds/2-Castell Nedd,1879-1884,LR1967/images/1544__M_00106.jpg","2-Castell Nedd,1879-1884,LR1967/images/1544__M_00106.jpg",732997,193df66c901749df7936c6e09878f996,22711d1841cde38775ff288cad0f377d11e9a402,,,already-present-matching
membership-image,"resources/source-cds/2-Castell Nedd,1879-1884,LR1967/images/1544__M_00107.jpg","2-Castell Nedd,1879-1884,LR1967/images/1544__M_00107.jpg",648756,cfeb3b4c9f7fcb39307bf449ddc02f8f,fe9fdaeb6b6fb39e82b3ffbd5293ee645f132c5f,,,already-present-matching
membership-image,"resources/source-cds/2-Castell Nedd,1879-1884,LR1967/images/1544__M_00108.jpg","2-Castell Nedd,1879-1884,LR1967/images/1544__M_00108.jpg",656464,7d017bfd861aa092f11e3297e01648cc,14ab56b92d6a6655abe317c5ad5a0cca64e8a8f7,,,already-present-matching
membership-image,"resources/source-cds/2-Castell Nedd,1879-1884,LR1967/images/1544__M_00109.jpg","2-Castell Nedd,1879-1884,LR1967/images/1544__M_00109.jpg",652343,3b7d16c2c15d4030e0c0949142798404,e1ced98b16d9a18448775b7e3a35036307ac6589,,,already-present-matching
membership-image,"resources/source-cds/2-Castell Nedd,1879-1884,LR1967/images/1544__M_00110.jpg","2-Castell Nedd,1879-1884,LR1967/images/1544__M_00110.jpg",958079,b51dc37c034992ff325d1390f0e4beed,f86c81c5b0ac192727c78967dace874cc2da254d,,,already-present-matching
membership-image,"resources/source-cds/2-Castell Nedd,1879-1884,LR1967/images/1544__M_00111.jpg","2-Castell Nedd,1879-1884,LR1967/images/1544__M_00111.jpg",975924,7cfeff3a63782ea07a538c1ed5abe1df,c11dc1238a1ae532dbf2490141497eb7da8f1afa,,,already-present-matching
membership-image,"resources/source-cds/2-Castell Nedd,1879-1884,LR1967/images/1544__M_00112.jpg","2-Castell Nedd,1879-1884,LR1967/images/1544__M_00112.jpg",414272,c44869b5a0af7619b3d772c3e854e8cd,8383e943e16d2fcaf1d8ba07d125ff747d36dcb1,,,already-present-matching
membership-image,"resources/source-cds/11-Llanelli,1847-1868,LR117577/Images/LR 12451 7_00101.jpg","11-Llanelli,1847-1868,LR117577/Images/LR 12451 7_00101.jpg",698973,5ba0f8e6a8f1c6121d2a6cca5f7ae729,22a486fbfe5831d4eb9552d21d5ed7e48c94e10d,,,already-present-matching
membership-image,"resources/source-cds/11-Llanelli,1847-1868,LR117577/Images/LR 12451 7_00102.jpg","11-Llanelli,1847-1868,LR117577/Images/LR 12451 7_00102.jpg",757736,a9978da54801e0712891c1036584a689,38c85772d4b8ccbefb955c3d08ff1bacb7c016a4,,,already-present-matching
membership-image,"resources/source-cds/11-Llanelli,1847-1868,LR117577/Images/LR 12451 7_00103.jpg","11-Llanelli,1847-1868,LR117577/Images/LR 12451 7_00103.jpg",674089,aef81f78a13eaa3181e73d7f52452610,1a55c40b63d150bab0b72e680142d0138132cb42,,,already-present-matching
membership-image,"resources/source-cds/11-Llanelli,1847-1868,LR117577/Images/LR 12451 7_00104.jpg","11-Llanelli,1847-1868,LR117577/Images/LR 12451 7_00104.jpg",769195,04cd07567295f463b8994a754083e7b0,75d8af53a9e48cd5794ec8eb10cb626fffb60f51,,,already-present-matching
membership-image,"resources/source-cds/11-Llanelli,1847-1868,LR117577/Images/LR 12451 7_00105.jpg","11-Llanelli,1847-1868,LR117577/Images/LR 12451 7_00105.jpg",711359,7ea4f8857ef51245e8c916357fd005ee,e705ce464b3df9b8431d36be0598b01b62dbed6c,,,already-present-matching
membership-image,"resources/source-cds/11-Llanelli,1847-1868,LR117577/Images/LR 12451 7_00106.jpg","11-Llanelli,1847-1868,LR117577/Images/LR 12451 7_00106.jpg",748947,5e42c76e747f51e58c6b867fdc8e78c1,22d1bf86c9141197e17b17f157754296b9f83834,,,already-present-matching
membership-image,"resources/source-cds/11-Llanelli,1847-1868,LR117577/Images/LR 12451 7_00107.jpg","11-Llanelli,1847-1868,LR117577/Images/LR 12451 7_00107.jpg",707553,0dd662f7609b36ed1cdbfc0271760ee2,343e5c8db3f7f0ed62b67f4a5141e6103b05d9af,,,already-present-matching
membership-image,"resources/source-cds/11-Llanelli,1847-1868,LR117577/Images/LR 12451 7_00108.jpg","11-Llanelli,1847-1868,LR117577/Images/LR 12451 7_00108.jpg",754507,3c62a4f9ee95c5d764cde9a4571d37f3,61cabdaa95a8ed7bb67c1f554fd96a4ed30cad84,,,already-present-matching
membership-image,"resources/source-cds/11-Llanelli,1847-1868,LR117577/Images/LR 12451 7_00109.jpg","11-Llanelli,1847-1868,LR117577/Images/LR 12451 7_00109.jpg",697379,1656779c22516ba6d4822a8afe8f4705,646b0528602e578ebab05d69e0b096a9a7e0246d,,,already-present-matching
membership-image,"resources/source-cds/11-Llanelli,1847-1868,LR117577/Images/LR 12451 7_00110.jpg","11-Llanelli,1847-1868,LR117577/Images/LR 12451 7_00110.jpg",748026,bb4ad55afae98a8f12098980d13d064b,425f9f680d9367cae5821f3f9b1472f1199d38b5,,,already-present-matching
membership-image,"resources/source-cds/11-Llanelli,1847-1868,LR117577/Images/LR 12451 7_00111.jpg","11-Llanelli,1847-1868,LR117577/Images/LR 12451 7_00111.jpg",703753,0797a1a69eab31046eb78ba25dfca86b,83b94074c335152dd7f0c3a0f8b0eaf7a9e3a501,,,already-present-matching
membership-image,"resources/source-cds/11-Llanelli,1847-1868,LR117577/Images/LR 12451 7_00112.jpg","11-Llanelli,1847-1868,LR117577/Images/LR 12451 7_00112.jpg",759540,626bb3c56294b9c59bf316c5fa5c8bcb,7da2b7394d37c67f29c4b86ef019debd2caedead,,,already-present-matching
membership-image,"resources/source-cds/11-Llanelli,1847-1868,LR117577/Images/LR 12451 7_00113.jpg","11-Llanelli,1847-1868,LR117577/Images/LR 12451 7_00113.jpg",717448,af2524316e93f72c79aa260fa7b623e4,b2fe560b709951629e01ad04e817c04816d8cbe7,,,already-present-matching
membership-image,"resources/source-cds/11-Llanelli,1847-1868,LR117577/Images/LR 12451 7_00114.jpg","11-Llanelli,1847-1868,LR117577/Images/LR 12451 7_00114.jpg",738571,02ac4bf397d140dbea507a8c342c7e59,64de886f05fb78818729dd2fd8f59f37a6cff9f6,,,already-present-matching
membership-image,"resources/source-cds/11-Llanelli,1847-1868,LR117577/Images/LR 12451 7_00115.jpg","11-Llanelli,1847-1868,LR117577/Images/LR 12451 7_00115.jpg",718227,2f3584ddbf509cd46e21e229111a05f5,2a759ee62b017c952a2f3f9fb17004100156b922,,,already-present-matching
membership-image,"resources/source-cds/11-Llanelli,1847-1868,LR117577/Images/LR 12451 7_00116.jpg","11-Llanelli,1847-1868,LR117577/Images/LR 12451 7_00116.jpg",747929,8031a138edb76a5cb00ea7549094b5e8,6dae7c546492333d345d90bfae98c02121d059a3,,,already-present-matching
membership-image,"resources/source-cds/11-Llanelli,1847-1868,LR117577/Images/LR 12451 7_00117.jpg","11-Llanelli,1847-1868,LR117577/Images/LR 12451 7_00117.jpg",709578,91fc51668c954318b6ce111a3906d5de,bca5ba384f64277de18065b5b3ac382f31be57aa,,,already-present-matching
membership-image,"resources/source-cds/11-Llanelli,1847-1868,LR117577/Images/LR 12451 7_00118.jpg","11-Llanelli,1847-1868,LR117577/Images/LR 12451 7_00118.jpg",736464,ce050af0c0545c4b8370613b610df99c,e41280074564a9bd54aded6ef1634bbee1f9abbb,,,already-present-matching
membership-image,"resources/source-cds/11-Llanelli,1847-1868,LR117577/Images/LR 12451 7_00119.jpg","11-Llanelli,1847-1868,LR117577/Images/LR 12451 7_00119.jpg",729412,a428719a19c2850a8444f598d6ad07e4,e163b29edec6f26d636fd3e99a49c5b19fbd2c97,,,already-present-matching
membership-image,"resources/source-cds/11-Llanelli,1847-1868,LR117577/Images/LR 12451 7_00120.jpg","11-Llanelli,1847-1868,LR117577/Images/LR 12451 7_00120.jpg",734891,93a1ace916f2f57935ce2868effd7cee,40d9fbb54c1f5d499e378d87ee93e0283a293c67,,,already-present-matching
membership-image,"resources/source-cds/11-Llanelli,1847-1868,LR117577/Images/LR 12451 7_00121.jpg","11-Llanelli,1847-1868,LR117577/Images/LR 12451 7_00121.jpg",730537,05ee8ae97fccf5c4809be708222ab525,75a48b5d97df1f1b8ce1ec74eca719a072ce575a,,,already-present-matching
membership-image,"resources/source-cds/11-Llanelli,1847-1868,LR117577/Images/LR 12451 7_00122.jpg","11-Llanelli,1847-1868,LR117577/Images/LR 12451 7_00122.jpg",737421,8ea161a85bee89622517a59bfb1068f3,4ef1193d95ecb483a78c30ed5dfbd7622241dc18,,,already-present-matching
membership-image,"resources/source-cds/11-Llanelli,1847-1868,LR117577/Images/LR 12451 7_00123.jpg","11-Llanelli,1847-1868,LR117577/Images/LR 12451 7_00123.jpg",725232,725aecdeeecca557d615a7e61c391c3c,9e857bb509aa5caf7a4e354238061a3167592dde,,,already-present-matching
membership-image,"resources/source-cds/11-Llanelli,1847-1868,LR117577/Images/LR 12451 7_00124.jpg","11-Llanelli,1847-1868,LR117577/Images/LR 12451 7_00124.jpg",787971,0ac5cd40c3ec998327dcfbed8de61e22,d661caa171162707855cddefb8b3d903a4875f43,,,already-present-matching
membership-image,"resources/source-cds/11-Llanelli,1847-1868,LR117577/Images/LR 12451 7_00125.jpg","11-Llanelli,1847-1868,LR117577/Images/LR 12451 7_00125.jpg",783501,808237788d13fcbd5f417ce01ffdb5de,c115d479677a3de34f91d5926a177d57eecaf8ac,,,already-present-matching
membership-image,"resources/source-cds/11-Llanelli,1847-1868,LR117577/Images/LR 12451 7_00126.jpg","11-Llanelli,1847-1868,LR117577/Images/LR 12451 7_00126.jpg",756266,71a670c4b6c6238902763796a3d34abf,e92d05859d904d516b662a44e4c52fcc85013399,,,already-present-matching
membership-image,"resources/source-cds/11-Llanelli,1847-1868,LR117577/Images/LR 12451 7_00127.jpg","11-Llanelli,1847-1868,LR117577/Images/LR 12451 7_00127.jpg",724577,2a0739795d6a55056fc18b19fd335a19,3e495f77a9aa82fddac15e6564b4a98524c9f87b,,,already-present-matching
membership-image,"resources/source-cds/11-Llanelli,1847-1868,LR117577/Images/LR 12451 7_00128.jpg","11-Llanelli,1847-1868,LR117577/Images/LR 12451 7_00128.jpg",815657,ee0a198921215ee6ba09bcc7fc1f246c,727aea2af47245cde685bf499be8b354a4069163,,,already-present-matching
membership-image,"resources/source-cds/11-Llanelli,1847-1868,LR117577/Images/LR 12451 7_00129.jpg","11-Llanelli,1847-1868,LR117577/Images/LR 12451 7_00129.jpg",747461,1b19a44746c9fd92e68389878013051c,221d61a869b7aa7a789d821d91a10431e47a2f27,,,already-present-matching
membership-image,"resources/source-cds/11-Llanelli,1847-1868,LR117577/Images/LR 12451 7_00130.jpg","11-Llanelli,1847-1868,LR117577/Images/LR 12451 7_00130.jpg",865044,cfc32b84a9bf4785a30e7b18df431528,2aadad3bb6a171515fa40692d3cc7ac79afc73a3,,,already-present-matching
membership-image,"resources/source-cds/11-Llanelli,1847-1868,LR117577/Images/LR 12451 7_00131.jpg","11-Llanelli,1847-1868,LR117577/Images/LR 12451 7_00131.jpg",733899,ffaa8accb3def97e04b01f902cc06028,d195a333fa4e77d09be82ee3809435e3d90bb1ec,,,already-present-matching
membership-image,"resources/source-cds/11-Llanelli,1847-1868,LR117577/Images/LR 12451 7_00132.jpg","11-Llanelli,1847-1868,LR117577/Images/LR 12451 7_00132.jpg",774104,54216b64b8463bc97210d41b2d4f0dc7,e7026a2aa0b175873cc8612a2b08542554034aaa,,,already-present-matching
membership-image,"resources/source-cds/11-Llanelli,1847-1868,LR117577/Images/LR 12451 7_00133.jpg","11-Llanelli,1847-1868,LR117577/Images/LR 12451 7_00133.jpg",848358,73c9531b6ab44ddeeff2966ae8fbdd71,f4e14da9c9dce6500a43e2d501a830c28ba39e7d,,,already-present-matching
membership-image,"resources/source-cds/11-Llanelli,1847-1868,LR117577/Images/LR 12451 7_00134.jpg","11-Llanelli,1847-1868,LR117577/Images/LR 12451 7_00134.jpg",597381,e29d25a2018eb7ffba5cc7cdf80e985c,e12af2c992fb94603b7a5a3025da291f354043b2,,,already-present-matching
membership-image,"resources/source-cds/11-Llanelli,1847-1868,LR117577/Images/LR 12451 7_00135.jpg","11-Llanelli,1847-1868,LR117577/Images/LR 12451 7_00135.jpg",598546,9bfd36d3992cd304d3b5319879e986a3,a46733362eeb91df2ce304b1f25f3b3ce2f089d3,,,already-present-matching
membership-image,"resources/source-cds/11-Llanelli,1847-1868,LR117577/Images/LR 12451 7_00136.jpg","11-Llanelli,1847-1868,LR117577/Images/LR 12451 7_00136.jpg",1331308,071634e0a592fb78706ad74dd22a367c,66d3bc1e374e3dc2c7147b7e05ac5a12549ef113,,,already-present-matching
membership-image,"resources/source-cds/11-Llanelli,1847-1868,LR117577/Images/LR 12451 7_00137.jpg","11-Llanelli,1847-1868,LR117577/Images/LR 12451 7_00137.jpg",1336284,cb8125d2fc66efc66a28665d273b0ea4,ba174843b8c1cdf3e656bbdd20a4f6db73841456,,,already-present-matching
membership-image,"resources/source-cds/11-Llanelli,1847-1868,LR117577/Images/LR 12451 7_00138.jpg","11-Llanelli,1847-1868,LR117577/Images/LR 12451 7_00138.jpg",365010,54bba9612fa96c7b72f8dbb0daa41e1c,5a63cc681239d3f481451bb3e24e158ab792bc87,,,already-present-matching
membership-image,"resources/source-cds/12-Cefn Coed-y-Cymmer,1847-1864,LR1767/images/1545__M_00101.jpg","12-Cefn Coed-y-Cymmer,1847-1864,LR1767/images/1545__M_00101.jpg",688267,deea322fff4b07a0310654ce4399cb51,c73298424165d1ea9858920a58582f5c2d492cda,,,already-present-matching
membership-image,"resources/source-cds/12-Cefn Coed-y-Cymmer,1847-1864,LR1767/images/1545__M_00102.jpg","12-Cefn Coed-y-Cymmer,1847-1864,LR1767/images/1545__M_00102.jpg",697979,10c0863196067d18e9ea546d532e872b,a38c2d324b175e2d7c92f9b00d4d46feee4ba100,,,already-present-matching
membership-image,"resources/source-cds/12-Cefn Coed-y-Cymmer,1847-1864,LR1767/images/1545__M_00103.jpg","12-Cefn Coed-y-Cymmer,1847-1864,LR1767/images/1545__M_00103.jpg",606530,2624759e1777fe65a6c338011195df72,7da26a0b3eae6c37761d7714b79c97ca00395a5b,,,already-present-matching
membership-image,"resources/source-cds/12-Cefn Coed-y-Cymmer,1847-1864,LR1767/images/1545__M_00104.jpg","12-Cefn Coed-y-Cymmer,1847-1864,LR1767/images/1545__M_00104.jpg",584796,b81fba7df6a0bd1f12dfd1892508965a,15ce38f72449b9cb3ad97aedce91cb8ce67d76d1,,,already-present-matching
membership-image,"resources/source-cds/12-Cefn Coed-y-Cymmer,1847-1864,LR1767/images/1545__M_00105.jpg","12-Cefn Coed-y-Cymmer,1847-1864,LR1767/images/1545__M_00105.jpg",1354415,f1a0ea5a039ef97687f4dd34889ef616,731690a7c73f319a1bc2b3c7f5398f3af2a4a119,,,already-present-matching
membership-image,"resources/source-cds/12-Cefn Coed-y-Cymmer,1847-1864,LR1767/images/1545__M_00106.jpg","12-Cefn Coed-y-Cymmer,1847-1864,LR1767/images/1545__M_00106.jpg",1236428,c04ae8676e020305ed0acae87bf1673f,d018b26bd229a9129793709c41dd8faa09880cb7,,,already-present-matching
membership-image,"resources/source-cds/12-Cefn Coed-y-Cymmer,1847-1864,LR1767/images/1545__M_00108.jpg","12-Cefn Coed-y-Cymmer,1847-1864,LR1767/images/1545__M_00108.jpg",447071,9cca8efa335f95d537134184bae48993,4dc94294a6619ff2a2cb9c4e8821e6f010ebb3a5,,,already-present-matching
membership-image,"resources/source-cds/12-Cefn Coed-y-Cymmer,1847-1864,LR1767/images/1545__M_00109.jpg","12-Cefn Coed-y-Cymmer,1847-1864,LR1767/images/1545__M_00109.jpg",352823,08e3b8b951e0f95ee247af57e78ab0a2,900672c28a152a682e0412b40d080bf87521898e,,,already-present-matching
membership-image,"resources/source-cds/12-Cefn Coed-y-Cymmer,1847-1864,LR1767/images/1545__M_00110.jpg","12-Cefn Coed-y-Cymmer,1847-1864,LR1767/images/1545__M_00110.jpg",370684,a3fee106d94a5f68585ce89c73f98d11,8b3d18b03591a7407bc90ec2faad748ead442c4f,,,already-present-matching
membership-image,"resources/source-cds/17-Pen-y-cae,1844-1866,LR2307/images/890__M_00102.jpg","17-Pen-y-cae,1844-1866,LR2307/images/890__M_00102.jpg",582105,9e2012e7e7ce9955ba6e1ec1e2c0a159,95f677f4f5cb4ab842ab8be524472d9ac43deef8,,,already-present-matching
membership-image,"resources/source-cds/17-Pen-y-cae,1844-1866,LR2307/images/890__M_00103.jpg","17-Pen-y-cae,1844-1866,LR2307/images/890__M_00103.jpg",577305,a3b070aa741f39a1109558238a42364e,8a07c4498cfa1693d0b317ee2af59dcbd85efa17,,,already-present-matching
membership-image,"resources/source-cds/17-Pen-y-cae,1844-1866,LR2307/images/890__M_00104.jpg","17-Pen-y-cae,1844-1866,LR2307/images/890__M_00104.jpg",845089,bc007c3b33e43a904b03c4ec0eea7190,84ddc45d28c2ab1976b901a1468cb55c005bb9a7,,,already-present-matching
membership-image,"resources/source-cds/17-Pen-y-cae,1844-1866,LR2307/images/890__M_00105.jpg","17-Pen-y-cae,1844-1866,LR2307/images/890__M_00105.jpg",916355,a455a8dc2cceb79b34460503a7ae7215,5b5bf27bb62b09013b21cd32d00cda23a13188a5,,,already-present-matching
membership-image,"resources/source-cds/17-Pen-y-cae,1844-1866,LR2307/images/890__M_00106.jpg","17-Pen-y-cae,1844-1866,LR2307/images/890__M_00106.jpg",690869,4dc6b7ee04f4f73036a5d65795e737dc,b9526f6f5b7261babed670c0ea3a66850d737f20,,,already-present-matching
membership-image,"resources/source-cds/17-Pen-y-cae,1844-1866,LR2307/images/890__M_00107.jpg","17-Pen-y-cae,1844-1866,LR2307/images/890__M_00107.jpg",694387,df07cbce457ffb4f32e677270a1e760d,9947c12667b3cc61ce9fb1b461cb10e3f698847f,,,already-present-matching
membership-image,"resources/source-cds/17-Pen-y-cae,1844-1866,LR2307/images/890__M_00108.jpg","17-Pen-y-cae,1844-1866,LR2307/images/890__M_00108.jpg",573550,bb78528663a985aa27f38d02ee90c45d,e8a987f91b8b7c6e240268aaaf90360b008d271f,,,already-present-matching
membership-image,"resources/source-cds/17-Pen-y-cae,1844-1866,LR2307/images/890__M_00109.jpg","17-Pen-y-cae,1844-1866,LR2307/images/890__M_00109.jpg",652804,67ac9efea03f375432e53340dceac47f,4f7c1bd3a22332797f33edcc421dbfa6bda0a6b9,,,already-present-matching
membership-image,"resources/source-cds/17-Pen-y-cae,1844-1866,LR2307/images/890__M_00110.jpg","17-Pen-y-cae,1844-1866,LR2307/images/890__M_00110.jpg",739589,415a4996f5c9ad280aa7d28412c979fe,a61a70080c0a19c7e5337c7de4483d54a1c52f58,,,already-present-matching
membership-image,"resources/source-cds/17-Pen-y-cae,1844-1866,LR2307/images/890__M_00111.jpg","17-Pen-y-cae,1844-1866,LR2307/images/890__M_00111.jpg",694890,2031ce3a4d98a5dd3579f5a4410c0a9a,72e864eb7a32d87c074a5165bcd755ae1832c284,,,already-present-matching
membership-image,"resources/source-cds/17-Pen-y-cae,1844-1866,LR2307/images/890__M_00112.jpg","17-Pen-y-cae,1844-1866,LR2307/images/890__M_00112.jpg",664955,f17879bb12f0810c942db263923e6d4b,b5d8064d3d6bb88cd43e5a1a834686871c58cc2b,,,already-present-matching
membership-image,"resources/source-cds/17-Pen-y-cae,1844-1866,LR2307/images/890__M_00113.jpg","17-Pen-y-cae,1844-1866,LR2307/images/890__M_00113.jpg",658271,711018fd0d381b533e0372ae6be55610,33b6617ee5f73002c94c7ab1681cd4459ea786ce,,,already-present-matching
membership-image,"resources/source-cds/17-Pen-y-cae,1844-1866,LR2307/images/890__M_00114.jpg","17-Pen-y-cae,1844-1866,LR2307/images/890__M_00114.jpg",682342,10873ad55a26ce5741324c3fe4b50a91,d38e010010e45cf7d046ee747498d88b0318862e,,,already-present-matching
membership-image,"resources/source-cds/17-Pen-y-cae,1844-1866,LR2307/images/890__M_00115.jpg","17-Pen-y-cae,1844-1866,LR2307/images/890__M_00115.jpg",638323,b478f6a1ded9725623572d82bbf3d0bc,9dc24b04f49cddee65db78ffc0cc56aeccedd4f5,,,already-present-matching
membership-image,"resources/source-cds/17-Pen-y-cae,1844-1866,LR2307/images/890__M_00116.jpg","17-Pen-y-cae,1844-1866,LR2307/images/890__M_00116.jpg",634561,b58e0cf609f615812521ed7805d44889,0a236857dca95cea6741372cd7972ee3f19045f5,,,already-present-matching
membership-image,"resources/source-cds/17-Pen-y-cae,1844-1866,LR2307/images/890__M_00117.jpg","17-Pen-y-cae,1844-1866,LR2307/images/890__M_00117.jpg",640172,fc1aee650e229ef1c69044b2349745e9,316860c8a8b822da926226c48caa3015e91e7a00,,,already-present-matching
membership-image,"resources/source-cds/17-Pen-y-cae,1844-1866,LR2307/images/890__M_00118.jpg","17-Pen-y-cae,1844-1866,LR2307/images/890__M_00118.jpg",603138,66fee006e99c8c57cc33dfa39c2b5e48,64f80569bf646641d08f44de7cc7070204a5be79,,,already-present-matching
membership-image,"resources/source-cds/17-Pen-y-cae,1844-1866,LR2307/images/890__M_00119.jpg","17-Pen-y-cae,1844-1866,LR2307/images/890__M_00119.jpg",671206,acc2a24683b00b3848b4babe4d4016b2,2c896a6237e3b53d7fe8c7613e906ffc1fed3357,,,already-present-matching
membership-image,"resources/source-cds/17-Pen-y-cae,1844-1866,LR2307/images/890__M_00120.jpg","17-Pen-y-cae,1844-1866,LR2307/images/890__M_00120.jpg",835947,617ea81c5692b99496f1ca4bbe08f439,b6f2c479fe49c0cd1d2a85f1b93892cb6423f487,,,already-present-matching
membership-image,"resources/source-cds/17-Pen-y-cae,1844-1866,LR2307/images/890__M_00121.jpg","17-Pen-y-cae,1844-1866,LR2307/images/890__M_00121.jpg",631388,f5a66971755e4a68b09759bd1a813536,192d2ffa534d3e893929ff52ff39342f35e9ea10,,,already-present-matching
membership-image,"resources/source-cds/17-Pen-y-cae,1844-1866,LR2307/images/890__M_00122.jpg","17-Pen-y-cae,1844-1866,LR2307/images/890__M_00122.jpg",682543,a732b4146952c27e9d8cbd8394c1cbd6,2a973889da827aa69838143be85e05cce5585526,,,already-present-matching
membership-image,"resources/source-cds/17-Pen-y-cae,1844-1866,LR2307/images/890__M_00123.jpg","17-Pen-y-cae,1844-1866,LR2307/images/890__M_00123.jpg",933767,4f7807ab2b8ee3d64ff67c78375f7483,de021f8e9688483cd562f19dff21ff9fa5a3df0d,,,already-present-matching
membership-image,"resources/source-cds/17-Pen-y-cae,1844-1866,LR2307/images/890__M_00124.jpg","17-Pen-y-cae,1844-1866,LR2307/images/890__M_00124.jpg",636385,e5b0835a78c327d34fdfe4a1f65b6bf2,339f1b36958e9beb6e5d6e0bdec04c56eaca8b62,,,already-present-matching
membership-image,"resources/source-cds/17-Pen-y-cae,1844-1866,LR2307/images/890__M_00125.jpg","17-Pen-y-cae,1844-1866,LR2307/images/890__M_00125.jpg",684960,63f8676547427fbb1fa7c1f5bc7f705a,fdd15eca8dbd2e9f90504cce6ee5b4b554e6da00,,,already-present-matching
membership-image,"resources/source-cds/17-Pen-y-cae,1844-1866,LR2307/images/890__M_00126.jpg","17-Pen-y-cae,1844-1866,LR2307/images/890__M_00126.jpg",877821,a1e7cd31e9cbf4eafce5ddf2bb6182e0,85e5b66e98e2590ce485048112c43533c4a2dba1,,,already-present-matching
membership-image,"resources/source-cds/17-Pen-y-cae,1844-1866,LR2307/images/890__M_00127.jpg","17-Pen-y-cae,1844-1866,LR2307/images/890__M_00127.jpg",636868,70e25fb66f11a54c1cf773a3911c2b6e,62ef614e6a195d375ff295636e6aa41fec0fe5d0,,,already-present-matching
membership-image,"resources/source-cds/17-Pen-y-cae,1844-1866,LR2307/images/890__M_00128.jpg","17-Pen-y-cae,1844-1866,LR2307/images/890__M_00128.jpg",416360,64481223fe925d9da8c268bc89fd41cb,88a050a361627c2a2945a567202b5b44067b6fb6,,,already-present-matching
membership-image,"resources/source-cds/18-Llansawel,1850-1889,LR117597/images/LR-11759-7_v1575_M_00100.jpg","18-Llansawel,1850-1889,LR117597/images/LR-11759-7_v1575_M_00100.jpg",705500,53b65cfd46f2c70ba57df08cc9512d2d,cbd4195a083b7236ce785084116044202a06888c,,,already-present-matching
membership-image,"resources/source-cds/18-Llansawel,1850-1889,LR117597/images/LR-11759-7_v1575_M_00101.jpg","18-Llansawel,1850-1889,LR117597/images/LR-11759-7_v1575_M_00101.jpg",574892,5b8752387948012e7df4b1b9e0dc1085,ef7648b519d3797c1a75c7430bc99dd284d026c1,,,already-present-matching
membership-image,"resources/source-cds/18-Llansawel,1850-1889,LR117597/images/LR-11759-7_v1575_M_00102.jpg","18-Llansawel,1850-1889,LR117597/images/LR-11759-7_v1575_M_00102.jpg",651922,d13d809ddd85d7d747563314365e3087,50e899f9b558c4ecbc7b118ab147deb990524c86,,,already-present-matching
membership-image,"resources/source-cds/18-Llansawel,1850-1889,LR117597/images/LR-11759-7_v1575_M_00103.jpg","18-Llansawel,1850-1889,LR117597/images/LR-11759-7_v1575_M_00103.jpg",587163,dc253333741c08191860a67982fb4dad,9ab72d70c34bf32bd7d8709656c7e53c4186393f,,,already-present-matching
membership-image,"resources/source-cds/18-Llansawel,1850-1889,LR117597/images/LR-11759-7_v1575_M_00104.jpg","18-Llansawel,1850-1889,LR117597/images/LR-11759-7_v1575_M_00104.jpg",553711,c54bf4a9c67d90a1bbdf65862988e2f7,f482c2b744126a82a3c0dc6f45676efa7e450f5d,,,already-present-matching
membership-image,"resources/source-cds/18-Llansawel,1850-1889,LR117597/images/LR-11759-7_v1575_M_00105.jpg","18-Llansawel,1850-1889,LR117597/images/LR-11759-7_v1575_M_00105.jpg",580243,368dca3d1aa38ada463dda93005c7f32,5309fd79d7f419a713f1d3ba683a094c653e0f4c,,,already-present-matching
membership-image,"resources/source-cds/18-Llansawel,1850-1889,LR117597/images/LR-11759-7_v1575_M_00105a.jpg","18-Llansawel,1850-1889,LR117597/images/LR-11759-7_v1575_M_00105a.jpg",470410,8c5dae673a1b0ee7ed09b7e0e95a313b,ddd86cca057e1fc1eeede25b56718615141cd83c,,,already-present-matching
membership-image,"resources/source-cds/18-Llansawel,1850-1889,LR117597/images/LR-11759-7_v1575_M_00106.jpg","18-Llansawel,1850-1889,LR117597/images/LR-11759-7_v1575_M_00106.jpg",787618,014ab2e085f92ce8f1c690df08636604,c6a97fa77ad5c88acbd812a71c63b010860a4640,,,already-present-matching
membership-image,"resources/source-cds/18-Llansawel,1850-1889,LR117597/images/LR-11759-7_v1575_M_00107.jpg","18-Llansawel,1850-1889,LR117597/images/LR-11759-7_v1575_M_00107.jpg",722330,0ccf65fddbe6682d13803fb1e966651b,87c9dcf25a17417eed6e094ccc38677ed02004fd,,,already-present-matching
membership-image,"resources/source-cds/18-Llansawel,1850-1889,LR117597/images/LR-11759-7_v1575_M_00108.jpg","18-Llansawel,1850-1889,LR117597/images/LR-11759-7_v1575_M_00108.jpg",382047,15a40f0122fe83c962a556c421c56ea2,df7ae612b92184d77261340f5ab38047c67b582d,,,already-present-matching
membership-image,"resources/source-cds/18-Llansawel,1850-1889,LR117597/images/LR-11759-7_v1575_M_colort2.jpg","18-Llansawel,1850-1889,LR117597/images/LR-11759-7_v1575_M_colort2.jpg",10426,0a85d2bd587550617ca03a289defeeae,9b23536b28eb59355f4593fc7b6722cc69928c60,,,already-present-matching
membership-image,"resources/source-cds/20-Rhymney,1850-1887,LR124517/Images/892__M_00101.jpg","20-Rhymney,1850-1887,LR124517/Images/892__M_00101.jpg",644076,e468a743905647d6f6fb5babeec9f75e,bdad9e530697cc1afc6f0b1605f9207eef96f535,,,already-present-matching
membership-image,"resources/source-cds/20-Rhymney,1850-1887,LR124517/Images/892__M_00102.jpg","20-Rhymney,1850-1887,LR124517/Images/892__M_00102.jpg",754374,5350a66653887614916861d5c148a3eb,d030c754f66936f986fa2ede6ee8845a7efc4910,,,already-present-matching
membership-image,"resources/source-cds/20-Rhymney,1850-1887,LR124517/Images/892__M_00103.jpg","20-Rhymney,1850-1887,LR124517/Images/892__M_00103.jpg",654493,418632a3590140499932b343fbe81957,4d8345483fe7b167ed9fdc0046b2666bf025ddad,,,already-present-matching
membership-image,"resources/source-cds/20-Rhymney,1850-1887,LR124517/Images/892__M_00104.jpg","20-Rhymney,1850-1887,LR124517/Images/892__M_00104.jpg",723526,5e0a63a16e0f9f14bbe1310f538f5656,5cc668b070c8da54e4e4c907e1093d308dc92251,,,already-present-matching
membership-image,"resources/source-cds/20-Rhymney,1850-1887,LR124517/Images/892__M_00105.jpg","20-Rhymney,1850-1887,LR124517/Images/892__M_00105.jpg",668700,7ed7c76a54d1088bce7d486e754cc1cf,b7f542e3f9f27f374fb63a7a19a842bf8fea6247,,,already-present-matching
membership-image,"resources/source-cds/20-Rhymney,1850-1887,LR124517/Images/892__M_00106.jpg","20-Rhymney,1850-1887,LR124517/Images/892__M_00106.jpg",703313,a1c37ad726bca7b609cd27f711e35b33,cf9481896981bd51d60b6f277f18514fba1374b2,,,already-present-matching
membership-image,"resources/source-cds/20-Rhymney,1850-1887,LR124517/Images/892__M_00107.jpg","20-Rhymney,1850-1887,LR124517/Images/892__M_00107.jpg",659502,b762d1666f690fdd3c217aaef371ca94,0082609f596b6b3bd5fb9b8478b523a69c1c0392,,,already-present-matching
membership-image,"resources/source-cds/20-Rhymney,1850-1887,LR124517/Images/892__M_00108.jpg","20-Rhymney,1850-1887,LR124517/Images/892__M_00108.jpg",753101,09af716e3a1cb3bca1dd246be222e45d,b84f8649e65f75615cbd9c214d13a15284c2120b,,,already-present-matching
membership-image,"resources/source-cds/20-Rhymney,1850-1887,LR124517/Images/892__M_00109.jpg","20-Rhymney,1850-1887,LR124517/Images/892__M_00109.jpg",680788,e37a6a0b505a89c8de345eb3e7a5b55a,05109928e4cb130d3def27d663f89d8706eb40b5,,,already-present-matching
membership-image,"resources/source-cds/20-Rhymney,1850-1887,LR124517/Images/892__M_00110.jpg","20-Rhymney,1850-1887,LR124517/Images/892__M_00110.jpg",755840,640e8e1e912b40cb7f3927e85601ce95,7146984fd3965176eeba6b77493c5eabc1100ea9,,,already-present-matching
membership-image,"resources/source-cds/20-Rhymney,1850-1887,LR124517/Images/892__M_00111.jpg","20-Rhymney,1850-1887,LR124517/Images/892__M_00111.jpg",677389,636f92cec7c2bddd0f5dde1b264f2a9e,e9708eb4dffb908665257a9dc9cc5033b969b847,,,already-present-matching
membership-image,"resources/source-cds/20-Rhymney,1850-1887,LR124517/Images/892__M_00112.jpg","20-Rhymney,1850-1887,LR124517/Images/892__M_00112.jpg",756359,e364fa397c9a063500c9a8a088e5f30d,c79e8b2d6d98b50b7a0b5fcf0b26c165358af26f,,,already-present-matching
membership-image,"resources/source-cds/20-Rhymney,1850-1887,LR124517/Images/892__M_00113.jpg","20-Rhymney,1850-1887,LR124517/Images/892__M_00113.jpg",671654,18cccd501fb00e9a3472fedd7dd66eb7,8a6dc15de2686d0181382a9c093217093bb42e05,,,already-present-matching
membership-image,"resources/source-cds/20-Rhymney,1850-1887,LR124517/Images/892__M_00114.jpg","20-Rhymney,1850-1887,LR124517/Images/892__M_00114.jpg",806547,85f5703c4e8f67d261bd18b669886661,0712ac37f62372db4978378035debb82e23fab46,,,already-present-matching
membership-image,"resources/source-cds/20-Rhymney,1850-1887,LR124517/Images/892__M_00115.jpg","20-Rhymney,1850-1887,LR124517/Images/892__M_00115.jpg",696173,eaea1d575b2e9eac03332f579d4d3b9d,3579726a3e3c2862b6f5980100f5e70b92dc22a4,,,already-present-matching
membership-image,"resources/source-cds/20-Rhymney,1850-1887,LR124517/Images/892__M_00116.jpg","20-Rhymney,1850-1887,LR124517/Images/892__M_00116.jpg",826094,54cab76ea383aa9e20f2567f114a2f86,524cb0e72bd679e0a442cb718ad16e092b8bf998,,,already-present-matching
membership-image,"resources/source-cds/20-Rhymney,1850-1887,LR124517/Images/892__M_00117.jpg","20-Rhymney,1850-1887,LR124517/Images/892__M_00117.jpg",638904,e1d6d2c52118de1e69fb38af815bea8c,16370bb6e3c0550878bc450a6adde144e870c291,,,already-present-matching
membership-image,"resources/source-cds/20-Rhymney,1850-1887,LR124517/Images/892__M_00118.jpg","20-Rhymney,1850-1887,LR124517/Images/892__M_00118.jpg",804611,12277fbce3e3b5eaa5b0e1c66cf357ab,2032bc8d2f9589f7832bb77dae1719ddb1df2a5e,,,already-present-matching
membership-image,"resources/source-cds/20-Rhymney,1850-1887,LR124517/Images/892__M_00119.jpg","20-Rhymney,1850-1887,LR124517/Images/892__M_00119.jpg",664446,50cdb59cb300cfaf497153f56ceb054a,66718cbd46a73b91671901f9faa183fc911887e6,,,already-present-matching
membership-image,"resources/source-cds/20-Rhymney,1850-1887,LR124517/Images/892__M_00120.jpg","20-Rhymney,1850-1887,LR124517/Images/892__M_00120.jpg",728051,f0651a62528bf490f3578a6387bb38d7,f4e8b51c0e2b53b942e473184c69dd2e662ded19,,,already-present-matching
membership-image,"resources/source-cds/20-Rhymney,1850-1887,LR124517/Images/892__M_00121.jpg","20-Rhymney,1850-1887,LR124517/Images/892__M_00121.jpg",660638,ed3935863f85ffaae15c3ff90c44a1a6,754bfba67ff38b9e3f12df55a7fbc15bfb4a9efd,,,already-present-matching
membership-image,"resources/source-cds/20-Rhymney,1850-1887,LR124517/Images/892__M_00122.jpg","20-Rhymney,1850-1887,LR124517/Images/892__M_00122.jpg",776237,d1454ae67a35ad3129ed439a4a049218,7ba792234a26f982e8d644ed1bb016ba194cd002,,,already-present-matching
membership-image,"resources/source-cds/20-Rhymney,1850-1887,LR124517/Images/892__M_00123.jpg","20-Rhymney,1850-1887,LR124517/Images/892__M_00123.jpg",691192,877047edc06fcf5ade58fd8315dda772,da0a64ce0224396f8813c25b4ea5e44edba1ac57,,,already-present-matching
membership-image,"resources/source-cds/20-Rhymney,1850-1887,LR124517/Images/892__M_00124.jpg","20-Rhymney,1850-1887,LR124517/Images/892__M_00124.jpg",709043,ee618ee8e0837dedb060215c73f93d94,6a5b95be8b19b18892fe5cdc783a249946cde184,,,already-present-matching
membership-image,"resources/source-cds/20-Rhymney,1850-1887,LR124517/Images/892__M_00125.jpg","20-Rhymney,1850-1887,LR124517/Images/892__M_00125.jpg",666786,ce7334be9d8d302ae04348407c7e9a97,66bb51374952f5de739f2e01aa1c3a66f6c532e6,,,already-present-matching
membership-image,"resources/source-cds/20-Rhymney,1850-1887,LR124517/Images/892__M_00126.jpg","20-Rhymney,1850-1887,LR124517/Images/892__M_00126.jpg",789446,db41df6e875e7d0c28e43a6ec93ecda2,378ef2c23ba4b100589802f5be11234dfecbd6a2,,,already-present-matching
membership-image,"resources/source-cds/20-Rhymney,1850-1887,LR124517/Images/892__M_00127.jpg","20-Rhymney,1850-1887,LR124517/Images/892__M_00127.jpg",671626,b065556275a2399215cd5387d7d59cd8,b2d67ff3a9d313e5123d8d3298ef3dc84f507d08,,,already-present-matching
membership-image,"resources/source-cds/20-Rhymney,1850-1887,LR124517/Images/892__M_00128.jpg","20-Rhymney,1850-1887,LR124517/Images/892__M_00128.jpg",777354,4c851fdc17bd784584292032baf05082,6e53efa1a2e3f8223045108f157f3260ab8bef01,,,already-present-matching
membership-image,"resources/source-cds/20-Rhymney,1850-1887,LR124517/Images/892__M_00129.jpg","20-Rhymney,1850-1887,LR124517/Images/892__M_00129.jpg",654634,0445c7da035f4f3a44e525459807b95b,506373e976c7ef3cac24da9cf60a3ba0203d805c,,,already-present-matching
membership-image,"resources/source-cds/20-Rhymney,1850-1887,LR124517/Images/892__M_00130.jpg","20-Rhymney,1850-1887,LR124517/Images/892__M_00130.jpg",731971,809ca1993ac59a030f0b2bc9ed9174d7,abfa0fb35d6bb29489d8f4318f99c03671e5b235,,,already-present-matching
membership-image,"resources/source-cds/20-Rhymney,1850-1887,LR124517/Images/892__M_00131.jpg","20-Rhymney,1850-1887,LR124517/Images/892__M_00131.jpg",646463,5fe9b96150401462330598903d69b859,bf89236ce1cba0f0596ec12c5f51ab6de2c4a896,,,already-present-matching
membership-image,"resources/source-cds/20-Rhymney,1850-1887,LR124517/Images/892__M_00132.jpg","20-Rhymney,1850-1887,LR124517/Images/892__M_00132.jpg",726811,47cecf3bd7f5603e3e63b66bbd46af5d,10c7b82d72175f064dfd4908a7c8814b4be6381a,,,already-present-matching
membership-image,"resources/source-cds/20-Rhymney,1850-1887,LR124517/Images/892__M_00133.jpg","20-Rhymney,1850-1887,LR124517/Images/892__M_00133.jpg",656296,46c820eeb2fceafb191e4e9cc8b3f3e6,52763bac96f81359c6696bcb102ebf672599e234,,,already-present-matching
membership-image,"resources/source-cds/20-Rhymney,1850-1887,LR124517/Images/892__M_00134.jpg","20-Rhymney,1850-1887,LR124517/Images/892__M_00134.jpg",680905,49a2ff1f1b9ea3a2d69cc14ee5697477,5aa13b291ceed2e1c3398ab1696436046e7b2fba,,,already-present-matching
membership-image,"resources/source-cds/20-Rhymney,1850-1887,LR124517/Images/892__M_00135.jpg","20-Rhymney,1850-1887,LR124517/Images/892__M_00135.jpg",638493,4e71a51ce4d07c8efbb27cd2ea01c874,306fcd8b8979cf3d74c6539ef604a1e6c73b73b2,,,already-present-matching
membership-image,"resources/source-cds/20-Rhymney,1850-1887,LR124517/Images/892__M_00136.jpg","20-Rhymney,1850-1887,LR124517/Images/892__M_00136.jpg",748351,12152f01bee432a255ab938b24020af8,69bbaaed38aca385f7d6f53674b49682991fb8f4,,,already-present-matching
membership-image,"resources/source-cds/20-Rhymney,1850-1887,LR124517/Images/892__M_00137.jpg","20-Rhymney,1850-1887,LR124517/Images/892__M_00137.jpg",668443,55a65c02e06747a7f6f2b8fac9a887f0,72f72a685efe520c0b4815650148d6cea4c5f641,,,already-present-matching
membership-image,"resources/source-cds/20-Rhymney,1850-1887,LR124517/Images/892__M_00138.jpg","20-Rhymney,1850-1887,LR124517/Images/892__M_00138.jpg",750874,ca0cb05704144139418892bb065ca39c,cbdbddd04f768e25074d6083f1d1cff4ab752710,,,already-present-matching
membership-image,"resources/source-cds/20-Rhymney,1850-1887,LR124517/Images/892__M_00139.jpg","20-Rhymney,1850-1887,LR124517/Images/892__M_00139.jpg",664347,e92450c41a7959eb7c31f64f16471486,8b02f16fe073447ecb6a00356cda189a4bf5907c,,,already-present-matching
membership-image,"resources/source-cds/20-Rhymney,1850-1887,LR124517/Images/892__M_00140.jpg","20-Rhymney,1850-1887,LR124517/Images/892__M_00140.jpg",748074,55e8d5b34cb6eee739947c4194c456ec,a127d7ea5cfe74785efc98c50e43dba990892ef5,,,already-present-matching
membership-image,"resources/source-cds/20-Rhymney,1850-1887,LR124517/Images/892__M_00141.jpg","20-Rhymney,1850-1887,LR124517/Images/892__M_00141.jpg",664788,ddcf12deaf050d895deb6f9532cabd48,97e498849c935096c9f378771d7e4dc31a53bc77,,,already-present-matching
membership-image,"resources/source-cds/20-Rhymney,1850-1887,LR124517/Images/892__M_00142.jpg","20-Rhymney,1850-1887,LR124517/Images/892__M_00142.jpg",710471,8c463e0c0e3716bd5ad32e052f6de13f,733cc76bc0dbac8739cb1f6ddc49ca283df4a966,,,already-present-matching
membership-image,"resources/source-cds/20-Rhymney,1850-1887,LR124517/Images/892__M_00143.jpg","20-Rhymney,1850-1887,LR124517/Images/892__M_00143.jpg",656900,ea902ebee72b0fd1dbeba02592cdb276,dc6a7d0d93024180be356a6fce901a42eb1f1c9e,,,already-present-matching
membership-image,"resources/source-cds/20-Rhymney,1850-1887,LR124517/Images/892__M_00144.jpg","20-Rhymney,1850-1887,LR124517/Images/892__M_00144.jpg",681591,0f567cfa4f22ba3d313ec7a31c683dc3,523e5c45223177c6bf0f7e4991c80279b53d961e,,,already-present-matching
membership-image,"resources/source-cds/20-Rhymney,1850-1887,LR124517/Images/892__M_00145.jpg","20-Rhymney,1850-1887,LR124517/Images/892__M_00145.jpg",650556,e9d8f73b77c618c93ffbc1f66056867b,3d561f7866374563668e0160621c9da04239d6c8,,,already-present-matching
membership-image,"resources/source-cds/20-Rhymney,1850-1887,LR124517/Images/892__M_00146.jpg","20-Rhymney,1850-1887,LR124517/Images/892__M_00146.jpg",656036,75cf97f15816b3e91df8d8ae605c12d7,d79d506fa6ec640f12fabb2c7ddf2a4e6465a55d,,,already-present-matching
membership-image,"resources/source-cds/20-Rhymney,1850-1887,LR124517/Images/892__M_00147.jpg","20-Rhymney,1850-1887,LR124517/Images/892__M_00147.jpg",650224,90d3f6862d3fd7ffcf9aa6d647de5ef9,93fee39b1803be7280cb51dc4422760ace005d20,,,already-present-matching
membership-image,"resources/source-cds/20-Rhymney,1850-1887,LR124517/Images/892__M_00148.jpg","20-Rhymney,1850-1887,LR124517/Images/892__M_00148.jpg",660350,640f62d68aec4066d815407988d5424b,579612a99f7eea534126db961e9988add77897cd,,,already-present-matching
membership-image,"resources/source-cds/20-Rhymney,1850-1887,LR124517/Images/892__M_00149.jpg","20-Rhymney,1850-1887,LR124517/Images/892__M_00149.jpg",637301,3aea69db50f7ce094fd16de4d3b2d9f1,a0ea01092f5a76c489fcaa1837104d9d7ddb8a66,,,already-present-matching
membership-image,"resources/source-cds/20-Rhymney,1850-1887,LR124517/Images/892__M_00150.jpg","20-Rhymney,1850-1887,LR124517/Images/892__M_00150.jpg",655766,68103c9bba42e9ddb7df6dce211ab873,91394d68ec4e19f3a7972d3ab8de5ea871b38bb3,,,already-present-matching
membership-image,"resources/source-cds/20-Rhymney,1850-1887,LR124517/Images/892__M_00151.jpg","20-Rhymney,1850-1887,LR124517/Images/892__M_00151.jpg",640770,2e241f1e940fb831d95d4e7b40f2a11d,4177ce2aec70690b6575415adf5eddc581506fac,,,already-present-matching
membership-image,"resources/source-cds/20-Rhymney,1850-1887,LR124517/Images/892__M_00152.jpg","20-Rhymney,1850-1887,LR124517/Images/892__M_00152.jpg",667528,9aaeaee341476de9e931233456005ca9,5108fb08a504d9c9b93b50d2aa9b28492c2046d2,,,already-present-matching
membership-image,"resources/source-cds/20-Rhymney,1850-1887,LR124517/Images/892__M_00153.jpg","20-Rhymney,1850-1887,LR124517/Images/892__M_00153.jpg",626906,6f7feedee838e3326220b9c4ca459423,b354816894993bd08fcc3ee74402db158349c675,,,already-present-matching
membership-image,"resources/source-cds/20-Rhymney,1850-1887,LR124517/Images/892__M_00154.jpg","20-Rhymney,1850-1887,LR124517/Images/892__M_00154.jpg",668440,688d39da600d5ded95add9cd6722cab1,0bb1335726b56b1c70857f7605ed332ce76405cd,,,already-present-matching
membership-image,"resources/source-cds/20-Rhymney,1850-1887,LR124517/Images/892__M_00155.jpg","20-Rhymney,1850-1887,LR124517/Images/892__M_00155.jpg",640714,7b2ebf18f270ddf2616bf2fda31d93d8,65def78f8478acd41e5e3abbf94fd42e21701fc6,,,already-present-matching
membership-image,"resources/source-cds/20-Rhymney,1850-1887,LR124517/Images/892__M_00156.jpg","20-Rhymney,1850-1887,LR124517/Images/892__M_00156.jpg",673076,9fb492b16d3e8eb7f3ed9544bc0d97c0,49e7e8c9e6a657321d93325ebf25295ece09ab3e,,,already-present-matching
membership-image,"resources/source-cds/20-Rhymney,1850-1887,LR124517/Images/892__M_00157.jpg","20-Rhymney,1850-1887,LR124517/Images/892__M_00157.jpg",635751,055d4557847ef9f319c00d9913a18279,0f12acfc941a575d20744d0a20a0333e696b5e5f,,,already-present-matching
membership-image,"resources/source-cds/20-Rhymney,1850-1887,LR124517/Images/892__M_00158.jpg","20-Rhymney,1850-1887,LR124517/Images/892__M_00158.jpg",679550,05223bfa95d614114d9f836183233c67,bcb3ddb399a5e918b64e91ed3ba3c572e74babc0,,,already-present-matching
membership-image,"resources/source-cds/20-Rhymney,1850-1887,LR124517/Images/892__M_00159.jpg","20-Rhymney,1850-1887,LR124517/Images/892__M_00159.jpg",637933,9008c6b9ceb89872e80fcd31908f1f41,50dac39fe47b1e79d50ca822ed5a51327d0a4bd9,,,already-present-matching
membership-image,"resources/source-cds/20-Rhymney,1850-1887,LR124517/Images/892__M_00160.jpg","20-Rhymney,1850-1887,LR124517/Images/892__M_00160.jpg",667204,fc3562a952ff56524c567fe73520fd26,9def9fe20a13cdca4520f779824df74b8cd52292,,,already-present-matching
membership-image,"resources/source-cds/20-Rhymney,1850-1887,LR124517/Images/892__M_00161.jpg","20-Rhymney,1850-1887,LR124517/Images/892__M_00161.jpg",638511,acbc41aef6bb44ce0f7955c938294d0b,5a461d652fa9db76928720dadb786a6ec3a6268f,,,already-present-matching
membership-image,"resources/source-cds/20-Rhymney,1850-1887,LR124517/Images/892__M_00162.jpg","20-Rhymney,1850-1887,LR124517/Images/892__M_00162.jpg",673409,c5007dccd677b1aa64d7a001c35b8ca7,4444edf3c1933078d05caf6f5d617868ad59ac2c,,,already-present-matching
membership-image,"resources/source-cds/20-Rhymney,1850-1887,LR124517/Images/892__M_00163.jpg","20-Rhymney,1850-1887,LR124517/Images/892__M_00163.jpg",608817,be858b72bc353eab47d92edc8b044af0,f966e3d1da7af9731ddc43c4c2fa7c66367741ce,,,already-present-matching
membership-image,"resources/source-cds/20-Rhymney,1850-1887,LR124517/Images/892__M_00164.jpg","20-Rhymney,1850-1887,LR124517/Images/892__M_00164.jpg",667876,db189684e2dbf9e77c4e2efe07f635c6,b6cbc1f740a3c20a5a1c08c3a2c7b5a57501f7be,,,already-present-matching
membership-image,"resources/source-cds/20-Rhymney,1850-1887,LR124517/Images/892__M_00165.jpg","20-Rhymney,1850-1887,LR124517/Images/892__M_00165.jpg",825097,e90b94e2295a13842be06fff84afa512,bffd0bbe76c889c3482144984d1d8a8ed24f9425,,,already-present-matching
membership-image,"resources/source-cds/20-Rhymney,1850-1887,LR124517/Images/892__M_00166.jpg","20-Rhymney,1850-1887,LR124517/Images/892__M_00166.jpg",663060,60616da2d66632ebcdaf962bdc2ff743,e92504d186ff3272f62174525eece54a721ffed5,,,already-present-matching
membership-image,"resources/source-cds/20-Rhymney,1850-1887,LR124517/Images/892__M_00167.jpg","20-Rhymney,1850-1887,LR124517/Images/892__M_00167.jpg",855651,109a908cd1f6c097dfee9d438e5fc3fe,2e11380e5df175be02c0a1cf0d00ca4c6bd77ec2,,,already-present-matching
membership-image,"resources/source-cds/20-Rhymney,1850-1887,LR124517/Images/892__M_00168.jpg","20-Rhymney,1850-1887,LR124517/Images/892__M_00168.jpg",683457,e0b1c394083c0cc0079640ff0f4dea99,eb76133ebafdf03ffbfd97ae01ebc896af3fec07,,,already-present-matching
membership-image,"resources/source-cds/20-Rhymney,1850-1887,LR124517/Images/892__M_00169.jpg","20-Rhymney,1850-1887,LR124517/Images/892__M_00169.jpg",849903,c2edd9f4e0496651a8a561125b3aa9e3,ff6bbd79b9d834f678d9dadb0eada2cbeaab97f5,,,already-present-matching
membership-image,"resources/source-cds/20-Rhymney,1850-1887,LR124517/Images/892__M_00170.jpg","20-Rhymney,1850-1887,LR124517/Images/892__M_00170.jpg",889666,dec757b0e1e77b662d09452835bb5df3,dbde0e35a19f943aa2768e6e7251231e027179e1,,,already-present-matching
membership-image,"resources/source-cds/20-Rhymney,1850-1887,LR124517/Images/892__M_00171.jpg","20-Rhymney,1850-1887,LR124517/Images/892__M_00171.jpg",592439,194511914e15f31789b79d8e9b825f19,019ebf17e3721fc3f5b743094ff9e301e0046ca4,,,already-present-matching
membership-image,"resources/source-cds/20-Rhymney,1850-1887,LR124517/Images/892__M_00172.jpg","20-Rhymney,1850-1887,LR124517/Images/892__M_00172.jpg",601408,bc8b725d5d8a5c8a566fc4dcc8b96a2d,0c58968674578e2245cea07f9036a2203e9bde54,,,already-present-matching
membership-image,"resources/source-cds/20-Rhymney,1850-1887,LR124517/Images/892__M_00173.jpg","20-Rhymney,1850-1887,LR124517/Images/892__M_00173.jpg",584774,98ddd5399a92754224b5c7abf4a812a4,abf8ea30fb62e20afa4eab8401547adb95d6d7ff,,,already-present-matching
membership-image,"resources/source-cds/20-Rhymney,1850-1887,LR124517/Images/892__M_00174.jpg","20-Rhymney,1850-1887,LR124517/Images/892__M_00174.jpg",591698,42a53b5af271daf8718655775a449606,bde63eb3a45248fc7fe96a67ca7f034a4d537762,,,already-present-matching
membership-image,"resources/source-cds/20-Rhymney,1850-1887,LR124517/Images/892__M_00175.jpg","20-Rhymney,1850-1887,LR124517/Images/892__M_00175.jpg",599865,289bb4aaf8161de8d97e2bfdbebe81ec,97e5da06680f1248797e2342606bd4631d36c804,,,already-present-matching
membership-image,"resources/source-cds/20-Rhymney,1850-1887,LR124517/Images/892__M_00176.jpg","20-Rhymney,1850-1887,LR124517/Images/892__M_00176.jpg",614625,5e8933c385e97f26674fe1dacac83526,f49b19ccd4c91d2e05df78be2cbfadd5a8892802,,,already-present-matching
membership-image,"resources/source-cds/20-Rhymney,1850-1887,LR124517/Images/892__M_00177.jpg","20-Rhymney,1850-1887,LR124517/Images/892__M_00177.jpg",583094,2af0a47009e248b189ecb86688009f14,69ce3fe728ce1a24a7abb90b48ec51f662e35e49,,,already-present-matching
membership-image,"resources/source-cds/20-Rhymney,1850-1887,LR124517/Images/892__M_00178.jpg","20-Rhymney,1850-1887,LR124517/Images/892__M_00178.jpg",594347,c59639ebd9c03c1741ae2ec2115cc59b,44b96107a7cc6b8765862f52142c7aa5de153d4f,,,already-present-matching
membership-image,"resources/source-cds/20-Rhymney,1850-1887,LR124517/Images/892__M_00179.jpg","20-Rhymney,1850-1887,LR124517/Images/892__M_00179.jpg",619854,83dcbc5599a41925a3b38e4064b480d1,b49001a1f4129e986cfb5c1e901f5fd3eb3a2889,,,already-present-matching
membership-image,"resources/source-cds/20-Rhymney,1850-1887,LR124517/Images/892__M_00180.jpg","20-Rhymney,1850-1887,LR124517/Images/892__M_00180.jpg",651065,754251ac500f5743db51f31c62c51076,c68081a8a1842c1d60a51d5cdaa1d55b994fbe44,,,already-present-matching
membership-image,"resources/source-cds/20-Rhymney,1850-1887,LR124517/Images/892__M_00181.jpg","20-Rhymney,1850-1887,LR124517/Images/892__M_00181.jpg",592077,4d5c5baef87b80fbb912562d3c9ac304,de7a987bddb3b55ba2be0b742e65dc8c6d3ef223,,,already-present-matching
membership-image,"resources/source-cds/20-Rhymney,1850-1887,LR124517/Images/892__M_00182.jpg","20-Rhymney,1850-1887,LR124517/Images/892__M_00182.jpg",612181,8cd60a190238b549e52512f64d80ca46,29314376f5f49959b321ad0fe420182f22038d68,,,already-present-matching
membership-image,"resources/source-cds/20-Rhymney,1850-1887,LR124517/Images/892__M_00183.jpg","20-Rhymney,1850-1887,LR124517/Images/892__M_00183.jpg",607512,87b3a5acc256c196781d86194e2d97c1,36e140fd4bd6208da4afaf5a9a1499413f5f071a,,,already-present-matching
membership-image,"resources/source-cds/20-Rhymney,1850-1887,LR124517/Images/892__M_00184.jpg","20-Rhymney,1850-1887,LR124517/Images/892__M_00184.jpg",609232,51f9aa6ee0762153d1107908d1580a67,4e3dd040d75eb7f9274eea34e176eba7f8236bd3,,,already-present-matching
membership-image,"resources/source-cds/20-Rhymney,1850-1887,LR124517/Images/892__M_00185.jpg","20-Rhymney,1850-1887,LR124517/Images/892__M_00185.jpg",594572,72e791259af4f9bd7da0bbf84bfc98a0,bb567c7ebf66146d6dc2dfb8afa9869293cc360f,,,already-present-matching
membership-image,"resources/source-cds/20-Rhymney,1850-1887,LR124517/Images/892__M_00186.jpg","20-Rhymney,1850-1887,LR124517/Images/892__M_00186.jpg",596516,db1892ae48dd8438133f5185c1b1b451,948b2d26601c181722ddfcb7d36bef4bd0e3b5ae,,,already-present-matching
membership-image,"resources/source-cds/20-Rhymney,1850-1887,LR124517/Images/892__M_00187.jpg","20-Rhymney,1850-1887,LR124517/Images/892__M_00187.jpg",586127,e62eb8bbd2962585ebb5f1a50ead69ab,146a00f447b2d0a46f11341cc5d3341307187be1,,,already-present-matching
membership-image,"resources/source-cds/20-Rhymney,1850-1887,LR124517/Images/892__M_00188.jpg","20-Rhymney,1850-1887,LR124517/Images/892__M_00188.jpg",593572,0b214120b66afa98cf4c6c5dda9179c5,f723c304e789cfad989f068c271a5633d8b33f53,,,already-present-matching
membership-image,"resources/source-cds/20-Rhymney,1850-1887,LR124517/Images/892__M_00189.jpg","20-Rhymney,1850-1887,LR124517/Images/892__M_00189.jpg",683510,8cff972ba30ada9a38e35210f441eba7,85986f41cb05c832bab887e66a424899d1339476,,,already-present-matching
membership-image,"resources/source-cds/20-Rhymney,1850-1887,LR124517/Images/892__M_00190.jpg","20-Rhymney,1850-1887,LR124517/Images/892__M_00190.jpg",633281,e1c5720a835d8cdd5bb790c0f2bb4bbc,c874ccdb7e7e2b2d1eeed24536a6eaec343abd89,,,already-present-matching
membership-image,"resources/source-cds/20-Rhymney,1850-1887,LR124517/Images/892__M_00191.jpg","20-Rhymney,1850-1887,LR124517/Images/892__M_00191.jpg",598965,a4639f3ba09cc9ead31a0cdcfc2b338e,adfc1d8ff33d41cf83c2fa0d0924adee5e7908ab,,,already-present-matching
membership-image,"resources/source-cds/20-Rhymney,1850-1887,LR124517/Images/892__M_00192.jpg","20-Rhymney,1850-1887,LR124517/Images/892__M_00192.jpg",606218,c02f5c23b17859454b168ef142ee6216,6ad39cc919922961bc17bf8c1c981b6cab61aef6,,,already-present-matching
membership-image,"resources/source-cds/20-Rhymney,1850-1887,LR124517/Images/892__M_00193.jpg","20-Rhymney,1850-1887,LR124517/Images/892__M_00193.jpg",621717,f05e9a08624b0e7314f5c16f6bd28f6e,779a9defc8bf578c3f864e0f6084e54d9c9fa0d1,,,already-present-matching
membership-image,"resources/source-cds/20-Rhymney,1850-1887,LR124517/Images/892__M_00194.jpg","20-Rhymney,1850-1887,LR124517/Images/892__M_00194.jpg",585843,c774e8ba20fa22defaa923469cf5889d,602bb69d199eaa072b3a1e4d329eefdf1a78095a,,,already-present-matching
membership-image,"resources/source-cds/20-Rhymney,1850-1887,LR124517/Images/892__M_00195.jpg","20-Rhymney,1850-1887,LR124517/Images/892__M_00195.jpg",568130,dbf289f765f1ee615f26052014bbca82,a65b9d741a703e757a09dbc3e690381b8b12febb,,,already-present-matching
membership-image,"resources/source-cds/20-Rhymney,1850-1887,LR124517/Images/892__M_00196.jpg","20-Rhymney,1850-1887,LR124517/Images/892__M_00196.jpg",599029,4fd999012575f6de7528172267d811ad,f5bdbe8d5e3af575319a22ef3bc4161f40d9bdc6,,,already-present-matching
membership-image,"resources/source-cds/20-Rhymney,1850-1887,LR124517/Images/892__M_00197.jpg","20-Rhymney,1850-1887,LR124517/Images/892__M_00197.jpg",571073,c189284daedec48f5de863004e122ef1,e28beab273e9535579d2cb99e0d92f47d06a97cd,,,already-present-matching
membership-image,"resources/source-cds/20-Rhymney,1850-1887,LR124517/Images/892__M_00198.jpg","20-Rhymney,1850-1887,LR124517/Images/892__M_00198.jpg",565033,5f47f8fb0133749fc50adeeb4751f894,adb74008f69477de9d0029ae5b1410a24f428178,,,already-present-matching
membership-image,"resources/source-cds/20-Rhymney,1850-1887,LR124517/Images/892__M_00199.jpg","20-Rhymney,1850-1887,LR124517/Images/892__M_00199.jpg",719022,53b1d7d97dce406d536e217a78c35851,c255ee25813e9b1960150054a33baa9291ad05c7,,,already-present-matching
membership-image,"resources/source-cds/20-Rhymney,1850-1887,LR124517/Images/892__M_00200.jpg","20-Rhymney,1850-1887,LR124517/Images/892__M_00200.jpg",706421,9760510b3aa0358e7bbfcf3bf6f35cb1,e53d16838c872d0e2e91f76faa588e5755dfaedf,,,already-present-matching
membership-image,"resources/source-cds/20-Rhymney,1850-1887,LR124517/Images/892__M_00202.jpg","20-Rhymney,1850-1887,LR124517/Images/892__M_00202.jpg",419952,07e0fc537e6209355b07a1a26f09efc0,e2aa253a801a443a19ced8649646a4fb565fd407,,,already-present-matching
membership-image,"resources/source-cds/20-Rhymney,1850-1887,LR124517/Images/LR-1175710_v1602_M_00001.jpg","20-Rhymney,1850-1887,LR124517/Images/LR-1175710_v1602_M_00001.jpg",491088,7ed8fd2444a52f20a7e560d5db538fd3,3997774b84d035be37376a6468910fc1e6713f1c,,,already-present-matching
membership-image,"resources/source-cds/20-Rhymney,1850-1887,LR124517/Images/LR-1175710_v1602_M_00002.jpg","20-Rhymney,1850-1887,LR124517/Images/LR-1175710_v1602_M_00002.jpg",1449667,f6b80a6496980033e435ebd57bf3ce0f,96d88265053214297c3c59e7cc35fd7034f2a9d7,,,already-present-matching
membership-image,"resources/source-cds/20-Rhymney,1850-1887,LR124517/Images/LR-1175710_v1602_M_00003.jpg","20-Rhymney,1850-1887,LR124517/Images/LR-1175710_v1602_M_00003.jpg",1428301,fef430a8fd1033f205da4c5debfd485d,dc03aca9c3e9617e34b8730b9a3c89212c255943,,,already-present-matching
membership-image,"resources/source-cds/20-Rhymney,1850-1887,LR124517/Images/LR-1175710_v1602_M_00004.jpg","20-Rhymney,1850-1887,LR124517/Images/LR-1175710_v1602_M_00004.jpg",569984,9ae6e74f64b0d0df1d02a1ed53d3696a,3445b4331090686c5bc92c8a0f74c805e6035f77,,,already-present-matching
membership-image,"resources/source-cds/20-Rhymney,1850-1887,LR124517/Images/LR-1175710_v1602_M_00005.jpg","20-Rhymney,1850-1887,LR124517/Images/LR-1175710_v1602_M_00005.jpg",709754,7e08983c4e3548b7a9371033e204c817,25213dc8c55d1b185fa2e5dcf0f8795f68e4a51a,,,already-present-matching
membership-image,"resources/source-cds/20-Rhymney,1850-1887,LR124517/Images/LR-1175710_v1602_M_00006.jpg","20-Rhymney,1850-1887,LR124517/Images/LR-1175710_v1602_M_00006.jpg",544877,a22fdfbb9e4ea21daa67894e2d61662b,2f9aedb4d3b8e2fe4fc5c5c73ced862a52c6249b,,,already-present-matching
membership-image,"resources/source-cds/20-Rhymney,1850-1887,LR124517/Images/LR-1175710_v1602_M_00007.jpg","20-Rhymney,1850-1887,LR124517/Images/LR-1175710_v1602_M_00007.jpg",806646,9f72cdcb5f3b6942241546124c27a1c5,8648b6706242bde172777411981695cdc91087ec,,,already-present-matching
membership-image,"resources/source-cds/20-Rhymney,1850-1887,LR124517/Images/LR-1175710_v1602_M_00008.jpg","20-Rhymney,1850-1887,LR124517/Images/LR-1175710_v1602_M_00008.jpg",555205,7c93beb1ccf6b31390fdf3c0b0905ed1,15d91588514e6047473f7771f0ec2cb01733d44b,,,already-present-matching
membership-image,"resources/source-cds/20-Rhymney,1850-1887,LR124517/Images/LR-1175710_v1602_M_00009.jpg","20-Rhymney,1850-1887,LR124517/Images/LR-1175710_v1602_M_00009.jpg",561971,4db459421c42ffc9cb5e2902f740afec,290a484fb5b1d386fc63c5346023d4f4824b25f8,,,already-present-matching
membership-image,"resources/source-cds/20-Rhymney,1850-1887,LR124517/Images/LR-1175710_v1602_M_00010.jpg","20-Rhymney,1850-1887,LR124517/Images/LR-1175710_v1602_M_00010.jpg",620746,7aac24abd2b92312e14a0e9353548556,80e280a2701c954e999455aa8dea0a0a753d5185,,,already-present-matching
membership-image,"resources/source-cds/20-Rhymney,1850-1887,LR124517/Images/LR-1175710_v1602_M_00011.jpg","20-Rhymney,1850-1887,LR124517/Images/LR-1175710_v1602_M_00011.jpg",980036,3089db5631b496adf7895261d8eb890d,b4e8a43cf7fda60683437717d75f210e17136ebf,,,already-present-matching
membership-image,"resources/source-cds/20-Rhymney,1850-1887,LR124517/Images/LR-1175710_v1602_M_00012.jpg","20-Rhymney,1850-1887,LR124517/Images/LR-1175710_v1602_M_00012.jpg",601412,606f923da924bcd0fd26201abd6f6eff,b71d00d98ec2610e32878e8daad09d46b5e22486,,,already-present-matching
membership-image,"resources/source-cds/20-Rhymney,1850-1887,LR124517/Images/LR-1175710_v1602_M_00013.jpg","20-Rhymney,1850-1887,LR124517/Images/LR-1175710_v1602_M_00013.jpg",756448,7f9d176137d22247389760f0e91231c8,a7fb53379c6911e9a4ca2fc94b8c5d8ec3173ea5,,,already-present-matching
membership-image,"resources/source-cds/20-Rhymney,1850-1887,LR124517/Images/LR-1175710_v1602_M_00014.jpg","20-Rhymney,1850-1887,LR124517/Images/LR-1175710_v1602_M_00014.jpg",567761,39afcd80ba7b52a5429c08184b5c6ac9,57cc10336ad8eef2b619ab7a9b3d4225f4ac0018,,,already-present-matching
membership-image,"resources/source-cds/20-Rhymney,1850-1887,LR124517/Images/LR-1175710_v1602_M_00015.jpg","20-Rhymney,1850-1887,LR124517/Images/LR-1175710_v1602_M_00015.jpg",585794,e1330ff923920820366fb7c2b02cd932,dcd21ca48fd7e4167f10a001628cc07fdbd31083,,,already-present-matching
membership-image,"resources/source-cds/20-Rhymney,1850-1887,LR124517/Images/LR-1175710_v1602_M_00016.jpg","20-Rhymney,1850-1887,LR124517/Images/LR-1175710_v1602_M_00016.jpg",598227,5e2f230d54b2ab19b6c9d44a484cf8e7,99fe9b836dc05f140c8ee9c57ba3d9a8b63c237b,,,already-present-matching
membership-image,"resources/source-cds/20-Rhymney,1850-1887,LR124517/Images/LR-1175710_v1602_M_00017.jpg","20-Rhymney,1850-1887,LR124517/Images/LR-1175710_v1602_M_00017.jpg",575181,b6cbf0e13b22e43b06d267297de5ef0f,a1e6c808d1dfb766a92f2197ef7740b6a6bb563f,,,already-present-matching
membership-image,"resources/source-cds/20-Rhymney,1850-1887,LR124517/Images/LR-1175710_v1602_M_00018.jpg","20-Rhymney,1850-1887,LR124517/Images/LR-1175710_v1602_M_00018.jpg",611024,fa572abb22216290f1afe0a6d0efa6c4,66da418d6051db2762d5aa3ca022ed9fd503680f,,,already-present-matching
membership-image,"resources/source-cds/20-Rhymney,1850-1887,LR124517/Images/LR-1175710_v1602_M_00019.jpg","20-Rhymney,1850-1887,LR124517/Images/LR-1175710_v1602_M_00019.jpg",590970,c1f48058759d5b43fecaa1aba4fc26b4,09c2887a64c8feb643cf64c7cf9c386aa33cc554,,,already-present-matching
membership-image,"resources/source-cds/20-Rhymney,1850-1887,LR124517/Images/LR-1175710_v1602_M_00020.jpg","20-Rhymney,1850-1887,LR124517/Images/LR-1175710_v1602_M_00020.jpg",766065,df4762df7cdc6ba5b294d736f69a7c35,ab2fd15a1bb167b6f5003cc3eee72a505f3eef41,,,already-present-matching
membership-image,"resources/source-cds/20-Rhymney,1850-1887,LR124517/Images/LR-1175710_v1602_M_00021.jpg","20-Rhymney,1850-1887,LR124517/Images/LR-1175710_v1602_M_00021.jpg",761048,d9231bdfedec7a0d5abc83de857660d4,ae2ccaa7f36b4dd163c45d64454c558420aefa5d,,,already-present-matching
membership-image,"resources/source-cds/20-Rhymney,1850-1887,LR124517/Images/LR-1175710_v1602_M_00022.jpg","20-Rhymney,1850-1887,LR124517/Images/LR-1175710_v1602_M_00022.jpg",774082,ee21c054d39fe2a9c41a6548aa2fd9de,5742f0e7d95ef3f74efebc3205f895e2f1f02ccc,,,already-present-matching
membership-image,"resources/source-cds/20-Rhymney,1850-1887,LR124517/Images/LR-1175710_v1602_M_00023.jpg","20-Rhymney,1850-1887,LR124517/Images/LR-1175710_v1602_M_00023.jpg",750340,44da3e3e9e3d5f553d1ed93ce5fabfc3,19058f0f10c1ae7304d2e0503d08200949dea48b,,,already-present-matching
membership-image,"resources/source-cds/20-Rhymney,1850-1887,LR124517/Images/LR-1175710_v1602_M_00024.jpg","20-Rhymney,1850-1887,LR124517/Images/LR-1175710_v1602_M_00024.jpg",767985,4257d131319a2cabb081cbca3a2da767,dfd7dd459ec6de965188ed987c0be722d2535d2e,,,already-present-matching
membership-image,"resources/source-cds/20-Rhymney,1850-1887,LR124517/Images/LR-1175710_v1602_M_00025.jpg","20-Rhymney,1850-1887,LR124517/Images/LR-1175710_v1602_M_00025.jpg",706528,179611853a9561dc61d8f8e183b1c3c7,76d92606479a3c66e66c6dc34d4c174faaf27eac,,,already-present-matching
membership-image,"resources/source-cds/20-Rhymney,1850-1887,LR124517/Images/LR-1175710_v1602_M_00026.jpg","20-Rhymney,1850-1887,LR124517/Images/LR-1175710_v1602_M_00026.jpg",738801,719a2abfd429605298bf7dc64f5126d5,5de444dfebe06c9e8494f1f2773e0eb08a597c4b,,,already-present-matching
membership-image,"resources/source-cds/20-Rhymney,1850-1887,LR124517/Images/LR-1175710_v1602_M_00027.jpg","20-Rhymney,1850-1887,LR124517/Images/LR-1175710_v1602_M_00027.jpg",741886,328c56cec8ea4c4681cb7bb3841f15f8,a5ada8e62c03bc56f0310dc8eeaa6edb3647f52b,,,already-present-matching
membership-image,"resources/source-cds/20-Rhymney,1850-1887,LR124517/Images/LR-1175710_v1602_M_00028.jpg","20-Rhymney,1850-1887,LR124517/Images/LR-1175710_v1602_M_00028.jpg",773939,74ffb89e619202a79dc96a81040e59dc,d2d39394e080b962c97b82989370a4e72764cff9,,,already-present-matching
membership-image,"resources/source-cds/20-Rhymney,1850-1887,LR124517/Images/LR-1175710_v1602_M_00029.jpg","20-Rhymney,1850-1887,LR124517/Images/LR-1175710_v1602_M_00029.jpg",708651,81e67a91fe14d66ab41303be7ea7e0c1,f77c63b5003e44857800c48aeb968cc67c19cd1a,,,already-present-matching
membership-image,"resources/source-cds/20-Rhymney,1850-1887,LR124517/Images/LR-1175710_v1602_M_00030.jpg","20-Rhymney,1850-1887,LR124517/Images/LR-1175710_v1602_M_00030.jpg",763626,0c01b029b8bd20121f5696e2a6e11fa0,0bad14271e9f374d91bff5b635c7a5e2c471c918,,,already-present-matching
membership-image,"resources/source-cds/20-Rhymney,1850-1887,LR124517/Images/LR-1175710_v1602_M_00031.jpg","20-Rhymney,1850-1887,LR124517/Images/LR-1175710_v1602_M_00031.jpg",743422,9a2bbda4cf45b0ae4aed5fb69320ccea,9700d85c51f9e7dab9586233585466f5df0595de,,,already-present-matching
membership-image,"resources/source-cds/20-Rhymney,1850-1887,LR124517/Images/LR-1175710_v1602_M_00032.jpg","20-Rhymney,1850-1887,LR124517/Images/LR-1175710_v1602_M_00032.jpg",723541,855adedbc616ff9a015fec1f189b1299,e6b0a1bf8a1e47f6453142c04367ed7de7f36165,,,already-present-matching
membership-image,"resources/source-cds/20-Rhymney,1850-1887,LR124517/Images/LR-1175710_v1602_M_00033.jpg","20-Rhymney,1850-1887,LR124517/Images/LR-1175710_v1602_M_00033.jpg",738650,599e0ecd927ba1c3f1a6b3448f01ab6b,68da831fed9619f639968feaba6f0189636bf3d7,,,already-present-matching
membership-image,"resources/source-cds/20-Rhymney,1850-1887,LR124517/Images/LR-1175710_v1602_M_00034.jpg","20-Rhymney,1850-1887,LR124517/Images/LR-1175710_v1602_M_00034.jpg",729587,26e6d1167ea0bafc994c9311a77e77e1,c3c2f41afbe1bb6e0becd4f9d0879b5ff0c37545,,,already-present-matching
membership-image,"resources/source-cds/20-Rhymney,1850-1887,LR124517/Images/LR-1175710_v1602_M_00035.jpg","20-Rhymney,1850-1887,LR124517/Images/LR-1175710_v1602_M_00035.jpg",702052,928bb3baddb1fb3e958f5264c90e0baf,e81df76f785d110f2a1a405eff58c9365e861c05,,,already-present-matching
membership-image,"resources/source-cds/20-Rhymney,1850-1887,LR124517/Images/LR-1175710_v1602_M_00036.jpg","20-Rhymney,1850-1887,LR124517/Images/LR-1175710_v1602_M_00036.jpg",689396,0c8ff7e4b65ba2f149e00334e27de12e,29cfac3cf5aa606a2089f5fe9b87db25a0bddfca,,,already-present-matching
membership-image,"resources/source-cds/20-Rhymney,1850-1887,LR124517/Images/LR-1175710_v1602_M_00037.jpg","20-Rhymney,1850-1887,LR124517/Images/LR-1175710_v1602_M_00037.jpg",667094,5f3fff13cfd8c76e8d2f781b417dd5e2,44baa0f106af73d15246f2fb41b1fe4e5366a769,,,already-present-matching
membership-image,"resources/source-cds/20-Rhymney,1850-1887,LR124517/Images/LR-1175710_v1602_M_00038.jpg","20-Rhymney,1850-1887,LR124517/Images/LR-1175710_v1602_M_00038.jpg",685997,6493f3342752df0a86c73aa6d7b8291d,7a786138137a97f10e901d891fc79b78a9361fb0,,,already-present-matching
membership-image,"resources/source-cds/20-Rhymney,1850-1887,LR124517/Images/LR-1175710_v1602_M_00039.jpg","20-Rhymney,1850-1887,LR124517/Images/LR-1175710_v1602_M_00039.jpg",673011,f4be4d9a37f7a5a1761ccb5a3e2d9661,423303e4d4065c0073721507b022b155178b385c,,,already-present-matching
membership-image,"resources/source-cds/20-Rhymney,1850-1887,LR124517/Images/LR-1175710_v1602_M_00040.jpg","20-Rhymney,1850-1887,LR124517/Images/LR-1175710_v1602_M_00040.jpg",696193,55be9a9575a108512e8041fc5ff2a76c,0dd0ab418a1574b5ed066a06ddccf75ad4c25e05,,,already-present-matching
membership-image,"resources/source-cds/20-Rhymney,1850-1887,LR124517/Images/LR-1175710_v1602_M_00041.jpg","20-Rhymney,1850-1887,LR124517/Images/LR-1175710_v1602_M_00041.jpg",720248,b79fc317228edfed3dbd36ac5a0f6cf8,783310423b91e6d8057b735d830943c5bc26f99d,,,already-present-matching
membership-image,"resources/source-cds/20-Rhymney,1850-1887,LR124517/Images/LR-1175710_v1602_M_00042.jpg","20-Rhymney,1850-1887,LR124517/Images/LR-1175710_v1602_M_00042.jpg",685545,cecf285170af7306dd2dd8242ccfb992,90ee22f191f8fdc7a2acd1f52f193d06c45146a0,,,already-present-matching
membership-image,"resources/source-cds/20-Rhymney,1850-1887,LR124517/Images/LR-1175710_v1602_M_00043.jpg","20-Rhymney,1850-1887,LR124517/Images/LR-1175710_v1602_M_00043.jpg",685656,f722df19f2431381b678c7ce0edb7ce4,1e9b034706f5bd5851462458b76d1338c9b4f444,,,already-present-matching
membership-image,"resources/source-cds/20-Rhymney,1850-1887,LR124517/Images/LR-1175710_v1602_M_00044.jpg","20-Rhymney,1850-1887,LR124517/Images/LR-1175710_v1602_M_00044.jpg",617098,2a3c850cb5553271194da5c9ceb39459,0c02a64a887da331e3c8b01b9dffcde022b75bb8,,,already-present-matching
membership-image,"resources/source-cds/20-Rhymney,1850-1887,LR124517/Images/LR-1175710_v1602_M_00045.jpg","20-Rhymney,1850-1887,LR124517/Images/LR-1175710_v1602_M_00045.jpg",680695,e61a27abb948c947064e793a1682047b,640e907d3a4726bf474259566df1d3bee814d5e1,,,already-present-matching
membership-image,"resources/source-cds/20-Rhymney,1850-1887,LR124517/Images/LR-1175710_v1602_M_00046.jpg","20-Rhymney,1850-1887,LR124517/Images/LR-1175710_v1602_M_00046.jpg",726414,3f1217a1e987e3fa4cf9835cc23d09c5,d4f2779d68380a0b939c3f02ee1de3701cbc6236,,,already-present-matching
membership-image,"resources/source-cds/20-Rhymney,1850-1887,LR124517/Images/LR-1175710_v1602_M_00047.jpg","20-Rhymney,1850-1887,LR124517/Images/LR-1175710_v1602_M_00047.jpg",700590,c475768fee5e89d58e7b79fc794a626f,3b7c24a75a2fd035625d98b440c17a25c86389ed,,,already-present-matching
membership-image,"resources/source-cds/20-Rhymney,1850-1887,LR124517/Images/LR-1175710_v1602_M_00048.jpg","20-Rhymney,1850-1887,LR124517/Images/LR-1175710_v1602_M_00048.jpg",659614,7820520175251cf6a8cde74c50766670,667eb9cdd00688e9d60fb739b3eca4e8de7c1f52,,,already-present-matching
membership-image,"resources/source-cds/20-Rhymney,1850-1887,LR124517/Images/LR-1175710_v1602_M_00049.jpg","20-Rhymney,1850-1887,LR124517/Images/LR-1175710_v1602_M_00049.jpg",632639,b60f1a885e59081a4a84556949247004,37ef8ca94656ca6ebe7a79bb30f9c900f2c500b5,,,already-present-matching
membership-image,"resources/source-cds/20-Rhymney,1850-1887,LR124517/Images/LR-1175710_v1602_M_00050.jpg","20-Rhymney,1850-1887,LR124517/Images/LR-1175710_v1602_M_00050.jpg",767222,227a2d6cd84b260f1b57dfd80909d8b0,2d21aaee01d712b9c742248cf3af25d832e1f1c8,,,already-present-matching
membership-image,"resources/source-cds/20-Rhymney,1850-1887,LR124517/Images/LR-1175710_v1602_M_00051.jpg","20-Rhymney,1850-1887,LR124517/Images/LR-1175710_v1602_M_00051.jpg",725047,1e9a8a1094417b8365992a5ab1040114,3a788515c16334e9da4b58053f38df7623a3f2ed,,,already-present-matching
membership-image,"resources/source-cds/20-Rhymney,1850-1887,LR124517/Images/LR-1175710_v1602_M_00052.jpg","20-Rhymney,1850-1887,LR124517/Images/LR-1175710_v1602_M_00052.jpg",711588,bcf216b04b72975a7558b9c160534602,fd6ab34c2f053230d63624dfa7d83502d276bd6b,,,already-present-matching
membership-image,"resources/source-cds/20-Rhymney,1850-1887,LR124517/Images/LR-1175710_v1602_M_00053.jpg","20-Rhymney,1850-1887,LR124517/Images/LR-1175710_v1602_M_00053.jpg",683606,a2d38376aeff23e8d7f9163889c7bf6c,fff6dd8b4fea9e950305f44fd99ee511d72a5988,,,already-present-matching
membership-image,"resources/source-cds/20-Rhymney,1850-1887,LR124517/Images/LR-1175710_v1602_M_00054.jpg","20-Rhymney,1850-1887,LR124517/Images/LR-1175710_v1602_M_00054.jpg",740971,02f4a317d368c95e7661159188aba7e2,f78058a9b4a4b7ebddb3567c44137edfe0ff5f13,,,already-present-matching
membership-image,"resources/source-cds/20-Rhymney,1850-1887,LR124517/Images/LR-1175710_v1602_M_00055.jpg","20-Rhymney,1850-1887,LR124517/Images/LR-1175710_v1602_M_00055.jpg",692319,6608441d05f1975006b9144ebc020250,7674430a4f60525c7298d9620c615a481608382e,,,already-present-matching
membership-image,"resources/source-cds/20-Rhymney,1850-1887,LR124517/Images/LR-1175710_v1602_M_00056.jpg","20-Rhymney,1850-1887,LR124517/Images/LR-1175710_v1602_M_00056.jpg",753292,cf76fc0bf2f78de09f882d35ccff19d3,35f78972183276d8c3d65adbfad415763467c239,,,already-present-matching
membership-image,"resources/source-cds/20-Rhymney,1850-1887,LR124517/Images/LR-1175710_v1602_M_00057.jpg","20-Rhymney,1850-1887,LR124517/Images/LR-1175710_v1602_M_00057.jpg",692290,97edb2f295f752f1254e70c51e1a1ac8,9b2fc198b95df47bce3bc422fd3d51806bba0cd5,,,already-present-matching
membership-image,"resources/source-cds/20-Rhymney,1850-1887,LR124517/Images/LR-1175710_v1602_M_00058.jpg","20-Rhymney,1850-1887,LR124517/Images/LR-1175710_v1602_M_00058.jpg",767410,d4e0c7a3e139faf9a85de363eb9e6c37,29067c83ad2cbb9d3ab7caa9ccb60a2490e83c80,,,already-present-matching
membership-image,"resources/source-cds/20-Rhymney,1850-1887,LR124517/Images/LR-1175710_v1602_M_00059.jpg","20-Rhymney,1850-1887,LR124517/Images/LR-1175710_v1602_M_00059.jpg",692434,ff5773068f93a91b7e08e01d2d485199,47fb04997cbdeb3643901e49fcc4109e545d3ca9,,,already-present-matching
membership-image,"resources/source-cds/20-Rhymney,1850-1887,LR124517/Images/LR-1175710_v1602_M_00060.jpg","20-Rhymney,1850-1887,LR124517/Images/LR-1175710_v1602_M_00060.jpg",770955,cee965c4626b86f2b574cc4f211e6ea3,75c62c3cf3c3c8c4b97ae93fa8ab1647babfcce0,,,already-present-matching
membership-image,"resources/source-cds/20-Rhymney,1850-1887,LR124517/Images/LR-1175710_v1602_M_00061.jpg","20-Rhymney,1850-1887,LR124517/Images/LR-1175710_v1602_M_00061.jpg",690645,3c4d631800b85d23d36ed94150c0f7a6,80e08c730bd8b4daa8fda375e676e1532611b643,,,already-present-matching
membership-image,"resources/source-cds/20-Rhymney,1850-1887,LR124517/Images/LR-1175710_v1602_M_00062.jpg","20-Rhymney,1850-1887,LR124517/Images/LR-1175710_v1602_M_00062.jpg",848800,610a01a59e9f9fad1b1c8e39647a6a73,ca87bc1fa849541291acc3419ab1d0997ed19a9b,,,already-present-matching
membership-image,"resources/source-cds/20-Rhymney,1850-1887,LR124517/Images/LR-1175710_v1602_M_00063.jpg","20-Rhymney,1850-1887,LR124517/Images/LR-1175710_v1602_M_00063.jpg",745919,deacffc197198917caae980a763fe586,25a2b30d1400bcbb1684c01a196e8241f752970c,,,already-present-matching
membership-image,"resources/source-cds/20-Rhymney,1850-1887,LR124517/Images/LR-1175710_v1602_M_00064.jpg","20-Rhymney,1850-1887,LR124517/Images/LR-1175710_v1602_M_00064.jpg",742695,38db78c25339cc5b503913a6a30e08d2,c20159bbbb8907102131dc8e7d97d2344e235ff3,,,already-present-matching
membership-image,"resources/source-cds/20-Rhymney,1850-1887,LR124517/Images/LR-1175710_v1602_M_00065.jpg","20-Rhymney,1850-1887,LR124517/Images/LR-1175710_v1602_M_00065.jpg",732433,566803358202af0644f111957a70b59c,2580f2b6684101b4fe2b8c2300cc9a1d791dbb61,,,already-present-matching
membership-image,"resources/source-cds/20-Rhymney,1850-1887,LR124517/Images/LR-1175710_v1602_M_00066.jpg","20-Rhymney,1850-1887,LR124517/Images/LR-1175710_v1602_M_00066.jpg",637015,c17b6b632a9b05f7b576cea1220c5e75,3a3ebde624d6b49c80295e100cea85513f1c834f,,,already-present-matching
membership-image,"resources/source-cds/20-Rhymney,1850-1887,LR124517/Images/LR-1175710_v1602_M_00067.jpg","20-Rhymney,1850-1887,LR124517/Images/LR-1175710_v1602_M_00067.jpg",697655,59d251c495a7c55e7caa0a72a282872e,95918f8bbfc006c342e03acb0b5db7d9d36e532e,,,already-present-matching
membership-image,"resources/source-cds/20-Rhymney,1850-1887,LR124517/Images/LR-1175710_v1602_M_00068.jpg","20-Rhymney,1850-1887,LR124517/Images/LR-1175710_v1602_M_00068.jpg",588049,d81b41513a63da58ae741ac2148db86f,0315b6aa6baa406e98abdbfd44bbc43e83df66e5,,,already-present-matching
membership-image,"resources/source-cds/20-Rhymney,1850-1887,LR124517/Images/LR-1175710_v1602_M_00069.jpg","20-Rhymney,1850-1887,LR124517/Images/LR-1175710_v1602_M_00069.jpg",661530,e387dc21049aff7d928f79e46ca20c1d,23f1be74df93564c1d30986e836313042cf97af5,,,already-present-matching
membership-image,"resources/source-cds/20-Rhymney,1850-1887,LR124517/Images/LR-1175710_v1602_M_00070.jpg","20-Rhymney,1850-1887,LR124517/Images/LR-1175710_v1602_M_00070.jpg",592971,4e597f9ee63cde076de797c62148f7ef,41332e45b00d03b97124962b74d6c1d6049b3876,,,already-present-matching
membership-image,"resources/source-cds/20-Rhymney,1850-1887,LR124517/Images/LR-1175710_v1602_M_00071.jpg","20-Rhymney,1850-1887,LR124517/Images/LR-1175710_v1602_M_00071.jpg",796298,cec3319fa7217ebc37050c93b8ca4f21,8d72cdd1d91ce2c0ed38aba3e8a279950039fc1f,,,already-present-matching
membership-image,"resources/source-cds/20-Rhymney,1850-1887,LR124517/Images/LR-1175710_v1602_M_00072.jpg","20-Rhymney,1850-1887,LR124517/Images/LR-1175710_v1602_M_00072.jpg",629541,327bbd173780c68830757ca5f636c3cf,5ef7a950ae8e75ff2798898201d6260fc63f7b0c,,,already-present-matching
membership-image,"resources/source-cds/20-Rhymney,1850-1887,LR124517/Images/LR-1175710_v1602_M_00073.jpg","20-Rhymney,1850-1887,LR124517/Images/LR-1175710_v1602_M_00073.jpg",695261,c90372c9d702048fdbf20041d2b14a80,8ce38fd8942e7722fc0ec9f330eda03ff90bdc31,,,already-present-matching
membership-image,"resources/source-cds/20-Rhymney,1850-1887,LR124517/Images/LR-1175710_v1602_M_00074.jpg","20-Rhymney,1850-1887,LR124517/Images/LR-1175710_v1602_M_00074.jpg",897263,b4b8bacb1b81532db7c9a7f9fcdf5862,40851a58cd972f07de98685e307dba1f0f45bc74,,,already-present-matching
membership-image,"resources/source-cds/20-Rhymney,1850-1887,LR124517/Images/LR-1175710_v1602_M_00075.jpg","20-Rhymney,1850-1887,LR124517/Images/LR-1175710_v1602_M_00075.jpg",613666,662ee1813767aae647001df25cd01baa,620ca202840cb340525c0c6cb29a6580a9eeeb27,,,already-present-matching
membership-image,"resources/source-cds/20-Rhymney,1850-1887,LR124517/Images/LR-1175710_v1602_M_00076.jpg","20-Rhymney,1850-1887,LR124517/Images/LR-1175710_v1602_M_00076.jpg",717393,d71c649901eda3dbb4aacd4a6c1afa77,fd0fbbcccf7e08740df477bd3905fe62c8ce43b2,,,already-present-matching
membership-image,"resources/source-cds/20-Rhymney,1850-1887,LR124517/Images/LR-1175710_v1602_M_00077.jpg","20-Rhymney,1850-1887,LR124517/Images/LR-1175710_v1602_M_00077.jpg",585808,4c1b1b9668235ece1b96950e1f1f3885,e170ba484dfe366fb8ba9665b7e1381ee512a23d,,,already-present-matching
membership-image,"resources/source-cds/20-Rhymney,1850-1887,LR124517/Images/LR-1175710_v1602_M_00078.jpg","20-Rhymney,1850-1887,LR124517/Images/LR-1175710_v1602_M_00078.jpg",592611,606f0832a38c850d6a04e09ecae8e1cf,a6ea9b7d1701d184bb38f448ca07799ccb72a491,,,already-present-matching
membership-image,"resources/source-cds/20-Rhymney,1850-1887,LR124517/Images/LR-1175710_v1602_M_00079.jpg","20-Rhymney,1850-1887,LR124517/Images/LR-1175710_v1602_M_00079.jpg",562943,33c8b15844c58d12166e4b9dc5103cd1,fb3ec8f463be04a21244c007725779e32907dd57,,,already-present-matching
membership-image,"resources/source-cds/20-Rhymney,1850-1887,LR124517/Images/LR-1175710_v1602_M_00080.jpg","20-Rhymney,1850-1887,LR124517/Images/LR-1175710_v1602_M_00080.jpg",590914,86b151aa892350fc37974c010fae7e8e,0c5c31f3eb2a9d7278d0e374acaee0a955e42011,,,already-present-matching
membership-image,"resources/source-cds/20-Rhymney,1850-1887,LR124517/Images/LR-1175710_v1602_M_00081.jpg","20-Rhymney,1850-1887,LR124517/Images/LR-1175710_v1602_M_00081.jpg",639695,98ce37b157b41c3190ce3e7186f94c45,5997f5053258ffd5311ab6984afa25279b81ccf6,,,already-present-matching
membership-image,"resources/source-cds/20-Rhymney,1850-1887,LR124517/Images/LR-1175710_v1602_M_00082.jpg","20-Rhymney,1850-1887,LR124517/Images/LR-1175710_v1602_M_00082.jpg",758375,21b74ec19daabf929a2b95c6734b17ca,b11206b81d57347a11bd086f054c43e9b69a323f,,,already-present-matching
membership-image,"resources/source-cds/20-Rhymney,1850-1887,LR124517/Images/LR-1175710_v1602_M_00083.jpg","20-Rhymney,1850-1887,LR124517/Images/LR-1175710_v1602_M_00083.jpg",668979,bf11a83ebd69da2551619875340bb26b,2837da56c16816bb6b68c6f9c326a1288e77c2bb,,,already-present-matching
membership-image,"resources/source-cds/20-Rhymney,1850-1887,LR124517/Images/LR-1175710_v1602_M_00084.jpg","20-Rhymney,1850-1887,LR124517/Images/LR-1175710_v1602_M_00084.jpg",576814,4ec508dcf98720faf8d837f4c8261214,ce6b9635f54ed8be724b26e481fbf4b787abb94e,,,already-present-matching
membership-image,"resources/source-cds/20-Rhymney,1850-1887,LR124517/Images/LR-1175710_v1602_M_00085.jpg","20-Rhymney,1850-1887,LR124517/Images/LR-1175710_v1602_M_00085.jpg",606046,db1ffbec4447c2236d2ce80a470f0a27,b69b229087ccdb46c97ad8ad44851f357dce5047,,,already-present-matching
membership-image,"resources/source-cds/20-Rhymney,1850-1887,LR124517/Images/LR-1175710_v1602_M_00086.jpg","20-Rhymney,1850-1887,LR124517/Images/LR-1175710_v1602_M_00086.jpg",591607,2808fdd0ebc15f27d8815ee5d2142ee2,bcf063a14fce92f08ad23cd2f990b9f6b1d874ae,,,already-present-matching
membership-image,"resources/source-cds/20-Rhymney,1850-1887,LR124517/Images/LR-1175710_v1602_M_00087.jpg","20-Rhymney,1850-1887,LR124517/Images/LR-1175710_v1602_M_00087.jpg",611486,0669fd7e81008d699a7c4df81858a6ef,5f2bcf75f1bde99d051ac4b607ebaa3b72a61b6e,,,already-present-matching
membership-image,"resources/source-cds/20-Rhymney,1850-1887,LR124517/Images/LR-1175710_v1602_M_00088.jpg","20-Rhymney,1850-1887,LR124517/Images/LR-1175710_v1602_M_00088.jpg",583578,039aaceb9f5bb9d44fb4a089d4e9ab3d,0e410654c4357e47b474c97a3432929710575736,,,already-present-matching
membership-image,"resources/source-cds/20-Rhymney,1850-1887,LR124517/Images/LR-1175710_v1602_M_00089.jpg","20-Rhymney,1850-1887,LR124517/Images/LR-1175710_v1602_M_00089.jpg",593479,3b0e5689be1526e4e637d7a31ae58112,5d56f7000255450e414ac48e7a0583ea80370426,,,already-present-matching
membership-image,"resources/source-cds/20-Rhymney,1850-1887,LR124517/Images/LR-1175710_v1602_M_00090.jpg","20-Rhymney,1850-1887,LR124517/Images/LR-1175710_v1602_M_00090.jpg",565555,bdb090ab4cdbd2be6b9503b5d3a085b1,87368832b1da7e3d6e669bf7db33f36e07380043,,,already-present-matching
membership-image,"resources/source-cds/20-Rhymney,1850-1887,LR124517/Images/LR-1175710_v1602_M_00091.jpg","20-Rhymney,1850-1887,LR124517/Images/LR-1175710_v1602_M_00091.jpg",571367,f4d8dc5289bfc01c6e0f1a4c06a774c7,1d5f366206165d704ff8f99c23ac3609854125ec,,,already-present-matching
membership-image,"resources/source-cds/20-Rhymney,1850-1887,LR124517/Images/LR-1175710_v1602_M_00092.jpg","20-Rhymney,1850-1887,LR124517/Images/LR-1175710_v1602_M_00092.jpg",592291,b0470df0361f0004a7256e185334bdcc,6579c8f06d5603bef3867e343ebd8abc9af16253,,,already-present-matching
membership-image,"resources/source-cds/20-Rhymney,1850-1887,LR124517/Images/LR-1175710_v1602_M_00093.jpg","20-Rhymney,1850-1887,LR124517/Images/LR-1175710_v1602_M_00093.jpg",572955,a39169f9b581f88ba8c98da5e197fad2,ff16a6747ce5ec9052713d6f41691ab4c0bbefc5,,,already-present-matching
membership-image,"resources/source-cds/20-Rhymney,1850-1887,LR124517/Images/LR-1175710_v1602_M_00094.jpg","20-Rhymney,1850-1887,LR124517/Images/LR-1175710_v1602_M_00094.jpg",917612,32b5bba37abcd0187ef1951668de6e1a,a5dfa119b58e9c7ba49db1dcb3a719d942e6b892,,,already-present-matching
membership-image,"resources/source-cds/20-Rhymney,1850-1887,LR124517/Images/LR-1175710_v1602_M_00095.jpg","20-Rhymney,1850-1887,LR124517/Images/LR-1175710_v1602_M_00095.jpg",611879,2cf104baa00b2015f861eb53d7779266,b9da60df7c7f75219b177b657d5f31aa40a93216,,,already-present-matching
membership-image,"resources/source-cds/20-Rhymney,1850-1887,LR124517/Images/LR-1175710_v1602_M_00096.jpg","20-Rhymney,1850-1887,LR124517/Images/LR-1175710_v1602_M_00096.jpg",1441180,21407c139573a40dcf5200e10fc60f3b,50e4676ade0067e9762c9c87f727f5329ab6e72e,,,already-present-matching
membership-image,"resources/source-cds/20-Rhymney,1850-1887,LR124517/Images/LR-1175710_v1602_M_00097.jpg","20-Rhymney,1850-1887,LR124517/Images/LR-1175710_v1602_M_00097.jpg",1478601,6eb360c196a5c647f06ed7cc91037a23,e62a2a8a81e07dc92801f7d4c89bbdbbc248016b,,,already-present-matching
membership-image,"resources/source-cds/20-Rhymney,1850-1887,LR124517/Images/LR-1175710_v1602_M_00098.jpg","20-Rhymney,1850-1887,LR124517/Images/LR-1175710_v1602_M_00098.jpg",440226,62e8f3d2d6a6ebdff9153044b6786b2c,1a6e3232bab6b1adc6d32029bdd9bd0602bf3083,,,already-present-matching
membership-image,"resources/source-cds/21-Cardiff,1847-1876,LR14167/Images/848__M_00101.jpg","21-Cardiff,1847-1876,LR14167/Images/848__M_00101.jpg",668415,5fc4d6d0d5e080258ff97763efebe66b,85a59789659123b5aea463ac98ccfff1aaa62812,,,already-present-matching
membership-image,"resources/source-cds/21-Cardiff,1847-1876,LR14167/Images/848__M_00102.jpg","21-Cardiff,1847-1876,LR14167/Images/848__M_00102.jpg",779560,e17c09cec73775e3053f73920a88acf9,aea538fcb6076ad16159d8b64d9f09d3e2c280b3,,,already-present-matching
membership-image,"resources/source-cds/21-Cardiff,1847-1876,LR14167/Images/848__M_00103.jpg","21-Cardiff,1847-1876,LR14167/Images/848__M_00103.jpg",677899,56e058e1fe57a1feecfd9ed41e42201e,a2461de7b5c5ca8ebc0ce33b340b83e36d7bfa9a,,,already-present-matching
membership-image,"resources/source-cds/21-Cardiff,1847-1876,LR14167/Images/848__M_00104.jpg","21-Cardiff,1847-1876,LR14167/Images/848__M_00104.jpg",776201,1b5048afbae4c2f056fd094ef7c94e1f,ebfdde3ae90b6e41d64520a19ff00cc85f2491a0,,,already-present-matching
membership-image,"resources/source-cds/21-Cardiff,1847-1876,LR14167/Images/848__M_00105.jpg","21-Cardiff,1847-1876,LR14167/Images/848__M_00105.jpg",708897,df44fcfb87581d0343d89d56243682cf,fc76e33a71bc497f771330076e8f0058a863ada3,,,already-present-matching
membership-image,"resources/source-cds/21-Cardiff,1847-1876,LR14167/Images/848__M_00106.jpg","21-Cardiff,1847-1876,LR14167/Images/848__M_00106.jpg",765619,5a2f6d38d3af9b6695c0f93ab2a02262,f9b2efd85609b3b3ff5ce87090416d5f715ffdba,,,already-present-matching
membership-image,"resources/source-cds/21-Cardiff,1847-1876,LR14167/Images/848__M_00107.jpg","21-Cardiff,1847-1876,LR14167/Images/848__M_00107.jpg",688753,bcf5d75b252b73843551516ffabd754e,2af79cf3694e15125b3e40636ab923b56884f70f,,,already-present-matching
membership-image,"resources/source-cds/21-Cardiff,1847-1876,LR14167/Images/848__M_00108.jpg","21-Cardiff,1847-1876,LR14167/Images/848__M_00108.jpg",762786,24333b9114dc7e863090e558b9c21c3e,3a04ec265c1ee5b270bf0b733a0c2cedfdabcd96,,,already-present-matching
membership-image,"resources/source-cds/21-Cardiff,1847-1876,LR14167/Images/848__M_00109.jpg","21-Cardiff,1847-1876,LR14167/Images/848__M_00109.jpg",688524,c73ffdc1b950346e32b362f75f5e5589,d7afc34551830306da93bad3d3a7596441431b5b,,,already-present-matching
membership-image,"resources/source-cds/21-Cardiff,1847-1876,LR14167/Images/848__M_00110.jpg","21-Cardiff,1847-1876,LR14167/Images/848__M_00110.jpg",774837,4377e195b6f08e35128a2ac274de0a48,0b2f003ae8098d354e3ff04362313b6e72e197bb,,,already-present-matching
membership-image,"resources/source-cds/21-Cardiff,1847-1876,LR14167/Images/848__M_00111.jpg","21-Cardiff,1847-1876,LR14167/Images/848__M_00111.jpg",676889,dd2de135ebfa16d5dbe3f264edee6f53,c5353d8392675360fb2179ae6757b2c44f9530a4,,,already-present-matching
membership-image,"resources/source-cds/21-Cardiff,1847-1876,LR14167/Images/848__M_00112.jpg","21-Cardiff,1847-1876,LR14167/Images/848__M_00112.jpg",743368,45c8f2f7703145d3d18620412db601da,93317a0e698d354a1f9149819b1713699582ec6a,,,already-present-matching
membership-image,"resources/source-cds/21-Cardiff,1847-1876,LR14167/Images/848__M_00113.jpg","21-Cardiff,1847-1876,LR14167/Images/848__M_00113.jpg",670684,8b81bc043c9edd99ef5deb5dcd53620b,f89a969f64c37b1d54d003354c3c908d4b8961c2,,,already-present-matching
membership-image,"resources/source-cds/21-Cardiff,1847-1876,LR14167/Images/848__M_00114.jpg","21-Cardiff,1847-1876,LR14167/Images/848__M_00114.jpg",772613,ea54c26e9a92b5f97008d8b43a869543,6d8e335102631a0296b6c6b5670ccf4385732bbb,,,already-present-matching
membership-image,"resources/source-cds/21-Cardiff,1847-1876,LR14167/Images/848__M_00115.jpg","21-Cardiff,1847-1876,LR14167/Images/848__M_00115.jpg",712705,4be60d9b463858893afdf78dfa43ce30,8f008ea0ea119c9ef283038ea37740a350e84125,,,already-present-matching
membership-image,"resources/source-cds/21-Cardiff,1847-1876,LR14167/Images/848__M_00116.jpg","21-Cardiff,1847-1876,LR14167/Images/848__M_00116.jpg",740847,b197eb74f4d764c2af2a28b318199e31,70db95f98071a3ef36edb5f36c5ab1dcf06d2fac,,,already-present-matching
membership-image,"resources/source-cds/21-Cardiff,1847-1876,LR14167/Images/848__M_00117.jpg","21-Cardiff,1847-1876,LR14167/Images/848__M_00117.jpg",731693,0843b3d27e5601018b15f68ae082d061,e038ef9314a9b3bbbcd0738bf97095019368407a,,,already-present-matching
membership-image,"resources/source-cds/21-Cardiff,1847-1876,LR14167/Images/848__M_00118.jpg","21-Cardiff,1847-1876,LR14167/Images/848__M_00118.jpg",735415,c13dac927752e5708400c8e9f4930fd2,b00d830daaa49b407a55fac895def33e55ef14a5,,,already-present-matching
membership-image,"resources/source-cds/21-Cardiff,1847-1876,LR14167/Images/848__M_00119.jpg","21-Cardiff,1847-1876,LR14167/Images/848__M_00119.jpg",697470,956227d89d87fceebf101b5ad230dbe0,27c632e77e16bb99e740c089fe99f89022f49084,,,already-present-matching
membership-image,"resources/source-cds/21-Cardiff,1847-1876,LR14167/Images/848__M_00120.jpg","21-Cardiff,1847-1876,LR14167/Images/848__M_00120.jpg",771150,2263aa9aa9c959c8506bcadd377adcc6,2d5602cdc66cc167c9198b75cf5a69438da1e087,,,already-present-matching
membership-image,"resources/source-cds/21-Cardiff,1847-1876,LR14167/Images/848__M_00121.jpg","21-Cardiff,1847-1876,LR14167/Images/848__M_00121.jpg",679461,e889b68522450fb7d2cc5b340b9293d0,6465b3898c1b7362f846442d8860fdcbc396b51e,,,already-present-matching
membership-image,"resources/source-cds/21-Cardiff,1847-1876,LR14167/Images/848__M_00122.jpg","21-Cardiff,1847-1876,LR14167/Images/848__M_00122.jpg",776663,2c540ed33079b65fde2ea8c433dbfddb,a87d801e0b82ef0acc3deb42a9ba23403225ac1b,,,already-present-matching
membership-image,"resources/source-cds/21-Cardiff,1847-1876,LR14167/Images/848__M_00123.jpg","21-Cardiff,1847-1876,LR14167/Images/848__M_00123.jpg",723805,ea916250cf5cf54f14f90e8d539a6c7d,d892b6670018a0e97cff123244c9a9793164f111,,,already-present-matching
membership-image,"resources/source-cds/21-Cardiff,1847-1876,LR14167/Images/848__M_00124.jpg","21-Cardiff,1847-1876,LR14167/Images/848__M_00124.jpg",758183,f9fb2fb74f16af9b876f3576c732fa45,1705361faf469f500ae128ca65b699e59249c64d,,,already-present-matching
membership-image,"resources/source-cds/21-Cardiff,1847-1876,LR14167/Images/848__M_00125.jpg","21-Cardiff,1847-1876,LR14167/Images/848__M_00125.jpg",715290,d44be2233b85ee9427204712f3f2e9c7,4b4b6c09c5555f49d06ae865d90f4c38b5352ba9,,,already-present-matching
membership-image,"resources/source-cds/21-Cardiff,1847-1876,LR14167/Images/848__M_00126.jpg","21-Cardiff,1847-1876,LR14167/Images/848__M_00126.jpg",765353,d48ac57802bb437f2432b247f48b3c7f,117493a3ac814d7589413274f80c68a13447cf13,,,already-present-matching
membership-image,"resources/source-cds/21-Cardiff,1847-1876,LR14167/Images/848__M_00127.jpg","21-Cardiff,1847-1876,LR14167/Images/848__M_00127.jpg",719105,b556df00232558ff2c5d1a9e3227dafc,69ea17b3170a18ee88b1ffa9df4752beec8b2389,,,already-present-matching
membership-image,"resources/source-cds/21-Cardiff,1847-1876,LR14167/Images/848__M_00128.jpg","21-Cardiff,1847-1876,LR14167/Images/848__M_00128.jpg",772523,2e0a3247e078a765e81761f6e4526a5c,f4b08297bc80971598a2ac688e56d166b48e28c4,,,already-present-matching
membership-image,"resources/source-cds/21-Cardiff,1847-1876,LR14167/Images/848__M_00129.jpg","21-Cardiff,1847-1876,LR14167/Images/848__M_00129.jpg",714411,f8abf2f04464b8e85e37d8b55fe6ec6a,bb2bf146a28023da9b11b3069bba10412b5a8da0,,,already-present-matching
membership-image,"resources/source-cds/21-Cardiff,1847-1876,LR14167/Images/848__M_00130.jpg","21-Cardiff,1847-1876,LR14167/Images/848__M_00130.jpg",762407,a3c6f8c25182fa1194004e33e3d2d1cf,93afef17f11d73383d8591698d43d89ddbb961d9,,,already-present-matching
membership-image,"resources/source-cds/21-Cardiff,1847-1876,LR14167/Images/848__M_00131.jpg","21-Cardiff,1847-1876,LR14167/Images/848__M_00131.jpg",688998,2afcd19098359ad972e994816d41d563,a7b273e94d5f8f0cba4a68b6ec43392ddbc9bc35,,,already-present-matching
membership-image,"resources/source-cds/21-Cardiff,1847-1876,LR14167/Images/848__M_00132.jpg","21-Cardiff,1847-1876,LR14167/Images/848__M_00132.jpg",772095,a8aaaa292834b03c71c3ebcab4be467b,47d29a4706437bea1175a17420c2e53325034acb,,,already-present-matching
membership-image,"resources/source-cds/21-Cardiff,1847-1876,LR14167/Images/848__M_00133.jpg","21-Cardiff,1847-1876,LR14167/Images/848__M_00133.jpg",743016,09099f31a78abffc4d9bec7498b00a71,d8345006c19a3a6388097ccc35c21d15180fb575,,,already-present-matching
membership-image,"resources/source-cds/21-Cardiff,1847-1876,LR14167/Images/848__M_00134.jpg","21-Cardiff,1847-1876,LR14167/Images/848__M_00134.jpg",761049,e38a590ded3957a82493e885f9a8adc0,90f52249c6c239160ebcd09290f9eb872413c097,,,already-present-matching
membership-image,"resources/source-cds/21-Cardiff,1847-1876,LR14167/Images/848__M_00135.jpg","21-Cardiff,1847-1876,LR14167/Images/848__M_00135.jpg",754594,8ae4c5673d0aa972069b1a3eccbd52c4,89f4d4e088ef7aa01d235f9c57f6ba9ae02fec36,,,already-present-matching
membership-image,"resources/source-cds/21-Cardiff,1847-1876,LR14167/Images/848__M_00136.jpg","21-Cardiff,1847-1876,LR14167/Images/848__M_00136.jpg",802045,90ce2d33d1aadbc3198fce5eb57e3372,b0f74d5a1dd7c4cd95db05f8b21653ad415d07f6,,,already-present-matching
membership-image,"resources/source-cds/21-Cardiff,1847-1876,LR14167/Images/848__M_00137.jpg","21-Cardiff,1847-1876,LR14167/Images/848__M_00137.jpg",719612,2bb0a5758dadaaa76873b1a2d65aa491,0e510bec27ca21c1639f1cca82f3ee9e5089bc25,,,already-present-matching
membership-image,"resources/source-cds/21-Cardiff,1847-1876,LR14167/Images/848__M_00138.jpg","21-Cardiff,1847-1876,LR14167/Images/848__M_00138.jpg",725110,9d8615228f3a9166eeef868880bd96b5,db283623b4a0fb8a3f8a20dbea321b3a980eb7eb,,,already-present-matching
membership-image,"resources/source-cds/21-Cardiff,1847-1876,LR14167/Images/848__M_00139.jpg","21-Cardiff,1847-1876,LR14167/Images/848__M_00139.jpg",728772,80723a50330891e2f5fba3c5d992c008,e66baa2b7a444113c28eac28d153260dcdd0e604,,,already-present-matching
membership-image,"resources/source-cds/21-Cardiff,1847-1876,LR14167/Images/848__M_00140.jpg","21-Cardiff,1847-1876,LR14167/Images/848__M_00140.jpg",735047,4ebdcbc7f217351a8482436ee7c00e7c,24ba68a63991d547fc939f136ab080d3471831c2,,,already-present-matching
membership-image,"resources/source-cds/21-Cardiff,1847-1876,LR14167/Images/848__M_00141.jpg","21-Cardiff,1847-1876,LR14167/Images/848__M_00141.jpg",748574,b28d205012b451e8733495ac7f705fea,80f57e7f1fc369d6c09a4656de5fa6063e5d78c0,,,already-present-matching
membership-image,"resources/source-cds/21-Cardiff,1847-1876,LR14167/Images/848__M_00142.jpg","21-Cardiff,1847-1876,LR14167/Images/848__M_00142.jpg",755560,5bab42a3ce4f6e5a31c18d7b7cd10992,f3a893bfcebb4a77ca5ca28f892fcf76e63ffc23,,,already-present-matching
membership-image,"resources/source-cds/21-Cardiff,1847-1876,LR14167/Images/848__M_00143.jpg","21-Cardiff,1847-1876,LR14167/Images/848__M_00143.jpg",739551,0a348f5d5323d28cc11a6e61190386ff,33a7ea6dc084bb6c92fe31ee25062b8fbb9e731d,,,already-present-matching
membership-image,"resources/source-cds/21-Cardiff,1847-1876,LR14167/Images/848__M_00144.jpg","21-Cardiff,1847-1876,LR14167/Images/848__M_00144.jpg",757142,891e71e37c27d049917188ca6e2a9b88,3def08ab5146f86b9dabf13f4f64be929f66d59d,,,already-present-matching
membership-image,"resources/source-cds/21-Cardiff,1847-1876,LR14167/Images/848__M_00145.jpg","21-Cardiff,1847-1876,LR14167/Images/848__M_00145.jpg",677587,a23722aa0066c8bfb7911c485f9b3878,7aecfc2742ad7cfd9d8b1105d553495fa2da98b8,,,already-present-matching
membership-image,"resources/source-cds/21-Cardiff,1847-1876,LR14167/Images/848__M_00146.jpg","21-Cardiff,1847-1876,LR14167/Images/848__M_00146.jpg",782040,64f07e245178e215de468af893248a01,b9bf7a75cde52ba938102eec93af1f9bf8489bbb,,,already-present-matching
membership-image,"resources/source-cds/21-Cardiff,1847-1876,LR14167/Images/848__M_00147.jpg","21-Cardiff,1847-1876,LR14167/Images/848__M_00147.jpg",672237,39d7b8514e2d88f287fd0322c406359b,306f814ae77a6267376d9c12937d986d94759453,,,already-present-matching
membership-image,"resources/source-cds/21-Cardiff,1847-1876,LR14167/Images/848__M_00148.jpg","21-Cardiff,1847-1876,LR14167/Images/848__M_00148.jpg",770378,2564082a96fd15952e464d5bf0b514f1,19d587ce46b024ea1177e626ed2ca5ee6e048c9a,,,already-present-matching
membership-image,"resources/source-cds/21-Cardiff,1847-1876,LR14167/Images/848__M_00149.jpg","21-Cardiff,1847-1876,LR14167/Images/848__M_00149.jpg",686787,0aeb1c7cdcefb358140b09ccd96b6bd5,9069134b9b0ec6d15707c428857a94471fd51a9f,,,already-present-matching
membership-image,"resources/source-cds/21-Cardiff,1847-1876,LR14167/Images/848__M_00150.jpg","21-Cardiff,1847-1876,LR14167/Images/848__M_00150.jpg",745553,d6b9d59e31b2c20cf32ffefd1eb3d693,5721ad4099111fd49ae77eddb2155cd5707234d6,,,already-present-matching
membership-image,"resources/source-cds/21-Cardiff,1847-1876,LR14167/Images/848__M_00151.jpg","21-Cardiff,1847-1876,LR14167/Images/848__M_00151.jpg",679553,7056742a0f6b9206be674376673d97c5,c8f5492344693046f84e86636987e3a65ed0fc1d,,,already-present-matching
membership-image,"resources/source-cds/21-Cardiff,1847-1876,LR14167/Images/848__M_00152.jpg","21-Cardiff,1847-1876,LR14167/Images/848__M_00152.jpg",762686,533bd1e73100c614f33a72cca9aa7e8d,a12ed719013816e4b4825a28b4f3aa79b9845991,,,already-present-matching
membership-image,"resources/source-cds/21-Cardiff,1847-1876,LR14167/Images/848__M_00153.jpg","21-Cardiff,1847-1876,LR14167/Images/848__M_00153.jpg",700510,725fd132062d3e194ee1ab2eba7c8bda,2ecad9ebd6d8dd205c112d45cf4ad541497a2dc2,,,already-present-matching
membership-image,"resources/source-cds/21-Cardiff,1847-1876,LR14167/Images/848__M_00154.jpg","21-Cardiff,1847-1876,LR14167/Images/848__M_00154.jpg",800923,f13d7c7d81562593d93c1d59dc2741d3,fe976a0d3e80a626c11307b52e4a57b4a29b10e4,,,already-present-matching
membership-image,"resources/source-cds/21-Cardiff,1847-1876,LR14167/Images/848__M_00155.jpg","21-Cardiff,1847-1876,LR14167/Images/848__M_00155.jpg",677750,273ea3dcf46220f87636616f16d4dfa7,4abb5084a951aecefd4ef9b6efb831099a354a62,,,already-present-matching
membership-image,"resources/source-cds/21-Cardiff,1847-1876,LR14167/Images/848__M_00156.jpg","21-Cardiff,1847-1876,LR14167/Images/848__M_00156.jpg",761271,74cbd0e81839979b76497a010adb69a1,55ec40ea5d84a590c08052eefa281e27b5aabf78,,,already-present-matching
membership-image,"resources/source-cds/21-Cardiff,1847-1876,LR14167/Images/848__M_00157.jpg","21-Cardiff,1847-1876,LR14167/Images/848__M_00157.jpg",679051,66424172611f21c38af1230c33884f7f,aa306fcabfacf4df3a3d77df968d16db4051168f,,,already-present-matching
membership-image,"resources/source-cds/21-Cardiff,1847-1876,LR14167/Images/848__M_00158.jpg","21-Cardiff,1847-1876,LR14167/Images/848__M_00158.jpg",667875,6cac72d1e1bd89278411c339dfc0c3f2,240ee1f92a3926c1b70de5c0142a0b0377e74adc,,,already-present-matching
membership-image,"resources/source-cds/21-Cardiff,1847-1876,LR14167/Images/848__M_00159.jpg","21-Cardiff,1847-1876,LR14167/Images/848__M_00159.jpg",897684,d7645a4a20992a4403fbc420242b38c5,3f79c887ee88f5aee7304197b73094037f7a0cb7,,,already-present-matching
membership-image,"resources/source-cds/21-Cardiff,1847-1876,LR14167/Images/848__M_00160.jpg","21-Cardiff,1847-1876,LR14167/Images/848__M_00160.jpg",848835,82b1f8ad69153a1f5a298e2a925c7e63,fc01555be31c029b8bfde436f06bf06284ed9ce4,,,already-present-matching
membership-image,"resources/source-cds/21-Cardiff,1847-1876,LR14167/Images/848__M_00161.jpg","21-Cardiff,1847-1876,LR14167/Images/848__M_00161.jpg",739888,6d574059049417d372843b2bb3439e0f,a0d707733a0959bd33e1fe7f87afce366484c959,,,already-present-matching
membership-image,"resources/source-cds/21-Cardiff,1847-1876,LR14167/Images/848__M_00162.jpg","21-Cardiff,1847-1876,LR14167/Images/848__M_00162.jpg",698734,a2972ba7865ec2b0d8766731ed8ec451,22a1f6e004d33901214f89d6631b6108ffe9be97,,,already-present-matching
membership-image,"resources/source-cds/21-Cardiff,1847-1876,LR14167/Images/848__M_00163.jpg","21-Cardiff,1847-1876,LR14167/Images/848__M_00163.jpg",605129,7b4b1c8950163d38cea1aef767b3d68d,9087fc056c8a64f90eac167474981738e1691909,,,already-present-matching
membership-image,"resources/source-cds/21-Cardiff,1847-1876,LR14167/Images/848__M_00164.jpg","21-Cardiff,1847-1876,LR14167/Images/848__M_00164.jpg",530563,7f971e1e865e1e0ebcd1372e3985e85f,f78e8d703ab312bd1377f258c679910e0595500d,,,already-present-matching
membership-image,"resources/source-cds/21-Cardiff,1847-1876,LR14167/Images/848__M_00165.jpg","21-Cardiff,1847-1876,LR14167/Images/848__M_00165.jpg",531000,82653c5278f38069af45669e11744117,258cf3d44305490bb542f6e2a3869d8f83241748,,,already-present-matching
membership-image,"resources/source-cds/21-Cardiff,1847-1876,LR14167/Images/848__M_00166.jpg","21-Cardiff,1847-1876,LR14167/Images/848__M_00166.jpg",1305573,61bedfef99a56516779f3de624e9c7b1,338eccd91a5710333274831977ca207b77036a17,,,already-present-matching
membership-image,"resources/source-cds/21-Cardiff,1847-1876,LR14167/Images/848__M_00167.jpg","21-Cardiff,1847-1876,LR14167/Images/848__M_00167.jpg",256560,6637a3a1d1cbb17502db7e1592b047d9,63f9b5f78ce357f56a8fde7c329ee605a583d190,,,already-present-matching
membership-image,"resources/source-cds/21-Cardiff,1847-1876,LR14167/Images/848__M_00168.jpg","21-Cardiff,1847-1876,LR14167/Images/848__M_00168.jpg",584420,936d3180977e66ffb33f29e46cce29d7,d9f9cdbe5415ab78141f3919a507a59896cfe160,,,already-present-matching
membership-image,"resources/source-cds/21-Cardiff,1847-1876,LR14167/Images/850__M_00001.jpg","21-Cardiff,1847-1876,LR14167/Images/850__M_00001.jpg",487206,68aeb4d0489c2ca79695366f1d6b4de3,8a66e1073b056ec1adc888011d8319d36825291d,,,already-present-matching
membership-image,"resources/source-cds/21-Cardiff,1847-1876,LR14167/Images/850__M_00002.jpg","21-Cardiff,1847-1876,LR14167/Images/850__M_00002.jpg",1338734,8dfb5ece843aa736aff1c0fa9ededb6d,bb316515b5e87fa95c0d5b7f71967887637d6dd9,,,already-present-matching
membership-image,"resources/source-cds/21-Cardiff,1847-1876,LR14167/Images/850__M_00003.jpg","21-Cardiff,1847-1876,LR14167/Images/850__M_00003.jpg",1337971,fe272ddadc34ee1a613bb6c91b720950,0ce30b789154d54dabd0db55edcd7d02ae151aa5,,,already-present-matching
membership-image,"resources/source-cds/21-Cardiff,1847-1876,LR14167/Images/850__M_00004.jpg","21-Cardiff,1847-1876,LR14167/Images/850__M_00004.jpg",697510,c9b9bdd222a7aef9b362efbde22e1afe,6e643fd77116965aa17451ddf7fe114bdc8b5462,,,already-present-matching
membership-image,"resources/source-cds/21-Cardiff,1847-1876,LR14167/Images/850__M_00005.jpg","21-Cardiff,1847-1876,LR14167/Images/850__M_00005.jpg",761288,ea04c3996e4b7ada93c98a3a75cb1957,2f5a7b36c04b60f21da29e9e57ef3693ff2a14a9,,,already-present-matching
membership-image,"resources/source-cds/21-Cardiff,1847-1876,LR14167/Images/850__M_00006.jpg","21-Cardiff,1847-1876,LR14167/Images/850__M_00006.jpg",639369,e3686c6fce67e32e549ed0b71bf60657,03b2fe27940468083df100d34f89a26661df788d,,,already-present-matching
membership-image,"resources/source-cds/21-Cardiff,1847-1876,LR14167/Images/850__M_00007.jpg","21-Cardiff,1847-1876,LR14167/Images/850__M_00007.jpg",912337,cb908d0ea2087d4fb114c54ea49b1b6c,6a960c687af0848449d98eb2de723a1b88fb903f,,,already-present-matching
membership-image,"resources/source-cds/21-Cardiff,1847-1876,LR14167/Images/850__M_00008.jpg","21-Cardiff,1847-1876,LR14167/Images/850__M_00008.jpg",675807,742997f0eee30d723e67582bdd8f1e6d,0f9ae96000062f2895ccc68c8531d55b72fc8f4e,,,already-present-matching
membership-image,"resources/source-cds/21-Cardiff,1847-1876,LR14167/Images/850__M_00009.jpg","21-Cardiff,1847-1876,LR14167/Images/850__M_00009.jpg",635144,1ff16799f601388b719fed77a8fe4a17,c4f7b8cdf315a6a4dbf2bd4cd6184644c98a294e,,,already-present-matching
membership-image,"resources/source-cds/21-Cardiff,1847-1876,LR14167/Images/850__M_00010.jpg","21-Cardiff,1847-1876,LR14167/Images/850__M_00010.jpg",926516,3a2727aa932c42e569b78d5fc916a136,a742373ea7a50c764f0c88a6cfd21b793204448d,,,already-present-matching
membership-image,"resources/source-cds/21-Cardiff,1847-1876,LR14167/Images/850__M_00011.jpg","21-Cardiff,1847-1876,LR14167/Images/850__M_00011.jpg",914383,0ba0251da78e8b34011259fd6e7ef7ce,1aa1eee69f44fd7de4d2decd2b5390e9ce33b83e,,,already-present-matching
membership-image,"resources/source-cds/21-Cardiff,1847-1876,LR14167/Images/850__M_00012.jpg","21-Cardiff,1847-1876,LR14167/Images/850__M_00012.jpg",688797,c2f0f708401e156c261962888ca46947,67b955cbe610c4c09ec69d34aab555d306b3257b,,,already-present-matching
membership-image,"resources/source-cds/21-Cardiff,1847-1876,LR14167/Images/850__M_00013.jpg","21-Cardiff,1847-1876,LR14167/Images/850__M_00013.jpg",661499,cb6f28342d8660a1b0c0ee0a3ff7e809,9657a509aab459256fc27287d5f9ab18fd0a4bab,,,already-present-matching
membership-image,"resources/source-cds/21-Cardiff,1847-1876,LR14167/Images/850__M_00014.jpg","21-Cardiff,1847-1876,LR14167/Images/850__M_00014.jpg",676897,7509d8ca81910973d31adfd10fb0cbb6,31b95db7be0b6413aff05000737d0ecef3bb56d9,,,already-present-matching
membership-image,"resources/source-cds/21-Cardiff,1847-1876,LR14167/Images/850__M_00015.jpg","21-Cardiff,1847-1876,LR14167/Images/850__M_00015.jpg",694518,df42a33960316fa2730c92a90004eced,587610b3a73f890488d7f8d122d80936bb562557,,,already-present-matching
membership-image,"resources/source-cds/21-Cardiff,1847-1876,LR14167/Images/850__M_00016.jpg","21-Cardiff,1847-1876,LR14167/Images/850__M_00016.jpg",670451,1363efbf292a1b135e0cf08f0fcbc901,4c6f31009e7a60f31ba1bfb3277ef1c92b497df6,,,already-present-matching
membership-image,"resources/source-cds/21-Cardiff,1847-1876,LR14167/Images/850__M_00017.jpg","21-Cardiff,1847-1876,LR14167/Images/850__M_00017.jpg",676506,48d8f835b27dd1d6007868acf9f7a2d6,4a1166dfc448691a823d888a403573a235f11874,,,already-present-matching
membership-image,"resources/source-cds/21-Cardiff,1847-1876,LR14167/Images/850__M_00018.jpg","21-Cardiff,1847-1876,LR14167/Images/850__M_00018.jpg",686124,ea0f117572a80518dd7c86d0c20192fe,8e52b28736cd9e5707a097c1dba7de8767446826,,,already-present-matching
membership-image,"resources/source-cds/21-Cardiff,1847-1876,LR14167/Images/850__M_00019.jpg","21-Cardiff,1847-1876,LR14167/Images/850__M_00019.jpg",727668,cfb88ef303ac30b0dd3a1a5cfb786d70,89f27573f9d7578bfbc3b9d9ef016d29a0b20964,,,already-present-matching
membership-image,"resources/source-cds/21-Cardiff,1847-1876,LR14167/Images/850__M_00020.jpg","21-Cardiff,1847-1876,LR14167/Images/850__M_00020.jpg",691512,1ed1141035da5329ad781c01ed3583ac,0c0c69b8c5ed94788e9328fd63e85fdc244569a1,,,already-present-matching
membership-image,"resources/source-cds/21-Cardiff,1847-1876,LR14167/Images/850__M_00021.jpg","21-Cardiff,1847-1876,LR14167/Images/850__M_00021.jpg",750990,9766ec63993907a3b1705df6e8b8bf4f,ca17e6efcee9f165399bb693b7ff72765caedd9f,,,already-present-matching
membership-image,"resources/source-cds/21-Cardiff,1847-1876,LR14167/Images/850__M_00022.jpg","21-Cardiff,1847-1876,LR14167/Images/850__M_00022.jpg",845934,bb9988be72ee725c7dbf48b3daef7f9e,09c7dd348969c54698e75faffefaf5d14f62ecfd,,,already-present-matching
membership-image,"resources/source-cds/21-Cardiff,1847-1876,LR14167/Images/850__M_00023.jpg","21-Cardiff,1847-1876,LR14167/Images/850__M_00023.jpg",756621,f0e2261c4ceb4776a65045322eeec27c,b191ff7d451d54c42e91b10ca6e5d4dc7b2171c4,,,already-present-matching
membership-image,"resources/source-cds/21-Cardiff,1847-1876,LR14167/Images/850__M_00024.jpg","21-Cardiff,1847-1876,LR14167/Images/850__M_00024.jpg",816392,b32f2b53602cc8c03b1ce88bdc3cfdc5,b41eb3fcef6e3e85efd6b1e56d313b7c94b9871f,,,already-present-matching
membership-image,"resources/source-cds/21-Cardiff,1847-1876,LR14167/Images/850__M_00025.jpg","21-Cardiff,1847-1876,LR14167/Images/850__M_00025.jpg",717963,3760711e3c93485da1a887f048121d5e,3fc84dca988729bd8e6dfbe4001a1286315ef3c4,,,already-present-matching
membership-image,"resources/source-cds/21-Cardiff,1847-1876,LR14167/Images/850__M_00026.jpg","21-Cardiff,1847-1876,LR14167/Images/850__M_00026.jpg",847617,fa649c5a1ed6de6affa2e4055a913ba5,9742e10bf7fb69e725fbe1870f780fc9606ac386,,,already-present-matching
membership-image,"resources/source-cds/21-Cardiff,1847-1876,LR14167/Images/850__M_00027.jpg","21-Cardiff,1847-1876,LR14167/Images/850__M_00027.jpg",715092,82995ebb58183d2b0de96713e76fbb62,967b8ac1f822e98d6d04ac263419f3af3ae9337d,,,already-present-matching
membership-image,"resources/source-cds/21-Cardiff,1847-1876,LR14167/Images/850__M_00028.jpg","21-Cardiff,1847-1876,LR14167/Images/850__M_00028.jpg",837476,ba4520ac326c556a7df56ce3de3b7d11,36bbcc0c31b9dc13310b504a09f3a06955104719,,,already-present-matching
membership-image,"resources/source-cds/21-Cardiff,1847-1876,LR14167/Images/850__M_00029.jpg","21-Cardiff,1847-1876,LR14167/Images/850__M_00029.jpg",721028,6a65954049f354b9aee5dd40d4ecb2ca,bfc2084208bfcd804038420d07bea5bf9fd0429c,,,already-present-matching
membership-image,"resources/source-cds/21-Cardiff,1847-1876,LR14167/Images/850__M_00030.jpg","21-Cardiff,1847-1876,LR14167/Images/850__M_00030.jpg",840870,41000159632545e61cad6674fe9238ca,f0d052d820dae1a0c8a951b538fb2598e0755f7b,,,already-present-matching
membership-image,"resources/source-cds/21-Cardiff,1847-1876,LR14167/Images/850__M_00031.jpg","21-Cardiff,1847-1876,LR14167/Images/850__M_00031.jpg",763185,a80626eba6af4c6168ae7c809665b6e6,b69892cb4900c1a4f0d5e13630772fd4aa6bfd8b,,,already-present-matching
membership-image,"resources/source-cds/21-Cardiff,1847-1876,LR14167/Images/850__M_00032.jpg","21-Cardiff,1847-1876,LR14167/Images/850__M_00032.jpg",751926,641fffc86cd56b8627b38d8eef7d3871,705c1a3a1097a59608a8ffcde32a558d5613f184,,,already-present-matching
membership-image,"resources/source-cds/21-Cardiff,1847-1876,LR14167/Images/850__M_00033.jpg","21-Cardiff,1847-1876,LR14167/Images/850__M_00033.jpg",748782,aad87131e4b3d08ab8462be18b711c38,72fb97a85f08a2491d8ca62bb86491c1680fefeb,,,already-present-matching
membership-image,"resources/source-cds/21-Cardiff,1847-1876,LR14167/Images/850__M_00034.jpg","21-Cardiff,1847-1876,LR14167/Images/850__M_00034.jpg",744510,49a3636f8e515f8df44908d96bc0640f,67555d212aba4f117214c3da3c9f4df2384f6392,,,already-present-matching
membership-image,"resources/source-cds/21-Cardiff,1847-1876,LR14167/Images/850__M_00035.jpg","21-Cardiff,1847-1876,LR14167/Images/850__M_00035.jpg",737587,fa290ef0df5b709b156534b834a216b2,62f7f54bc8408bf83090ceda692319852ed63c35,,,already-present-matching
membership-image,"resources/source-cds/21-Cardiff,1847-1876,LR14167/Images/850__M_00036.jpg","21-Cardiff,1847-1876,LR14167/Images/850__M_00036.jpg",856848,8c9f96200f8f912d962b3e56d4510f62,b40726f50fb436e5bcbf64a0b4b2aa2d2e6a0a26,,,already-present-matching
membership-image,"resources/source-cds/21-Cardiff,1847-1876,LR14167/Images/850__M_00037.jpg","21-Cardiff,1847-1876,LR14167/Images/850__M_00037.jpg",749653,f58037926edc9a61689b6294ed1bf5fd,213b9cc67e40453a0c279a04c20fb9e04e5b5e7a,,,already-present-matching
membership-image,"resources/source-cds/21-Cardiff,1847-1876,LR14167/Images/850__M_00038.jpg","21-Cardiff,1847-1876,LR14167/Images/850__M_00038.jpg",841709,81b333b834d0953c5675eefce76dc6ac,322575bf35c5071832914cd3f25a6890f3ced1c0,,,already-present-matching
membership-image,"resources/source-cds/21-Cardiff,1847-1876,LR14167/Images/850__M_00039.jpg","21-Cardiff,1847-1876,LR14167/Images/850__M_00039.jpg",730853,358cfadf394980e0c8158dcd84330792,f4d1508cb58c18d9ca8db456fdc12141f513be28,,,already-present-matching
membership-image,"resources/source-cds/21-Cardiff,1847-1876,LR14167/Images/850__M_00040.jpg","21-Cardiff,1847-1876,LR14167/Images/850__M_00040.jpg",872558,dd1d9120bc4d5a992b11f1d9c1df25f7,106872f7c1a76ac6c75af4cd526a07089c5f65a2,,,already-present-matching
membership-image,"resources/source-cds/21-Cardiff,1847-1876,LR14167/Images/850__M_00041.jpg","21-Cardiff,1847-1876,LR14167/Images/850__M_00041.jpg",726702,7845f88b8f9c7b6c42ab2cb66298bf56,b7a6b4f9215da094f52782fc77c70c2669dad806,,,already-present-matching
membership-image,"resources/source-cds/21-Cardiff,1847-1876,LR14167/Images/850__M_00042.jpg","21-Cardiff,1847-1876,LR14167/Images/850__M_00042.jpg",855122,df7ed4e5b7ddd2235e217c5eb91a7b62,6749f5c38718070e197773bc6de746ed23df33dd,,,already-present-matching
membership-image,"resources/source-cds/21-Cardiff,1847-1876,LR14167/Images/850__M_00043.jpg","21-Cardiff,1847-1876,LR14167/Images/850__M_00043.jpg",714829,487bbbfbe58c945dbd37c6d7459e3348,e0457c622ecdd1226f4e52810a99215a6265f54b,,,already-present-matching
membership-image,"resources/source-cds/21-Cardiff,1847-1876,LR14167/Images/850__M_00044.jpg","21-Cardiff,1847-1876,LR14167/Images/850__M_00044.jpg",865815,c7a27c6593ca56770a6c3771b84cd304,60e301b232eaa6198aaeaf67d053a13f0ec912d7,,,already-present-matching
membership-image,"resources/source-cds/21-Cardiff,1847-1876,LR14167/Images/850__M_00045.jpg","21-Cardiff,1847-1876,LR14167/Images/850__M_00045.jpg",730442,a007142dd0d9bb73c492abdd8893f5f3,2d530aff4569cf00e10efabb9f0469463faba31d,,,already-present-matching
membership-image,"resources/source-cds/21-Cardiff,1847-1876,LR14167/Images/850__M_00046.jpg","21-Cardiff,1847-1876,LR14167/Images/850__M_00046.jpg",881073,0ff97588aa6d2d868655f665b2f23c73,787fce16610646c0406a00c140f7ea404251f2af,,,already-present-matching
membership-image,"resources/source-cds/21-Cardiff,1847-1876,LR14167/Images/850__M_00047.jpg","21-Cardiff,1847-1876,LR14167/Images/850__M_00047.jpg",732512,9fd7210db782e5c889fa68cc5d83b106,66b006cb2a5475afb31fac106ef2b1719538e1e9,,,already-present-matching
membership-image,"resources/source-cds/21-Cardiff,1847-1876,LR14167/Images/850__M_00048.jpg","21-Cardiff,1847-1876,LR14167/Images/850__M_00048.jpg",877868,d05c04872e1408a06163c59d22500ca9,5762cbc4f7ee1fc5ae33929ae154253dc606772b,,,already-present-matching
membership-image,"resources/source-cds/21-Cardiff,1847-1876,LR14167/Images/850__M_00049.jpg","21-Cardiff,1847-1876,LR14167/Images/850__M_00049.jpg",742891,b27d83369663ac49c68087eafaf1c0bb,4ba64bbb1a4469a8fb3b8b58323217a7cd3c679f,,,already-present-matching
membership-image,"resources/source-cds/21-Cardiff,1847-1876,LR14167/Images/850__M_00050.jpg","21-Cardiff,1847-1876,LR14167/Images/850__M_00050.jpg",863870,132895322a9a9c9e79065adc987f91fa,077dccf065a2211da74aa7b65cb46688053b9008,,,already-present-matching
membership-image,"resources/source-cds/21-Cardiff,1847-1876,LR14167/Images/850__M_00051.jpg","21-Cardiff,1847-1876,LR14167/Images/850__M_00051.jpg",764364,555ca9190ef05551bed1e4dd07f3ec9b,dce6ee0e3d3d4ea915f35124001967be6c9c9247,,,already-present-matching
membership-image,"resources/source-cds/21-Cardiff,1847-1876,LR14167/Images/850__M_00052.jpg","21-Cardiff,1847-1876,LR14167/Images/850__M_00052.jpg",869087,c7f5a0ab41ed2bcf77f346191a7ad25a,83cc3100730e57b43488a62c19cf08ea3ce612b5,,,already-present-matching
membership-image,"resources/source-cds/21-Cardiff,1847-1876,LR14167/Images/850__M_00053.jpg","21-Cardiff,1847-1876,LR14167/Images/850__M_00053.jpg",797650,735a43856c1a064192b6ee4ac19f4998,1f3f3860701f3cf2dfa50716d9be543371d05297,,,already-present-matching
membership-image,"resources/source-cds/21-Cardiff,1847-1876,LR14167/Images/850__M_00054.jpg","21-Cardiff,1847-1876,LR14167/Images/850__M_00054.jpg",837049,058f893226c69f9c0fe3e6ba9a73efdf,29870738cc8ab48e84c3220c5f7343ad01a38c98,,,already-present-matching
membership-image,"resources/source-cds/21-Cardiff,1847-1876,LR14167/Images/850__M_00055.jpg","21-Cardiff,1847-1876,LR14167/Images/850__M_00055.jpg",742207,f1f6d87f232a90d24d27b0d6bf4dc5a7,6a02095f0ed1a07c7fae964af31413934257955e,,,already-present-matching
membership-image,"resources/source-cds/21-Cardiff,1847-1876,LR14167/Images/850__M_00056.jpg","21-Cardiff,1847-1876,LR14167/Images/850__M_00056.jpg",829242,db504df51c926ee6b24a1763dbe44e75,27943840c85b8a9f41df1dc81091c2995b1e8835,,,already-present-matching
membership-image,"resources/source-cds/21-Cardiff,1847-1876,LR14167/Images/850__M_00057.jpg","21-Cardiff,1847-1876,LR14167/Images/850__M_00057.jpg",751364,f8b4f5e6e9a8aa08dae512223c5d59cb,c1e8991d372716df19b9ec020d545996fa4cbe41,,,already-present-matching
membership-image,"resources/source-cds/21-Cardiff,1847-1876,LR14167/Images/850__M_00058.jpg","21-Cardiff,1847-1876,LR14167/Images/850__M_00058.jpg",799724,dec032c162b9652e751fcb867789af79,8b3672a92135dca408055506c650b6fcb889eec2,,,already-present-matching
membership-image,"resources/source-cds/21-Cardiff,1847-1876,LR14167/Images/850__M_00059.jpg","21-Cardiff,1847-1876,LR14167/Images/850__M_00059.jpg",743299,65c4b85d8b2e4132fdb53294dbfe6eff,e305ca585f64ff1cb8cfeb76629ab1e497c70f80,,,already-present-matching
membership-image,"resources/source-cds/21-Cardiff,1847-1876,LR14167/Images/850__M_00060.jpg","21-Cardiff,1847-1876,LR14167/Images/850__M_00060.jpg",825268,bdce0f5eba36eec7c7770f4f8ef5cfcb,4e666085afcb1de4fd625fc8f1f2dae70133ce1c,,,already-present-matching
membership-image,"resources/source-cds/21-Cardiff,1847-1876,LR14167/Images/850__M_00061.jpg","21-Cardiff,1847-1876,LR14167/Images/850__M_00061.jpg",727882,589c11c3c2f2a60d5821718f3da88b58,239027f7a03b77db6228827f4f8bb24cf211e7ec,,,already-present-matching
membership-image,"resources/source-cds/21-Cardiff,1847-1876,LR14167/Images/850__M_00062.jpg","21-Cardiff,1847-1876,LR14167/Images/850__M_00062.jpg",806718,a9be9283a67c324e2317e26e1e7a5fa4,cb8688b3a835bc1816fdb828769a832467d9dfb1,,,already-present-matching
membership-image,"resources/source-cds/21-Cardiff,1847-1876,LR14167/Images/850__M_00063.jpg","21-Cardiff,1847-1876,LR14167/Images/850__M_00063.jpg",738847,290d2054c7a5507914dede6095c906d8,fa093acf4aac9fafb4032802e3a34a380e83f986,,,already-present-matching
membership-image,"resources/source-cds/21-Cardiff,1847-1876,LR14167/Images/850__M_00064.jpg","21-Cardiff,1847-1876,LR14167/Images/850__M_00064.jpg",804137,2b34eb10aa8e8211d8a7b50956e3dbe2,53d1f7efb587e248a5cde808ee37ce08bc190a8c,,,already-present-matching
membership-image,"resources/source-cds/21-Cardiff,1847-1876,LR14167/Images/850__M_00065.jpg","21-Cardiff,1847-1876,LR14167/Images/850__M_00065.jpg",727973,275aca931841aa4f4687192932a18dce,428cd9cb41fa086c4e667dc23da170713242d1b1,,,already-present-matching
membership-image,"resources/source-cds/21-Cardiff,1847-1876,LR14167/Images/850__M_00066.jpg","21-Cardiff,1847-1876,LR14167/Images/850__M_00066.jpg",814760,ce8632014fa0863528a6f87579050f74,d6048b812e7c02c9c5abedc530fd6b20b0f1965e,,,already-present-matching
membership-image,"resources/source-cds/21-Cardiff,1847-1876,LR14167/Images/850__M_00067.jpg","21-Cardiff,1847-1876,LR14167/Images/850__M_00067.jpg",760238,aa97ef83ea59f30ff1d0aa4194358e38,9d196bffa67be42cf0bcc7ba4a59e0f48461285d,,,already-present-matching
membership-image,"resources/source-cds/21-Cardiff,1847-1876,LR14167/Images/850__M_00068.jpg","21-Cardiff,1847-1876,LR14167/Images/850__M_00068.jpg",794419,7dbde54b004b863ea9bec3faea5f8a53,390dba44878687308200ae0f95a4e1372eadc2ef,,,already-present-matching
membership-image,"resources/source-cds/21-Cardiff,1847-1876,LR14167/Images/850__M_00069.jpg","21-Cardiff,1847-1876,LR14167/Images/850__M_00069.jpg",771819,c44de29a0cd046b66a4eb2efaaa22733,f167ea53b88fa0d68656c5539779c695ad6555a8,,,already-present-matching
membership-image,"resources/source-cds/21-Cardiff,1847-1876,LR14167/Images/850__M_00070.jpg","21-Cardiff,1847-1876,LR14167/Images/850__M_00070.jpg",813835,10f5067ffdcc968e0f399282aa4b69b5,0c71e1bb630c9bd79b273dd6ed191d890be070b2,,,already-present-matching
membership-image,"resources/source-cds/21-Cardiff,1847-1876,LR14167/Images/850__M_00071.jpg","21-Cardiff,1847-1876,LR14167/Images/850__M_00071.jpg",773384,e64d3a7c4e1848dee93443611328550e,6ae505c57f049f1d3c791250f898fe56754a7e86,,,already-present-matching
membership-image,"resources/source-cds/21-Cardiff,1847-1876,LR14167/Images/850__M_00072.jpg","21-Cardiff,1847-1876,LR14167/Images/850__M_00072.jpg",784991,c43b7dbb25e2d41218c97379683214d2,4d0de97cc1df46891035813afb9dae0cc54a368a,,,already-present-matching
membership-image,"resources/source-cds/21-Cardiff,1847-1876,LR14167/Images/850__M_00073.jpg","21-Cardiff,1847-1876,LR14167/Images/850__M_00073.jpg",717062,6abd46d24d2c8881c4bb4b778215b114,38a7ab0450ee052ea39c15e94cfb8327f088a9e9,,,already-present-matching
membership-image,"resources/source-cds/21-Cardiff,1847-1876,LR14167/Images/850__M_00074.jpg","21-Cardiff,1847-1876,LR14167/Images/850__M_00074.jpg",831712,277181889682c17c1b1f9a55fea4f956,b206d60b42cd59722f6dfc6f6d50f733f85f0004,,,already-present-matching
membership-image,"resources/source-cds/21-Cardiff,1847-1876,LR14167/Images/850__M_00075.jpg","21-Cardiff,1847-1876,LR14167/Images/850__M_00075.jpg",762141,a56695114d8c298b2f74e8fcb1990ade,9f7edf8fdcfbb4602c95d5334b13d287f35eabe0,,,already-present-matching
membership-image,"resources/source-cds/21-Cardiff,1847-1876,LR14167/Images/850__M_00076.jpg","21-Cardiff,1847-1876,LR14167/Images/850__M_00076.jpg",835141,fdeac67b856722134d122fdc81027b3f,85e84454ec991eb03fe5ef5aaf131ce5ca0b1bac,,,already-present-matching
membership-image,"resources/source-cds/21-Cardiff,1847-1876,LR14167/Images/850__M_00077.jpg","21-Cardiff,1847-1876,LR14167/Images/850__M_00077.jpg",755061,9491f2143ee2b032dd4803692d94e640,c270140f130605a42fe7f36f6254a7c1ce764c09,,,already-present-matching
membership-image,"resources/source-cds/21-Cardiff,1847-1876,LR14167/Images/850__M_00078.jpg","21-Cardiff,1847-1876,LR14167/Images/850__M_00078.jpg",816017,f1a8794cb9040827a712421257fab885,bf4411f03d50e23cf5f54a68e809f8846122b142,,,already-present-matching
membership-image,"resources/source-cds/21-Cardiff,1847-1876,LR14167/Images/850__M_00079.jpg","21-Cardiff,1847-1876,LR14167/Images/850__M_00079.jpg",754408,370f05652705242e08db6c0435c0611c,bf8cabd3eae9f9e807dcc661cb2bb1fcb7daeb6e,,,already-present-matching
membership-image,"resources/source-cds/21-Cardiff,1847-1876,LR14167/Images/850__M_00080.jpg","21-Cardiff,1847-1876,LR14167/Images/850__M_00080.jpg",850334,dfc081890dac53265682313ae5687a15,0e25f5b89743cd35876f83226ffc197ef6cd0ac4,,,already-present-matching
membership-image,"resources/source-cds/21-Cardiff,1847-1876,LR14167/Images/850__M_00081.jpg","21-Cardiff,1847-1876,LR14167/Images/850__M_00081.jpg",770190,c538e2fa6fe17bfeff23af7fd3c951e3,55c0b783e7137da4b22d5f507cc5a8b4f1097abe,,,already-present-matching
membership-image,"resources/source-cds/21-Cardiff,1847-1876,LR14167/Images/850__M_00082.jpg","21-Cardiff,1847-1876,LR14167/Images/850__M_00082.jpg",862445,4d0f701335d8f3efc0b273c9ebfe64c7,4daf4b5b96286889c66c4605c6f9acf2199c315f,,,already-present-matching
membership-image,"resources/source-cds/21-Cardiff,1847-1876,LR14167/Images/850__M_00083.jpg","21-Cardiff,1847-1876,LR14167/Images/850__M_00083.jpg",743521,6a7e58bba7994d1dcdf543d304e5d06c,61ac12c4fbf2c578f4f35d8130ab8105eb55714d,,,already-present-matching
membership-image,"resources/source-cds/21-Cardiff,1847-1876,LR14167/Images/850__M_00084.jpg","21-Cardiff,1847-1876,LR14167/Images/850__M_00084.jpg",870716,6486ae0cc700085b288ee4faebb65d67,e76a3edcefd15c3ad03bb1df60f78edf3780db93,,,already-present-matching
membership-image,"resources/source-cds/21-Cardiff,1847-1876,LR14167/Images/850__M_00085.jpg","21-Cardiff,1847-1876,LR14167/Images/850__M_00085.jpg",773759,1a23fc8e6ffa7649bbea87f4a5ae46f9,c0ad3c74442f712a1c6ae2cab2cc4f7d335ec173,,,already-present-matching
membership-image,"resources/source-cds/21-Cardiff,1847-1876,LR14167/Images/850__M_00086.jpg","21-Cardiff,1847-1876,LR14167/Images/850__M_00086.jpg",861116,0a2a96eb15c5d716f8b0c0ec26c6f929,9ed19120e7f1ad1a60076d3f407a5110c482db31,,,already-present-matching
membership-image,"resources/source-cds/21-Cardiff,1847-1876,LR14167/Images/850__M_00087.jpg","21-Cardiff,1847-1876,LR14167/Images/850__M_00087.jpg",771416,99874a79dccff23b80cd82c324abdb6c,50b45670d6d9f50f74dfffd0b52c4fa480c38e74,,,already-present-matching
membership-image,"resources/source-cds/21-Cardiff,1847-1876,LR14167/Images/850__M_00088.jpg","21-Cardiff,1847-1876,LR14167/Images/850__M_00088.jpg",892223,e89a6181dafab51064ff541fb91730bf,ac9004c5bc357f599a36b81f8a992bf849e383df,,,already-present-matching
membership-image,"resources/source-cds/21-Cardiff,1847-1876,LR14167/Images/850__M_00089.jpg","21-Cardiff,1847-1876,LR14167/Images/850__M_00089.jpg",776373,b820b38ad8cb84b4d3d3044157607df7,8f67ca7cdd6444d75d5c4247c0272e7fb80a09cb,,,already-present-matching
membership-image,"resources/source-cds/21-Cardiff,1847-1876,LR14167/Images/850__M_00090.jpg","21-Cardiff,1847-1876,LR14167/Images/850__M_00090.jpg",918203,69cd928e2daa3d722cb7c14e4e8c1838,ceac1e1202cd89d402be88f7bde0510ca10c37c5,,,already-present-matching
membership-image,"resources/source-cds/21-Cardiff,1847-1876,LR14167/Images/850__M_00091.jpg","21-Cardiff,1847-1876,LR14167/Images/850__M_00091.jpg",807341,8d7939201c1b3ad1cfcff9b01b247b7e,716449e557897a860a4d169d10bb15861d790e9b,,,already-present-matching
membership-image,"resources/source-cds/21-Cardiff,1847-1876,LR14167/Images/850__M_00092.jpg","21-Cardiff,1847-1876,LR14167/Images/850__M_00092.jpg",924010,36617ad5a3df271ebf93aaa295d12c86,11df2ebcb8e6e6ff0c01dc03682b6701e6df9125,,,already-present-matching
membership-image,"resources/source-cds/21-Cardiff,1847-1876,LR14167/Images/850__M_00093.jpg","21-Cardiff,1847-1876,LR14167/Images/850__M_00093.jpg",775245,4ff1c5ff359a3306d09440df9938a322,eeb33cc20372d970b67fcc0b469dfe9f583cd7f9,,,already-present-matching
membership-image,"resources/source-cds/21-Cardiff,1847-1876,LR14167/Images/850__M_00094.jpg","21-Cardiff,1847-1876,LR14167/Images/850__M_00094.jpg",844630,e71cc4cb90cf35c44afef7f629fcd60a,a4e14e310e6b12f6346058caeaf309926b662ddd,,,already-present-matching
membership-image,"resources/source-cds/21-Cardiff,1847-1876,LR14167/Images/850__M_00095.jpg","21-Cardiff,1847-1876,LR14167/Images/850__M_00095.jpg",800351,6b57e32ca6b312e246fa6c1854d495b8,b7c548b48647d5a9a7fb7ee898bbba27f08bf319,,,already-present-matching
membership-image,"resources/source-cds/21-Cardiff,1847-1876,LR14167/Images/850__M_00096.jpg","21-Cardiff,1847-1876,LR14167/Images/850__M_00096.jpg",846508,65d9ae140ec0352b138aeae5400b956d,2e7181e5e738bad91ac74db552e34fcc6af5b428,,,already-present-matching
membership-image,"resources/source-cds/21-Cardiff,1847-1876,LR14167/Images/850__M_00097.jpg","21-Cardiff,1847-1876,LR14167/Images/850__M_00097.jpg",798638,747808662e432947f49e6df0e36b1995,3d9facdbee76561218c1b54eaaae3e42aefaa5e0,,,already-present-matching
membership-image,"resources/source-cds/21-Cardiff,1847-1876,LR14167/Images/850__M_00098.jpg","21-Cardiff,1847-1876,LR14167/Images/850__M_00098.jpg",809936,653f7c5e2606de164a67d071778e5c2f,94a2c685efffbfb09b46b9ff62bcaa9da6173c42,,,already-present-matching
membership-image,"resources/source-cds/21-Cardiff,1847-1876,LR14167/Images/850__M_00099.jpg","21-Cardiff,1847-1876,LR14167/Images/850__M_00099.jpg",762836,d41117ef383991de4185b2f8a66810c1,a0cfe397f7ab768d223f1cdeb9c15020fc67c5d2,,,already-present-matching
membership-image,"resources/source-cds/21-Cardiff,1847-1876,LR14167/Images/850__M_00100.jpg","21-Cardiff,1847-1876,LR14167/Images/850__M_00100.jpg",777934,25eab3e1af74c8f41c5fd46d3662fe1f,d8e8bd418a2a89e93e61ccf67d120fcf8749d151,,,already-present-matching
membership-image,"resources/source-cds/21-Cardiff,1847-1876,LR14167/Images/850__M_00101.jpg","21-Cardiff,1847-1876,LR14167/Images/850__M_00101.jpg",792924,d5fa1326cb7466cfc2aad4ed234c41bf,8a415c404e7a5b3b1d7f09d34e6ba9c54842d4c8,,,already-present-matching
membership-image,"resources/source-cds/21-Cardiff,1847-1876,LR14167/Images/850__M_00102.jpg","21-Cardiff,1847-1876,LR14167/Images/850__M_00102.jpg",893084,59c40a49ef20d5e0ab374b9ee04ef266,d74d4cbfbf22988053229f776a8601d8279e636e,,,already-present-matching
membership-image,"resources/source-cds/21-Cardiff,1847-1876,LR14167/Images/850__M_00103.jpg","21-Cardiff,1847-1876,LR14167/Images/850__M_00103.jpg",754986,34f97541e8681794265837d185fafaf1,96e9abb30209696c0989ef3b35539db410177548,,,already-present-matching
membership-image,"resources/source-cds/21-Cardiff,1847-1876,LR14167/Images/850__M_00104.jpg","21-Cardiff,1847-1876,LR14167/Images/850__M_00104.jpg",873199,75636589317c15233bbb83c87e585e1f,b6f8710fa42c577cfbbd3b8c12ea0b130c77c18c,,,already-present-matching
membership-image,"resources/source-cds/21-Cardiff,1847-1876,LR14167/Images/850__M_00105.jpg","21-Cardiff,1847-1876,LR14167/Images/850__M_00105.jpg",734127,1d997f02bdaf755fae4bf0cbb8b0c80d,999a1afb5971a87de03073d5661f60183ecbe142,,,already-present-matching
membership-image,"resources/source-cds/21-Cardiff,1847-1876,LR14167/Images/850__M_00106.jpg","21-Cardiff,1847-1876,LR14167/Images/850__M_00106.jpg",883837,f0e72becd181e50f0cc2c2e584965b3c,411a92b741fd54b50f952dcb1aea26b7235a3cab,,,already-present-matching
membership-image,"resources/source-cds/21-Cardiff,1847-1876,LR14167/Images/850__M_00107.jpg","21-Cardiff,1847-1876,LR14167/Images/850__M_00107.jpg",723086,0c15801969e7979f44ef93ca71d6a734,43490e346d3701ff3e7656685da81b2d6208c3b5,,,already-present-matching
membership-image,"resources/source-cds/21-Cardiff,1847-1876,LR14167/Images/850__M_00108.jpg","21-Cardiff,1847-1876,LR14167/Images/850__M_00108.jpg",861453,bbf29a15fa7ff9fae7244a547536581d,eea463e0138ee60dc22ad5ace76799d8b4d49cfb,,,already-present-matching
membership-image,"resources/source-cds/21-Cardiff,1847-1876,LR14167/Images/850__M_00109.jpg","21-Cardiff,1847-1876,LR14167/Images/850__M_00109.jpg",733220,1b24952f4c43bee3ce7c0a22a0e0868d,da300b5de3c7da65af4b04698f3f23f4a0a91b5a,,,already-present-matching
membership-image,"resources/source-cds/21-Cardiff,1847-1876,LR14167/Images/850__M_00110.jpg","21-Cardiff,1847-1876,LR14167/Images/850__M_00110.jpg",839786,e572e5205e9f64655b6cca6718650550,18234eaa8299254166d3f7b5b57326ee2b975233,,,already-present-matching
membership-image,"resources/source-cds/21-Cardiff,1847-1876,LR14167/Images/850__M_00111.jpg","21-Cardiff,1847-1876,LR14167/Images/850__M_00111.jpg",767494,fe5c91a4dd6d6f44eb1f1992930722b4,fdaa0df3a90b1d6fb01d2f13e2245f5c610c9efe,,,already-present-matching
membership-image,"resources/source-cds/21-Cardiff,1847-1876,LR14167/Images/850__M_00112.jpg","21-Cardiff,1847-1876,LR14167/Images/850__M_00112.jpg",792510,d8c61a54649b2b77eab8e0f4023ada66,7320365eb260e85165de40e78086a63bff52c767,,,already-present-matching
membership-image,"resources/source-cds/21-Cardiff,1847-1876,LR14167/Images/850__M_00113.jpg","21-Cardiff,1847-1876,LR14167/Images/850__M_00113.jpg",747045,5cad33a5d0422e10618e4be7391680a8,f890ee52b7f870a20c18c119b3ccd72e9621ec2c,,,already-present-matching
membership-image,"resources/source-cds/21-Cardiff,1847-1876,LR14167/Images/850__M_00114.jpg","21-Cardiff,1847-1876,LR14167/Images/850__M_00114.jpg",857903,af04590d28f60ddecf15e3b20ab7d49f,b565453906b5193dfb294847d825fc3686023f4d,,,already-present-matching
membership-image,"resources/source-cds/21-Cardiff,1847-1876,LR14167/Images/850__M_00115.jpg","21-Cardiff,1847-1876,LR14167/Images/850__M_00115.jpg",764402,6f2486b27452337f2719d84ff655755a,b1636ede9bebebee3611ad7cf495baa1495b39b6,,,already-present-matching
membership-image,"resources/source-cds/21-Cardiff,1847-1876,LR14167/Images/850__M_00116.jpg","21-Cardiff,1847-1876,LR14167/Images/850__M_00116.jpg",873784,1e0a0caee7e42183d4fa636e350cb354,9646a4f61787c344e50cfec2f861f623c5620a31,,,already-present-matching
membership-image,"resources/source-cds/21-Cardiff,1847-1876,LR14167/Images/850__M_00117.jpg","21-Cardiff,1847-1876,LR14167/Images/850__M_00117.jpg",744017,75f4e1e89fd07afd234576128cf4af58,f31cb595589faa0533bd344a90c81a406ac1687d,,,already-present-matching
membership-image,"resources/source-cds/21-Cardiff,1847-1876,LR14167/Images/850__M_00118.jpg","21-Cardiff,1847-1876,LR14167/Images/850__M_00118.jpg",766986,71a120230d3758541772c89ba2848a23,e02749d7cb3a50845599cc0bb92bbe7f3386a7e6,,,already-present-matching
membership-image,"resources/source-cds/21-Cardiff,1847-1876,LR14167/Images/850__M_00119.jpg","21-Cardiff,1847-1876,LR14167/Images/850__M_00119.jpg",757257,681c012461f482ecfbb6fa795c7f7373,506190d04e862e69edf89f5331a7398cbbde3e24,,,already-present-matching
membership-image,"resources/source-cds/21-Cardiff,1847-1876,LR14167/Images/850__M_00120.jpg","21-Cardiff,1847-1876,LR14167/Images/850__M_00120.jpg",770720,438fa03f87eb47767639c68002900d07,fb61b65206b4bfbb266a0e184bdeb52c623cffd4,,,already-present-matching
membership-image,"resources/source-cds/21-Cardiff,1847-1876,LR14167/Images/850__M_00121.jpg","21-Cardiff,1847-1876,LR14167/Images/850__M_00121.jpg",743453,6c83189c23153c071a6c4ea3ac94d47c,c24109d192b4abc988e93caef2091790d4b2e3fc,,,already-present-matching
membership-image,"resources/source-cds/21-Cardiff,1847-1876,LR14167/Images/850__M_00122.jpg","21-Cardiff,1847-1876,LR14167/Images/850__M_00122.jpg",856751,5742d76b248059cd6d53387a5e9dc164,c6656f45f51add7d778eb30703dc67b8dc8611c1,,,already-present-matching
membership-image,"resources/source-cds/21-Cardiff,1847-1876,LR14167/Images/850__M_00123.jpg","21-Cardiff,1847-1876,LR14167/Images/850__M_00123.jpg",729571,c4387b63a792a0f90b5623c40bf2df63,0545e646ad163738bb9812a7ba1c716fb96a9735,,,already-present-matching
membership-image,"resources/source-cds/21-Cardiff,1847-1876,LR14167/Images/850__M_00124.jpg","21-Cardiff,1847-1876,LR14167/Images/850__M_00124.jpg",792058,62ffb2f07c686efa44e0508588423f36,25b7e324f0e991e34862a6a9ad7dd3cbe8d6422e,,,already-present-matching
membership-image,"resources/source-cds/21-Cardiff,1847-1876,LR14167/Images/850__M_00125.jpg","21-Cardiff,1847-1876,LR14167/Images/850__M_00125.jpg",708351,059568d94054d30ca243e25fa7040de0,514e803b4eb8aee040f923291dbe3298295519f6,,,already-present-matching
membership-image,"resources/source-cds/21-Cardiff,1847-1876,LR14167/Images/850__M_00126.jpg","21-Cardiff,1847-1876,LR14167/Images/850__M_00126.jpg",824743,f66222ec1effad8e769996fbd28b148d,1fb9d119ff1f9661132a0b89c1596fc8b1b03beb,,,already-present-matching
membership-image,"resources/source-cds/21-Cardiff,1847-1876,LR14167/Images/850__M_00127.jpg","21-Cardiff,1847-1876,LR14167/Images/850__M_00127.jpg",743457,3ed033f2ffe2bd55f8c18c4466823bd2,0de98e4945c2cfd54b64a9b9a3786379a2b76059,,,already-present-matching
membership-image,"resources/source-cds/21-Cardiff,1847-1876,LR14167/Images/850__M_00128.jpg","21-Cardiff,1847-1876,LR14167/Images/850__M_00128.jpg",664775,88cc998330d36bbefde147ab8ece2acf,0ec0fc9df4310d235b567ae1d6cd7b5ea01e558d,,,already-present-matching
membership-image,"resources/source-cds/21-Cardiff,1847-1876,LR14167/Images/850__M_00129.jpg","21-Cardiff,1847-1876,LR14167/Images/850__M_00129.jpg",696604,196edc38ee319bf9f14ede7bbf290f60,f8ddce4f92d0dfa567cb657a498d7831274231ec,,,already-present-matching
membership-image,"resources/source-cds/21-Cardiff,1847-1876,LR14167/Images/850__M_00130.jpg","21-Cardiff,1847-1876,LR14167/Images/850__M_00130.jpg",796370,4b702b5a341eac18cb8b45e5742e103b,89fd4defd84947b0c627f15bca955fc98cd0a973,,,already-present-matching
membership-image,"resources/source-cds/21-Cardiff,1847-1876,LR14167/Images/850__M_00131.jpg","21-Cardiff,1847-1876,LR14167/Images/850__M_00131.jpg",705652,5b982774f57ca15ca2b4049222d0d298,25629374802d4cbfa4a76800e9dd25d4a7198054,,,already-present-matching
membership-image,"resources/source-cds/21-Cardiff,1847-1876,LR14167/Images/850__M_00132.jpg","21-Cardiff,1847-1876,LR14167/Images/850__M_00132.jpg",737588,da3e7cf90baff01027d455d36eca77da,38867b18dbe91b1068403697c0b9c51a71e5bf1a,,,already-present-matching
membership-image,"resources/source-cds/21-Cardiff,1847-1876,LR14167/Images/850__M_00133.jpg","21-Cardiff,1847-1876,LR14167/Images/850__M_00133.jpg",701511,e4c496acf1372f23291b78a87dee151b,307f8e027b231ae9898652931c24d839bc107678,,,already-present-matching
membership-image,"resources/source-cds/21-Cardiff,1847-1876,LR14167/Images/850__M_00134.jpg","21-Cardiff,1847-1876,LR14167/Images/850__M_00134.jpg",821006,d902114d2024904ffb7b2c2ebb4d4954,927756dde7c35f97d95fe27a7fab4ab12e447b11,,,already-present-matching
membership-image,"resources/source-cds/21-Cardiff,1847-1876,LR14167/Images/850__M_00135.jpg","21-Cardiff,1847-1876,LR14167/Images/850__M_00135.jpg",934006,ec376c10066bb80a92abc2ba78a09c93,7efca8cbdd114085426164fe19d70921d27679c4,,,already-present-matching
membership-image,"resources/source-cds/21-Cardiff,1847-1876,LR14167/Images/850__M_00136.jpg","21-Cardiff,1847-1876,LR14167/Images/850__M_00136.jpg",904076,1f8a1c0b52ae960c7bce46db4b0c02a9,d9728d000f494fb72e75d8ef0fa1f1ac183375d8,,,already-present-matching
membership-image,"resources/source-cds/21-Cardiff,1847-1876,LR14167/Images/850__M_00137.jpg","21-Cardiff,1847-1876,LR14167/Images/850__M_00137.jpg",667308,25cd86a8d10619acfb9704e15592d628,99f640cc5d30d02f9acb48712bb032ef9240005d,,,already-present-matching
membership-image,"resources/source-cds/21-Cardiff,1847-1876,LR14167/Images/850__M_00138.jpg","21-Cardiff,1847-1876,LR14167/Images/850__M_00138.jpg",1397786,f8d9c17aef3ce2109e0fc71d89f00cc8,68beb2637b8246b1130de1e1404e6b110da5b8aa,,,already-present-matching
membership-image,"resources/source-cds/21-Cardiff,1847-1876,LR14167/Images/850__M_00139.jpg","21-Cardiff,1847-1876,LR14167/Images/850__M_00139.jpg",1333093,04bb198d9684dfd4aa23c0258e5044a5,1c587f2f73dbea9f293beeeda2cc285ba33faa11,,,already-present-matching
membership-image,"resources/source-cds/21-Cardiff,1847-1876,LR14167/Images/850__M_00140.jpg","21-Cardiff,1847-1876,LR14167/Images/850__M_00140.jpg",450084,7902d70f3442f7263be77402b3b6191f,34f4519599cbbf0d998455f23b79995907aea5ae,,,already-present-matching
membership-image,"resources/source-cds/21-Cardiff,1847-1876,LR14167/Images/850__M_00141.jpg","21-Cardiff,1847-1876,LR14167/Images/850__M_00141.jpg",227793,55feca2bd33a7c41b4096efcf16ab6b3,f15e9ce697b3ad050f1e5087af251fafe60c738d,,,already-present-matching
membership-image,"resources/source-cds/21-Cardiff,1847-1876,LR14167/Images/850__M_00142.jpg","21-Cardiff,1847-1876,LR14167/Images/850__M_00142.jpg",156555,d7eab68a0d0bb7b8e1651cc5fe51e15b,9cfc2bdcdb19e2cc0b7cea31776f14bcc0be38e1,,,already-present-matching
membership-image,"resources/source-cds/23-Haverfordwest,1847-1853,LR1134321/Images/LR-1134321_v1_M_00100.jpg","23-Haverfordwest,1847-1853,LR1134321/Images/LR-1134321_v1_M_00100.jpg",424787,f419bad6dfebc45a035e02520ac65b53,abafb5836eb17fe82ccf2af4dc224013e8ed6c52,,,already-present-matching
membership-image,"resources/source-cds/23-Haverfordwest,1847-1853,LR1134321/Images/LR-1134321_v1_M_00101.jpg","23-Haverfordwest,1847-1853,LR1134321/Images/LR-1134321_v1_M_00101.jpg",463652,c5786713cf7be369a91e444e31cc9099,d615efcd4ee14b242fe722c52f1da14aabe60eab,,,already-present-matching
membership-image,"resources/source-cds/23-Haverfordwest,1847-1853,LR1134321/Images/LR-1134321_v1_M_00102.jpg","23-Haverfordwest,1847-1853,LR1134321/Images/LR-1134321_v1_M_00102.jpg",483151,c373e22d501f0d34054a68a74648fe2c,d9504e76c6bd21951b2f3e0a4d4ddfe992d91f77,,,already-present-matching
membership-image,"resources/source-cds/23-Haverfordwest,1847-1853,LR1134321/Images/LR-1134321_v1_M_00103.jpg","23-Haverfordwest,1847-1853,LR1134321/Images/LR-1134321_v1_M_00103.jpg",501864,ac9ec184f8f7b22293488be49675c50f,ca792b182de3ef89fa110237eb52d545746f063f,,,already-present-matching
membership-image,"resources/source-cds/23-Haverfordwest,1847-1853,LR1134321/Images/LR-1134321_v1_M_00104.jpg","23-Haverfordwest,1847-1853,LR1134321/Images/LR-1134321_v1_M_00104.jpg",440377,65b7d19032ef38e47d05835ba43f4f2e,24b8b95556828f3a77daf7e7f8c8dc7e327bc417,,,already-present-matching
membership-image,"resources/source-cds/23-Haverfordwest,1847-1853,LR1134321/Images/LR-1134321_v1_M_00105.jpg","23-Haverfordwest,1847-1853,LR1134321/Images/LR-1134321_v1_M_00105.jpg",466486,e17c65f33101753404d79317c20e0711,8ac6aabd12c59b89ee363866e648620eb9bd439c,,,already-present-matching
membership-image,"resources/source-cds/23-Haverfordwest,1847-1853,LR1134321/Images/LR-1134321_v1_M_00106.jpg","23-Haverfordwest,1847-1853,LR1134321/Images/LR-1134321_v1_M_00106.jpg",424074,dda60c7ce09f1adf5831c7e1634a93c0,be0130faefe72ce0d6fda7fefec79f005ec3d2d7,,,already-present-matching
membership-image,"resources/source-cds/23-Haverfordwest,1847-1853,LR1134321/Images/LR-1134321_v1_M_00107.jpg","23-Haverfordwest,1847-1853,LR1134321/Images/LR-1134321_v1_M_00107.jpg",469818,71094934d302fa425e1d6111a3a4b5f3,a391e79f9fa9809656297ef0a32e032350d20e71,,,already-present-matching
membership-image,"resources/source-cds/23-Haverfordwest,1847-1853,LR1134321/Images/LR-1134321_v1_M_00108.jpg","23-Haverfordwest,1847-1853,LR1134321/Images/LR-1134321_v1_M_00108.jpg",473503,5628bb3c65fca339726be55707a04160,dfbef421bec4f595323d388bd3d1e46ab8082c74,,,already-present-matching
membership-image,"resources/source-cds/23-Haverfordwest,1847-1853,LR1134321/Images/LR-1134321_v1_M_00109.jpg","23-Haverfordwest,1847-1853,LR1134321/Images/LR-1134321_v1_M_00109.jpg",451202,4c7495764cefe4691b25c37915eddbfe,5a5829503efb73f8e64421d7e268e4de8de892ea,,,already-present-matching
membership-image,"resources/source-cds/23-Haverfordwest,1847-1853,LR1134321/Images/LR-1134321_v1_M_00110.jpg","23-Haverfordwest,1847-1853,LR1134321/Images/LR-1134321_v1_M_00110.jpg",458354,47f585cdc5c4baefe8391f65fcc8fa23,db2fb313d4ec8092456aacdcad82bed70307b530,,,already-present-matching
membership-image,"resources/source-cds/23-Haverfordwest,1847-1853,LR1134321/Images/LR-1134321_v1_M_00111.jpg","23-Haverfordwest,1847-1853,LR1134321/Images/LR-1134321_v1_M_00111.jpg",451900,95721117c0285763a1d2a2bf27285129,18211c7bea512f9b40489a2c1a64923fba7e18ba,,,already-present-matching
membership-image,"resources/source-cds/23-Haverfordwest,1847-1853,LR1134321/Images/LR-1134321_v1_M_00112.jpg","23-Haverfordwest,1847-1853,LR1134321/Images/LR-1134321_v1_M_00112.jpg",477444,20345cb012a7e14d71cf6156508b9161,7d461db381ba238f4174521151d552ced1c5644e,,,already-present-matching
membership-image,"resources/source-cds/23-Haverfordwest,1847-1853,LR1134321/Images/LR-1134321_v1_M_00113.jpg","23-Haverfordwest,1847-1853,LR1134321/Images/LR-1134321_v1_M_00113.jpg",475326,2c7d4825ccab76ad08c39b5a0afa56a1,4a66c7620137ca5cc7ebddfb108bcce388d14528,,,already-present-matching
membership-image,"resources/source-cds/23-Haverfordwest,1847-1853,LR1134321/Images/LR-1134321_v1_M_00114.jpg","23-Haverfordwest,1847-1853,LR1134321/Images/LR-1134321_v1_M_00114.jpg",478411,f61b0548267d474139460605ac4ed528,5d937b04b585aee4009f7f9255b961de484a740c,,,already-present-matching
membership-image,"resources/source-cds/23-Haverfordwest,1847-1853,LR1134321/Images/LR-1134321_v1_M_00115.jpg","23-Haverfordwest,1847-1853,LR1134321/Images/LR-1134321_v1_M_00115.jpg",491247,fa636c46406eabd98dd727963eff8777,77f0aec064a7b20de0f713c8e6c7c2512fc4a819,,,already-present-matching
membership-image,"resources/source-cds/23-Haverfordwest,1847-1853,LR1134321/Images/LR-1134321_v1_M_00116.jpg","23-Haverfordwest,1847-1853,LR1134321/Images/LR-1134321_v1_M_00116.jpg",427005,972b10f0378a8fd73c6c372f0f1b5545,c361e9af84fe4d0251a79913551df287eef9240b,,,already-present-matching
membership-image,"resources/source-cds/23-Haverfordwest,1847-1853,LR1134321/Images/LR-1134321_v1_M_00117.jpg","23-Haverfordwest,1847-1853,LR1134321/Images/LR-1134321_v1_M_00117.jpg",434990,af24b5a2fb9b33a68b0a61a5ca48f7d5,8014b1df626ec115e2f1da83642a3c8b641be238,,,already-present-matching
membership-image,"resources/source-cds/23-Haverfordwest,1847-1853,LR1134321/Images/LR-1134321_v1_M_00118.jpg","23-Haverfordwest,1847-1853,LR1134321/Images/LR-1134321_v1_M_00118.jpg",437569,1ce0c9e69b7342bf54f5758cb0de50a8,2c08ead7005484ee5227b572abdda9530fb635df,,,already-present-matching
membership-image,"resources/source-cds/23-Haverfordwest,1847-1853,LR1134321/Images/LR-1134321_v1_M_00119.jpg","23-Haverfordwest,1847-1853,LR1134321/Images/LR-1134321_v1_M_00119.jpg",457660,8dfd57fead67a3753d01edb9172aebc5,dbcbce763b90ed8ba6698eeca44fcff986af09fb,,,already-present-matching
membership-image,"resources/source-cds/23-Haverfordwest,1847-1853,LR1134321/Images/LR-1134321_v1_M_00120.jpg","23-Haverfordwest,1847-1853,LR1134321/Images/LR-1134321_v1_M_00120.jpg",459328,4ea768110523f13d0cf814ea2a0e382e,372e1bc0afabfc899998f5ddf35adf3c605d2362,,,already-present-matching
membership-image,"resources/source-cds/23-Haverfordwest,1847-1853,LR1134321/Images/LR-1134321_v1_M_00121.jpg","23-Haverfordwest,1847-1853,LR1134321/Images/LR-1134321_v1_M_00121.jpg",425632,a3d324c508a2ff8fee919f2ede1dda21,45347a981b691ba8d714bb35f1a1278509dd246d,,,already-present-matching
membership-image,"resources/source-cds/23-Haverfordwest,1847-1853,LR1134321/Images/LR-1134321_v1_M_00122.jpg","23-Haverfordwest,1847-1853,LR1134321/Images/LR-1134321_v1_M_00122.jpg",450060,f4470c8cd5904b726ecca03ca4ac5780,df189fc54c73370251d266821fa024b1136755cf,,,already-present-matching
membership-image,"resources/source-cds/23-Haverfordwest,1847-1853,LR1134321/Images/LR-1134321_v1_M_00123.jpg","23-Haverfordwest,1847-1853,LR1134321/Images/LR-1134321_v1_M_00123.jpg",448262,0e51c01c9026038a75513532bf2a83b0,1d3b98d0c919e78692d970b9517ac910b0688dad,,,already-present-matching
membership-image,"resources/source-cds/23-Haverfordwest,1847-1853,LR1134321/Images/LR-1134321_v1_M_00124.jpg","23-Haverfordwest,1847-1853,LR1134321/Images/LR-1134321_v1_M_00124.jpg",457999,94a3b05defe26c4d7ee5f9a3bb7aee32,5610a6a226ebefe56399b97bc7fec9de591ba999,,,already-present-matching
membership-image,"resources/source-cds/23-Haverfordwest,1847-1853,LR1134321/Images/LR-1134321_v1_M_00125.jpg","23-Haverfordwest,1847-1853,LR1134321/Images/LR-1134321_v1_M_00125.jpg",463114,f2980f9bf0df65af2df09ec707f126b6,9807d9db483302e054e931e10df81fb391efbb6a,,,already-present-matching
membership-image,"resources/source-cds/23-Haverfordwest,1847-1853,LR1134321/Images/LR-1134321_v1_M_00126.jpg","23-Haverfordwest,1847-1853,LR1134321/Images/LR-1134321_v1_M_00126.jpg",456009,b76fb9856560d351c34aa40a5f3b61e5,0fd9c7039da21e7d71f56723f4d667e12b5c52b6,,,already-present-matching
membership-image,"resources/source-cds/23-Haverfordwest,1847-1853,LR1134321/Images/LR-1134321_v1_M_00127.jpg","23-Haverfordwest,1847-1853,LR1134321/Images/LR-1134321_v1_M_00127.jpg",452002,35324901e2be26f0852737804c11b5f7,a0664a61adcdbbc464325c35afbf4ba288275bad,,,already-present-matching
membership-image,"resources/source-cds/23-Haverfordwest,1847-1853,LR1134321/Images/LR-1134321_v1_M_00128.jpg","23-Haverfordwest,1847-1853,LR1134321/Images/LR-1134321_v1_M_00128.jpg",447803,76085c1662e50b7e664b1fa2e8dccac6,2bc1aefa08943c0da47c82135cd6bbfa557f9530,,,already-present-matching
membership-image,"resources/source-cds/23-Haverfordwest,1847-1853,LR1134321/Images/LR-1134321_v1_M_00129.jpg","23-Haverfordwest,1847-1853,LR1134321/Images/LR-1134321_v1_M_00129.jpg",441579,11afa0f9d16732a4e4d3685467e3b4b4,28186571913deacea1d3e40319b6cb024f99bbe5,,,already-present-matching
membership-image,"resources/source-cds/23-Haverfordwest,1847-1853,LR1134321/Images/LR-1134321_v1_M_00130.jpg","23-Haverfordwest,1847-1853,LR1134321/Images/LR-1134321_v1_M_00130.jpg",429004,a418fb0288101f3239e2f9ff146bb98d,098fc8a95b12397599da9c0664f6d50dbd505c36,,,already-present-matching
membership-image,"resources/source-cds/23-Haverfordwest,1847-1853,LR1134321/Images/LR-1134321_v1_M_00131.jpg","23-Haverfordwest,1847-1853,LR1134321/Images/LR-1134321_v1_M_00131.jpg",422993,9e5f85ede500fc3c98a12fb6c8905882,95b3738d24448384c5b97355f5ed73456722642c,,,already-present-matching
membership-image,"resources/source-cds/23-Haverfordwest,1847-1853,LR1134321/Images/LR-1134321_v1_M_00132.jpg","23-Haverfordwest,1847-1853,LR1134321/Images/LR-1134321_v1_M_00132.jpg",412020,2073097a1ae4a1b805ab11f81419b831,bfebe6f552d80c06fe273cf734e99f5e5393cf45,,,already-present-matching
membership-image,"resources/source-cds/23-Haverfordwest,1847-1853,LR1134321/Images/LR-1134321_v1_M_00133.jpg","23-Haverfordwest,1847-1853,LR1134321/Images/LR-1134321_v1_M_00133.jpg",411211,64e3056735c606141decda9d866bba98,dc513a954557483d7c9364cb401c82d9e23131de,,,already-present-matching
membership-image,"resources/source-cds/23-Haverfordwest,1847-1853,LR1134321/Images/LR-1134321_v1_M_00134.jpg","23-Haverfordwest,1847-1853,LR1134321/Images/LR-1134321_v1_M_00134.jpg",434668,da5909da215e4086a56b5a8987c8b4b2,62aaab0504bd0a9c151690d9c3b7036473934fa9,,,already-present-matching
membership-image,"resources/source-cds/23-Haverfordwest,1847-1853,LR1134321/Images/LR-1134321_v1_M_00135.jpg","23-Haverfordwest,1847-1853,LR1134321/Images/LR-1134321_v1_M_00135.jpg",392858,6450b7b6e429bce08b37906108327183,ab14cb835d3a98f68fb314fc2e95cfe66260e347,,,already-present-matching
membership-image,"resources/source-cds/23-Haverfordwest,1847-1853,LR1134321/Images/LR-1134321_v1_M_00136.jpg","23-Haverfordwest,1847-1853,LR1134321/Images/LR-1134321_v1_M_00136.jpg",425535,cf0f01dcc4b160d1284f5897edf53866,f5df64be9b6e280536a8ce874fcecd219d4fe77d,,,already-present-matching
membership-image,"resources/source-cds/23-Haverfordwest,1847-1853,LR1134321/Images/LR-1134321_v1_M_00137.jpg","23-Haverfordwest,1847-1853,LR1134321/Images/LR-1134321_v1_M_00137.jpg",465715,2a17bcaa5c7912df407f37baa8d2f43e,256f6e9e3a3c9d09931708cd4d70985cc99e9625,,,already-present-matching
membership-image,"resources/source-cds/23-Haverfordwest,1847-1853,LR1134321/Images/LR-1134321_v1_M_00138.jpg","23-Haverfordwest,1847-1853,LR1134321/Images/LR-1134321_v1_M_00138.jpg",366972,505fddeab0e8e5f11ca8cbd0ed11bcaa,115c5e5bc2929b0aa1dcd120fe6ce2b386e02617,,,already-present-matching
membership-image,"resources/source-cds/23-Haverfordwest,1847-1853,LR1134321/Images/LR-1134321_v1_M_00139.jpg","23-Haverfordwest,1847-1853,LR1134321/Images/LR-1134321_v1_M_00139.jpg",347363,032cef77a8b981ffa0b30ec3acd41195,6dd61ec1e0a9a6d3808c604bcfdea35ab887293b,,,already-present-matching
membership-image,"resources/source-cds/23-Haverfordwest,1847-1853,LR1134321/Images/LR-1134321_v1_M_00140.jpg","23-Haverfordwest,1847-1853,LR1134321/Images/LR-1134321_v1_M_00140.jpg",437271,0b317b2ffb6c286712f2a5f9854212f1,3a21b56773629e2961546e1a190a279aab9af264,,,already-present-matching
membership-image,"resources/source-cds/23-Haverfordwest,1847-1853,LR1134321/Images/LR-1134321_v1_M_00141.jpg","23-Haverfordwest,1847-1853,LR1134321/Images/LR-1134321_v1_M_00141.jpg",299339,436be258a8ce8efcee9140cde3611857,23dd3eddeed89a81c59c113d0a37782a611c5f45,,,already-present-matching
membership-image,"resources/source-cds/23-Haverfordwest,1847-1853,LR1134321/Images/LR-1134321_v1_M_00142.jpg","23-Haverfordwest,1847-1853,LR1134321/Images/LR-1134321_v1_M_00142.jpg",300720,4692d0048a21db81888c8150e67299b3,838479b7b1fc1e370d04a3221324eaccdb4dbd74,,,already-present-matching
membership-image,"resources/source-cds/23-Haverfordwest,1847-1853,LR1134321/Images/LR-1134321_v1_M_00143.jpg","23-Haverfordwest,1847-1853,LR1134321/Images/LR-1134321_v1_M_00143.jpg",305576,3309e8e7f4b85f3bcd28f4c61b32d41d,70cf52b8e79344738d22e15297205c2509b2cc69,,,already-present-matching
membership-image,"resources/source-cds/23-Haverfordwest,1847-1853,LR1134321/Images/LR-1134321_v1_M_00144.jpg","23-Haverfordwest,1847-1853,LR1134321/Images/LR-1134321_v1_M_00144.jpg",299883,c27bf49cb0038c87a6f0f586d4599ba5,bb01019d9ea31fd6429aeb9f53904873fee74545,,,already-present-matching
membership-image,"resources/source-cds/23-Haverfordwest,1847-1853,LR1134321/Images/LR-1134321_v1_M_00145.jpg","23-Haverfordwest,1847-1853,LR1134321/Images/LR-1134321_v1_M_00145.jpg",312128,047bbb7c2d3919e4a6fd3529dfb0e03c,6b0a36290df4b40b43a569c18fd7ef10ec079cb4,,,already-present-matching
membership-image,"resources/source-cds/23-Haverfordwest,1847-1853,LR1134321/Images/LR-1134321_v1_M_00145a.jpg","23-Haverfordwest,1847-1853,LR1134321/Images/LR-1134321_v1_M_00145a.jpg",416024,533547dfa90f707e582596b6b4839ce3,e4b90b86e1e622995258a9d9ab9e110d307ab28b,,,already-present-matching
membership-image,"resources/source-cds/23-Haverfordwest,1847-1853,LR1134321/Images/LR-1134321_v1_M_00146.jpg","23-Haverfordwest,1847-1853,LR1134321/Images/LR-1134321_v1_M_00146.jpg",366087,e834a060bc35ac8e2d456ceab53575bd,17930bc67e6a9bb1943c6086a0d63677e8a3a0a5,,,already-present-matching
membership-image,"resources/source-cds/23-Haverfordwest,1847-1853,LR1134321/Images/LR-1134321_v1_M_00147.jpg","23-Haverfordwest,1847-1853,LR1134321/Images/LR-1134321_v1_M_00147.jpg",300025,32403ce2f185dd16ac15e2963ee20eea,63c130508e43afce0f41e477a6644a37bd6bbb35,,,already-present-matching
membership-image,"resources/source-cds/23-Haverfordwest,1847-1853,LR1134321/Images/LR-1134321_v1_M_00148.jpg","23-Haverfordwest,1847-1853,LR1134321/Images/LR-1134321_v1_M_00148.jpg",401580,9a907b4ba1adf71c0f94032fc258d0bb,03b6f3ac3c2468554de1aff0af6c7d8e4df61e8e,,,already-present-matching
membership-image,"resources/source-cds/23-Haverfordwest,1847-1853,LR1134321/Images/LR-1134321_v1_M_00149.jpg","23-Haverfordwest,1847-1853,LR1134321/Images/LR-1134321_v1_M_00149.jpg",302965,3070299e0ec337fc54713953961da0c4,1b3260c1b3679b7224cbf5d133319741718f1e8c,,,already-present-matching
membership-image,"resources/source-cds/23-Haverfordwest,1847-1853,LR1134321/Images/LR-1134321_v1_M_00150.jpg","23-Haverfordwest,1847-1853,LR1134321/Images/LR-1134321_v1_M_00150.jpg",342054,c127158db11eec06321d524cefa5a15b,d6c3749c52ff8fb6da1bcb4c5d1043d313cdbfdf,,,already-present-matching
membership-image,"resources/source-cds/23-Haverfordwest,1847-1853,LR1134321/Images/LR-1134321_v1_M_00151.jpg","23-Haverfordwest,1847-1853,LR1134321/Images/LR-1134321_v1_M_00151.jpg",401914,afe83435af19699d2ce6fcd1b5b745de,0621afb3d117ea6ff06510c8ebb98010103083d1,,,already-present-matching
membership-image,"resources/source-cds/23-Haverfordwest,1847-1853,LR1134321/Images/LR-1134321_v1_M_colort2.jpg","23-Haverfordwest,1847-1853,LR1134321/Images/LR-1134321_v1_M_colort2.jpg",3677,2c2cc5382c08b82b1c489908f91cbd5a,28d07d9ae62625efb38012327f1a84560e9597c9,,,already-present-matching
membership-image,"resources/source-cds/24-Nantyglo,1846-1867,LR1747/images/LR-1175710_v1590_M_00101.jpg","24-Nantyglo,1846-1867,LR1747/images/LR-1175710_v1590_M_00101.jpg",749687,d6ef337a9871bdc45b059eceb0e189c7,37ad3281c2197906d8378878253dad0a49253c5f,,,already-present-matching
membership-image,"resources/source-cds/24-Nantyglo,1846-1867,LR1747/images/LR-1175710_v1590_M_00102.jpg","24-Nantyglo,1846-1867,LR1747/images/LR-1175710_v1590_M_00102.jpg",726689,154941a9db4475cbf04c752d8cbbe077,e785f876150b1e6cf0baf15bfac2d0e2c96e8768,,,already-present-matching
membership-image,"resources/source-cds/24-Nantyglo,1846-1867,LR1747/images/LR-1175710_v1590_M_00103.jpg","24-Nantyglo,1846-1867,LR1747/images/LR-1175710_v1590_M_00103.jpg",747735,51853fe778fb173e5217e26f89f02fd7,fe0949b1bfe1acc5834efcd4b9b7c67674344dac,,,already-present-matching
membership-image,"resources/source-cds/24-Nantyglo,1846-1867,LR1747/images/LR-1175710_v1590_M_00104.jpg","24-Nantyglo,1846-1867,LR1747/images/LR-1175710_v1590_M_00104.jpg",719971,614f1d9d960e0189b9cfb5b81e8cf1c6,516f5bbab9c6d11b7e58e0fd02816bd7e38294bc,,,already-present-matching
membership-image,"resources/source-cds/24-Nantyglo,1846-1867,LR1747/images/LR-1175710_v1590_M_00105.jpg","24-Nantyglo,1846-1867,LR1747/images/LR-1175710_v1590_M_00105.jpg",735896,2acb37bca13ffea65582757c8664432a,9398e5235f17229be9f510b873c4059a033acbaf,,,already-present-matching
membership-image,"resources/source-cds/24-Nantyglo,1846-1867,LR1747/images/LR-1175710_v1590_M_00106.jpg","24-Nantyglo,1846-1867,LR1747/images/LR-1175710_v1590_M_00106.jpg",730315,05718f76fbab8cae429eefeda6471f40,ca41aa086f04687cd48ae937346d4ce7d2fc75c9,,,already-present-matching
membership-image,"resources/source-cds/24-Nantyglo,1846-1867,LR1747/images/LR-1175710_v1590_M_00107.jpg","24-Nantyglo,1846-1867,LR1747/images/LR-1175710_v1590_M_00107.jpg",720072,297c73232308ff8c6ee4a0b67dea5723,76def37e087ee81f2ff0b4191489ed1b1dd1adcf,,,already-present-matching
membership-image,"resources/source-cds/24-Nantyglo,1846-1867,LR1747/images/LR-1175710_v1590_M_00108.jpg","24-Nantyglo,1846-1867,LR1747/images/LR-1175710_v1590_M_00108.jpg",760444,c24941fa0d2b807d55bb75b4ddb6ae0b,bbd45a5c6372b9df832206cee1bfe71bfd378e27,,,already-present-matching
membership-image,"resources/source-cds/24-Nantyglo,1846-1867,LR1747/images/LR-1175710_v1590_M_00109.jpg","24-Nantyglo,1846-1867,LR1747/images/LR-1175710_v1590_M_00109.jpg",732562,e8080cb2113ab4e8f8fd36deb32c6f76,a71fd5f852908270dd595ee244fcedd410c5a42f,,,already-present-matching
membership-image,"resources/source-cds/24-Nantyglo,1846-1867,LR1747/images/LR-1175710_v1590_M_00110.jpg","24-Nantyglo,1846-1867,LR1747/images/LR-1175710_v1590_M_00110.jpg",772471,e99aadd6b89bd19d69fea24be0242aea,5ce91d754e96db13160d3b15bd8392d397877e52,,,already-present-matching
membership-image,"resources/source-cds/24-Nantyglo,1846-1867,LR1747/images/LR-1175710_v1590_M_00111.jpg","24-Nantyglo,1846-1867,LR1747/images/LR-1175710_v1590_M_00111.jpg",762989,3e4c119727040c4800acd3bf5646fcf9,ffb3ce1557ff3e78a0abee6578a897b72e92e9a1,,,already-present-matching
membership-image,"resources/source-cds/24-Nantyglo,1846-1867,LR1747/images/LR-1175710_v1590_M_00112.jpg","24-Nantyglo,1846-1867,LR1747/images/LR-1175710_v1590_M_00112.jpg",819793,476dac6fdce7a50fdde7ca57971e8c26,9ba976fb3a18beda23b76338f42de6ac1b2e4568,,,already-present-matching
membership-image,"resources/source-cds/24-Nantyglo,1846-1867,LR1747/images/LR-1175710_v1590_M_00113.jpg","24-Nantyglo,1846-1867,LR1747/images/LR-1175710_v1590_M_00113.jpg",760233,f0624f2b2941c0114b4aece9911a4950,f75a648604d1a853ef2260847f346de75cda3c6d,,,already-present-matching
membership-image,"resources/source-cds/24-Nantyglo,1846-1867,LR1747/images/LR-1175710_v1590_M_00114.jpg","24-Nantyglo,1846-1867,LR1747/images/LR-1175710_v1590_M_00114.jpg",759653,8a19544d089eb69a093899a85fc626a6,f44251e17a46bc6bfb2b9354a3cbc9f1000977df,,,already-present-matching
membership-image,"resources/source-cds/24-Nantyglo,1846-1867,LR1747/images/LR-1175710_v1590_M_00115.jpg","24-Nantyglo,1846-1867,LR1747/images/LR-1175710_v1590_M_00115.jpg",749031,1a7162c660cf002b26c8f187159f4186,a5bcc57fe82f6ba4b7ad878df6e90efe6a746bb4,,,already-present-matching
membership-image,"resources/source-cds/24-Nantyglo,1846-1867,LR1747/images/LR-1175710_v1590_M_00116.jpg","24-Nantyglo,1846-1867,LR1747/images/LR-1175710_v1590_M_00116.jpg",763032,c85cecf1c968e150daf5b00fa7b2ecf3,2a6ad9df360dcd8fc1f5d19ea98b86622bb16bf6,,,already-present-matching
membership-image,"resources/source-cds/24-Nantyglo,1846-1867,LR1747/images/LR-1175710_v1590_M_00117.jpg","24-Nantyglo,1846-1867,LR1747/images/LR-1175710_v1590_M_00117.jpg",752472,8374b74e3d4964542fb0e762c9531ac9,564e940ba11dc7b226bc44dd84620ac548aaadb5,,,already-present-matching
membership-image,"resources/source-cds/24-Nantyglo,1846-1867,LR1747/images/LR-1175710_v1590_M_00118.jpg","24-Nantyglo,1846-1867,LR1747/images/LR-1175710_v1590_M_00118.jpg",764786,e62a23e2c4c553f6b20223b75cb602d5,798bd56605bee2919a2b82ce26c7a2be21f1cfd6,,,already-present-matching
membership-image,"resources/source-cds/24-Nantyglo,1846-1867,LR1747/images/LR-1175710_v1590_M_00119.jpg","24-Nantyglo,1846-1867,LR1747/images/LR-1175710_v1590_M_00119.jpg",760963,906b09546fcf846384da167fc1fb24e4,8a629b5d7a7ee75e3255cd99584de8ea95968ce7,,,already-present-matching
membership-image,"resources/source-cds/24-Nantyglo,1846-1867,LR1747/images/LR-1175710_v1590_M_00120.jpg","24-Nantyglo,1846-1867,LR1747/images/LR-1175710_v1590_M_00120.jpg",740610,e61e83811c1127fdc0019036a0e1bbf8,2708f4ad50c6e6416d961abe9129c95ca79c8860,,,already-present-matching
membership-image,"resources/source-cds/24-Nantyglo,1846-1867,LR1747/images/LR-1175710_v1590_M_00121.jpg","24-Nantyglo,1846-1867,LR1747/images/LR-1175710_v1590_M_00121.jpg",730437,90e642d4d2b02e7fa925a33997a8dcb8,c23b3ea901b18a0feb2896ac8e74e99ed391abca,,,already-present-matching
membership-image,"resources/source-cds/24-Nantyglo,1846-1867,LR1747/images/LR-1175710_v1590_M_00122.jpg","24-Nantyglo,1846-1867,LR1747/images/LR-1175710_v1590_M_00122.jpg",774930,75951855b58041cf1c09ecc737448743,10a154a2cbcb17e5b954cd7f7bad187ed97cdade,,,already-present-matching
membership-image,"resources/source-cds/24-Nantyglo,1846-1867,LR1747/images/LR-1175710_v1590_M_00123.jpg","24-Nantyglo,1846-1867,LR1747/images/LR-1175710_v1590_M_00123.jpg",704946,df9bd662d8f1104ad0220c6303094134,bde0de3c1ec6a211d7e79d9a3518ee2cd3a5bd9e,,,already-present-matching
membership-image,"resources/source-cds/24-Nantyglo,1846-1867,LR1747/images/LR-1175710_v1590_M_00124.jpg","24-Nantyglo,1846-1867,LR1747/images/LR-1175710_v1590_M_00124.jpg",794322,e2e8121248678f38cb11bc7ca47dff5b,654dfe59740068b5e31269a3b924937225666f51,,,already-present-matching
membership-image,"resources/source-cds/24-Nantyglo,1846-1867,LR1747/images/LR-1175710_v1590_M_00125.jpg","24-Nantyglo,1846-1867,LR1747/images/LR-1175710_v1590_M_00125.jpg",667569,337b3e7099fc94fc354124391462cc94,be5a003e53510b241492074a085f3b413e2bf927,,,already-present-matching
membership-image,"resources/source-cds/24-Nantyglo,1846-1867,LR1747/images/LR-1175710_v1590_M_00126.jpg","24-Nantyglo,1846-1867,LR1747/images/LR-1175710_v1590_M_00126.jpg",751946,9d927dcc15cc98881ac35a0fad2ca88a,7923782d1523798e8f11d663b2068ca03f9d3e77,,,already-present-matching
membership-image,"resources/source-cds/24-Nantyglo,1846-1867,LR1747/images/LR-1175710_v1590_M_00127.jpg","24-Nantyglo,1846-1867,LR1747/images/LR-1175710_v1590_M_00127.jpg",719888,ed1e4d51e110a675b0a720f3383e9409,7bbab39c72e32783833aa99d909c1263c853f44c,,,already-present-matching
membership-image,"resources/source-cds/24-Nantyglo,1846-1867,LR1747/images/LR-1175710_v1590_M_00128.jpg","24-Nantyglo,1846-1867,LR1747/images/LR-1175710_v1590_M_00128.jpg",797631,5293c5152772b16a3f31fffb660df32a,0bc916e7f6b8dd12306418ebe34247dbd1de8cd6,,,already-present-matching
membership-image,"resources/source-cds/24-Nantyglo,1846-1867,LR1747/images/LR-1175710_v1590_M_00129.jpg","24-Nantyglo,1846-1867,LR1747/images/LR-1175710_v1590_M_00129.jpg",735006,9aba987f564f0aa614840ce1ffce3a6f,d0514ed180e3569f222a95398e2879c1726cb66c,,,already-present-matching
membership-image,"resources/source-cds/24-Nantyglo,1846-1867,LR1747/images/LR-1175710_v1590_M_00130.jpg","24-Nantyglo,1846-1867,LR1747/images/LR-1175710_v1590_M_00130.jpg",772203,2d6160a158e31c473968a0a1e60aa86a,e92666dd858603089bb903f09f94527a86d82b2b,,,already-present-matching
membership-image,"resources/source-cds/24-Nantyglo,1846-1867,LR1747/images/LR-1175710_v1590_M_00131.jpg","24-Nantyglo,1846-1867,LR1747/images/LR-1175710_v1590_M_00131.jpg",700275,b6a59e04796980ee3b8af1496786edef,48d5f1b8b35ad048330085afb54ec091d390eec9,,,already-present-matching
membership-image,"resources/source-cds/24-Nantyglo,1846-1867,LR1747/images/LR-1175710_v1590_M_00132.jpg","24-Nantyglo,1846-1867,LR1747/images/LR-1175710_v1590_M_00132.jpg",643411,8b860f2bc13d75d9614b587b66e30a32,a3c895b6560da251e138674499e43c7bab9f166c,,,already-present-matching
membership-image,"resources/source-cds/24-Nantyglo,1846-1867,LR1747/images/LR-1175710_v1590_M_00133.jpg","24-Nantyglo,1846-1867,LR1747/images/LR-1175710_v1590_M_00133.jpg",694007,4e14e3f3cf3a1b54395e9e25f43128c2,082d443bfa9aa0c7fc982a70a496bbe8e53089cd,,,already-present-matching
membership-image,"resources/source-cds/24-Nantyglo,1846-1867,LR1747/images/LR-1175710_v1590_M_00134.jpg","24-Nantyglo,1846-1867,LR1747/images/LR-1175710_v1590_M_00134.jpg",645986,e8e36fc51e05cafa473e0747341a98ee,c7bd21d84f27d56024ca76a2ef06ad3a9414622d,,,already-present-matching
membership-image,"resources/source-cds/24-Nantyglo,1846-1867,LR1747/images/LR-1175710_v1590_M_00135.jpg","24-Nantyglo,1846-1867,LR1747/images/LR-1175710_v1590_M_00135.jpg",673774,9941e88ecefd348f02fbe6facda9e122,f9417c759e30000f30dea3e55df58679959aa53d,,,already-present-matching
membership-image,"resources/source-cds/24-Nantyglo,1846-1867,LR1747/images/LR-1175710_v1590_M_00136.jpg","24-Nantyglo,1846-1867,LR1747/images/LR-1175710_v1590_M_00136.jpg",656646,81f03fc0812ce716091eae847eda410e,2f1c184cf81199ffac39c8676b8d82dfeda34349,,,already-present-matching
membership-image,"resources/source-cds/24-Nantyglo,1846-1867,LR1747/images/LR-1175710_v1590_M_00137.jpg","24-Nantyglo,1846-1867,LR1747/images/LR-1175710_v1590_M_00137.jpg",678203,29840ed9fdd1970a4fb43f5df4936f5a,f016873cc3a649f8c80785f2278d547d5e631f9d,,,already-present-matching
membership-image,"resources/source-cds/24-Nantyglo,1846-1867,LR1747/images/LR-1175710_v1590_M_00138.jpg","24-Nantyglo,1846-1867,LR1747/images/LR-1175710_v1590_M_00138.jpg",651999,cc47412b696bfaa05d225de8f4e32f6b,6bb946a30ab025a960794ed07e5a278aff8b9596,,,already-present-matching
membership-image,"resources/source-cds/24-Nantyglo,1846-1867,LR1747/images/LR-1175710_v1590_M_00139.jpg","24-Nantyglo,1846-1867,LR1747/images/LR-1175710_v1590_M_00139.jpg",755546,a325fd9e2a76dd9720b94d6354f26c63,948b95be275cacd8630c1ef6c63cc483cc3fa12a,,,already-present-matching
membership-image,"resources/source-cds/24-Nantyglo,1846-1867,LR1747/images/LR-1175710_v1590_M_00140.jpg","24-Nantyglo,1846-1867,LR1747/images/LR-1175710_v1590_M_00140.jpg",782302,f915a054624981062ef992ba03536631,2ab4885f2c9f829bcddc0c2634f0b45b8dbb8c66,,,already-present-matching
membership-image,"resources/source-cds/24-Nantyglo,1846-1867,LR1747/images/LR-1175710_v1590_M_00141.jpg","24-Nantyglo,1846-1867,LR1747/images/LR-1175710_v1590_M_00141.jpg",777638,a2eb30130c802642025a2a860e2d44aa,fb72072532d759d53e91f32164600b433cbc0421,,,already-present-matching
membership-image,"resources/source-cds/24-Nantyglo,1846-1867,LR1747/images/LR-1175710_v1590_M_00142.jpg","24-Nantyglo,1846-1867,LR1747/images/LR-1175710_v1590_M_00142.jpg",932007,fa128e6307d55c30f4aa6dac63e062ab,d98655503a2fcbd2651442a622981549093274c3,,,already-present-matching
membership-image,"resources/source-cds/24-Nantyglo,1846-1867,LR1747/images/LR-1175710_v1590_M_00143.jpg","24-Nantyglo,1846-1867,LR1747/images/LR-1175710_v1590_M_00143.jpg",837776,a9f87b146b7e3d4b8f761845ace48a0b,5f69a4f58626fa095c34465cf8a3550de2b75844,,,already-present-matching
membership-image,"resources/source-cds/24-Nantyglo,1846-1867,LR1747/images/LR-1175710_v1590_M_00144.jpg","24-Nantyglo,1846-1867,LR1747/images/LR-1175710_v1590_M_00144.jpg",777405,467e80e994713372d54016d03f5614fd,a85e37238662e8b7f3524fa2fb0443ad60cebc0e,,,already-present-matching
membership-image,"resources/source-cds/24-Nantyglo,1846-1867,LR1747/images/LR-1175710_v1590_M_00145.jpg","24-Nantyglo,1846-1867,LR1747/images/LR-1175710_v1590_M_00145.jpg",676635,85ad5be161c8f07a9753e6a61d79fd3e,b740bcd122b9c754a16a124ed7cad27086203614,,,already-present-matching
membership-image,"resources/source-cds/24-Nantyglo,1846-1867,LR1747/images/LR-1175710_v1590_M_00146.jpg","24-Nantyglo,1846-1867,LR1747/images/LR-1175710_v1590_M_00146.jpg",722379,9f0ab45969e621d8ff50d7cf3ea5cb98,25743dcab3813cc26c9b6989a128100a909d6802,,,already-present-matching
membership-image,"resources/source-cds/24-Nantyglo,1846-1867,LR1747/images/LR-1175710_v1590_M_00147.jpg","24-Nantyglo,1846-1867,LR1747/images/LR-1175710_v1590_M_00147.jpg",677286,65c7d4f17dd8f8daee9bdf8d1e217df8,1b3ab42468417a9f7afcb8cd1353566e96a8ecba,,,already-present-matching
membership-image,"resources/source-cds/24-Nantyglo,1846-1867,LR1747/images/LR-1175710_v1590_M_00148.jpg","24-Nantyglo,1846-1867,LR1747/images/LR-1175710_v1590_M_00148.jpg",567875,1fc550e5edc68c471bff863f1229cb27,d2c65a6c10e255174d033627a059d58a02a125c2,,,already-present-matching
membership-image,"resources/source-cds/24-Nantyglo,1846-1867,LR1747/images/LR-1175710_v1590_M_00149.jpg","24-Nantyglo,1846-1867,LR1747/images/LR-1175710_v1590_M_00149.jpg",574858,f76ada1ca17597d0c6aecfbbdf1c5b0b,05ea32dbe3f5d7ae1ac10ad706074e71d34d481e,,,already-present-matching
membership-image,"resources/source-cds/24-Nantyglo,1846-1867,LR1747/images/LR-1175710_v1590_M_00150.jpg","24-Nantyglo,1846-1867,LR1747/images/LR-1175710_v1590_M_00150.jpg",836552,b311cf50f976d28cf65adf9b96faf3d9,81dec7e6d32b71a4bf320f2910a9bd693107afa7,,,already-present-matching
membership-image,"resources/source-cds/24-Nantyglo,1846-1867,LR1747/images/LR-1175710_v1590_M_00151.jpg","24-Nantyglo,1846-1867,LR1747/images/LR-1175710_v1590_M_00151.jpg",618925,1ac8872f59ac57a86d53130fceedba5b,6de581f1164a3aae833cf62cc7d4486aad05f2e6,,,already-present-matching
membership-image,"resources/source-cds/24-Nantyglo,1846-1867,LR1747/images/LR-1175710_v1590_M_00152.jpg","24-Nantyglo,1846-1867,LR1747/images/LR-1175710_v1590_M_00152.jpg",882363,644dab701cb0a1319b60f5e8b2c137e4,d4f101f1c2ead298290e32378a9658020f0e2743,,,already-present-matching
membership-image,"resources/source-cds/24-Nantyglo,1846-1867,LR1747/images/LR-1175710_v1590_M_00153.jpg","24-Nantyglo,1846-1867,LR1747/images/LR-1175710_v1590_M_00153.jpg",842086,e71609c19527046a0d74acca870b553c,bbdde1c1663292b08303245c38e5d8a2f3be868a,,,already-present-matching
membership-image,"resources/source-cds/24-Nantyglo,1846-1867,LR1747/images/LR-1175710_v1590_M_00154.jpg","24-Nantyglo,1846-1867,LR1747/images/LR-1175710_v1590_M_00154.jpg",576585,536a0a0b7cd0a18647f8940f664b11c4,b7b332ed66c5f43f5c5b51f1cc16422cfa268a26,,,already-present-matching
membership-image,"resources/source-cds/24-Nantyglo,1846-1867,LR1747/images/LR-1175710_v1590_M_00155.jpg","24-Nantyglo,1846-1867,LR1747/images/LR-1175710_v1590_M_00155.jpg",569170,c1d4c1d07c37f1fd1e0da3995e75eb56,d92053d184e337a032f45d4ed5e2b2296e98a476,,,already-present-matching
membership-image,"resources/source-cds/24-Nantyglo,1846-1867,LR1747/images/LR-1175710_v1590_M_00156.jpg","24-Nantyglo,1846-1867,LR1747/images/LR-1175710_v1590_M_00156.jpg",937582,c09acd8f80857c67a236788aebd852ed,8c128acf156b7a2cc641c00c073988eb2c39c838,,,already-present-matching
membership-image,"resources/source-cds/24-Nantyglo,1846-1867,LR1747/images/LR-1175710_v1590_M_00157.jpg","24-Nantyglo,1846-1867,LR1747/images/LR-1175710_v1590_M_00157.jpg",941968,86b86dc22686be9227bcc71c9cd385d7,458bb716131431501a01fb37d7fa6d16cc1f23c3,,,already-present-matching
membership-image,"resources/source-cds/24-Nantyglo,1846-1867,LR1747/images/LR-1175710_v1590_M_00158.jpg","24-Nantyglo,1846-1867,LR1747/images/LR-1175710_v1590_M_00158.jpg",441669,798552a588b62fb07487fe2741fb1e3f,9be62dd12d17294b4636c7f5b9334e3e37a5b989,,,already-present-matching
membership-image,"resources/source-cds/24-Nantyglo,1846-1867,LR1747/images/LR-1175710_v1590_M_00160.jpg","24-Nantyglo,1846-1867,LR1747/images/LR-1175710_v1590_M_00160.jpg",548327,6b29e7e6ed8ed9cf0dd0ac449dfae1cb,7fe2e0be9184ed10d9b77ba623ecb487799f309b,,,already-present-matching
membership-image,"resources/source-cds/24-Nantyglo,1846-1867,LR1747/images/LR-1175710_v1590_M_00161.jpg","24-Nantyglo,1846-1867,LR1747/images/LR-1175710_v1590_M_00161.jpg",591654,a258ac6a6d07f16e640eb1bb1ecc8479,0bfdbd6cbd9b23b6475766500d4a4642140ab9be,,,already-present-matching
membership-image,"resources/source-cds/24-Nantyglo,1846-1867,LR1747/images/LR-1175710_v1590_M_colort2.jpg","24-Nantyglo,1846-1867,LR1747/images/LR-1175710_v1590_M_colort2.jpg",3850,ffd86f38f37a20803e138e02eea1eca1,92412de654d45884b9fe89516af919bd9f7fd5b0,,,already-present-matching
membership-image,"resources/source-cds/25-Abersychan,1849-1898,LR104687/images/LR 10468 7_v1_00101.jpg","25-Abersychan,1849-1898,LR104687/images/LR 10468 7_v1_00101.jpg",724320,36467e20a77fd93473df72c40b85b764,8d8894bd4ac9382b56656ea2915849853a56abab,,,already-present-matching
membership-image,"resources/source-cds/25-Abersychan,1849-1898,LR104687/images/LR 10468 7_v1_00102.jpg","25-Abersychan,1849-1898,LR104687/images/LR 10468 7_v1_00102.jpg",807964,9d4389535736b2bd30762a9f96fe1e16,a9341cf81c443cb47baf3eb0882a6939b4555bce,,,already-present-matching
membership-image,"resources/source-cds/25-Abersychan,1849-1898,LR104687/images/LR 10468 7_v1_00103.jpg","25-Abersychan,1849-1898,LR104687/images/LR 10468 7_v1_00103.jpg",708805,c846f4af4da65fa8eb24c7df3982abc8,24a1c9755b1c052273e62c0c04e2fdb8abb5de7c,,,already-present-matching
membership-image,"resources/source-cds/25-Abersychan,1849-1898,LR104687/images/LR 10468 7_v1_00104.jpg","25-Abersychan,1849-1898,LR104687/images/LR 10468 7_v1_00104.jpg",870241,5bc75a1a66c75a25d521f31756ce03a9,6822b5a76dab784fc2cc10b54bcd620cb3d56b53,,,already-present-matching
membership-image,"resources/source-cds/25-Abersychan,1849-1898,LR104687/images/LR 10468 7_v1_00105.jpg","25-Abersychan,1849-1898,LR104687/images/LR 10468 7_v1_00105.jpg",737403,299ecb7a93aea1e6689bbbd599c984bd,de9914cb641bd6806dcc4d4769f659f587567605,,,already-present-matching
membership-image,"resources/source-cds/25-Abersychan,1849-1898,LR104687/images/LR 10468 7_v1_00106.jpg","25-Abersychan,1849-1898,LR104687/images/LR 10468 7_v1_00106.jpg",830016,c39afc23cb24ed04f192a7d1c73bd92c,7e1a7af866d0ab85da56b6d8a2e0391a5eb5f9ba,,,already-present-matching
membership-image,"resources/source-cds/25-Abersychan,1849-1898,LR104687/images/LR 10468 7_v1_00107.jpg","25-Abersychan,1849-1898,LR104687/images/LR 10468 7_v1_00107.jpg",736040,ab50da1c88b6c037668db7de162bf92f,4057777508bbe247e13eb4cb085d8e2c5abc3cc5,,,already-present-matching
membership-image,"resources/source-cds/25-Abersychan,1849-1898,LR104687/images/LR 10468 7_v1_00108.jpg","25-Abersychan,1849-1898,LR104687/images/LR 10468 7_v1_00108.jpg",841787,96c83e68582408e9611c9ddd29e87e20,efd06253e18009cef0cc4a5d4fa474c429087a20,,,already-present-matching
membership-image,"resources/source-cds/25-Abersychan,1849-1898,LR104687/images/LR 10468 7_v1_00109.jpg","25-Abersychan,1849-1898,LR104687/images/LR 10468 7_v1_00109.jpg",788644,317823d34f2cc594bd9c3b3f0606e6ee,02deba31ba5265f5184670b17ad1a1c5ffda01fc,,,already-present-matching
membership-image,"resources/source-cds/25-Abersychan,1849-1898,LR104687/images/LR 10468 7_v1_00110.jpg","25-Abersychan,1849-1898,LR104687/images/LR 10468 7_v1_00110.jpg",813297,36391b2faf8813da7cd2137cc04b2f53,085d891193070e1a3dedf825b717b09afeb65881,,,already-present-matching
membership-image,"resources/source-cds/25-Abersychan,1849-1898,LR104687/images/LR 10468 7_v1_00111.jpg","25-Abersychan,1849-1898,LR104687/images/LR 10468 7_v1_00111.jpg",760334,3bbc6679651b3a5f8592a26b8230806c,5bc5ce22ea75d834b41dd56057b4c7d204c7146f,,,already-present-matching
membership-image,"resources/source-cds/25-Abersychan,1849-1898,LR104687/images/LR 10468 7_v1_00112.jpg","25-Abersychan,1849-1898,LR104687/images/LR 10468 7_v1_00112.jpg",764536,162a943ac1ecc5a6ea75d8b3c5976fe7,9a7c337318f84a618673a4eef222a96d139bb797,,,already-present-matching
membership-image,"resources/source-cds/25-Abersychan,1849-1898,LR104687/images/LR 10468 7_v1_00113.jpg","25-Abersychan,1849-1898,LR104687/images/LR 10468 7_v1_00113.jpg",720414,6f066538280e360d2057c0d5ca430f1c,998fb04adc54d5b2565c11695056582190465bd8,,,already-present-matching
membership-image,"resources/source-cds/25-Abersychan,1849-1898,LR104687/images/LR 10468 7_v1_00114.jpg","25-Abersychan,1849-1898,LR104687/images/LR 10468 7_v1_00114.jpg",782535,359b6f76e40854d9f2f65a2c2eba91f2,68eac79351a51b8ee597464c91494bfce0c8ff7c,,,already-present-matching
membership-image,"resources/source-cds/25-Abersychan,1849-1898,LR104687/images/LR 10468 7_v1_00115.jpg","25-Abersychan,1849-1898,LR104687/images/LR 10468 7_v1_00115.jpg",748484,a13ea5a52a5c2e8e4b59256eb7c460ed,5b900130d4ae8ce1e99f5a3f6d01c93ffb9596dd,,,already-present-matching
membership-image,"resources/source-cds/25-Abersychan,1849-1898,LR104687/images/LR 10468 7_v1_00116.jpg","25-Abersychan,1849-1898,LR104687/images/LR 10468 7_v1_00116.jpg",828458,637222335ddece03d1aec43a505b06c8,89b3f52dbdd4f150aa1bc3c8cebdb7aa40c69912,,,already-present-matching
membership-image,"resources/source-cds/25-Abersychan,1849-1898,LR104687/images/LR 10468 7_v1_00117.jpg","25-Abersychan,1849-1898,LR104687/images/LR 10468 7_v1_00117.jpg",748245,23580ebbf3dc71505aafd676f4298e50,a34afb7e0c6017efcc6a21d28eb9ee13ddd365c1,,,already-present-matching
membership-image,"resources/source-cds/25-Abersychan,1849-1898,LR104687/images/LR 10468 7_v1_00118.jpg","25-Abersychan,1849-1898,LR104687/images/LR 10468 7_v1_00118.jpg",778695,8e19f4a41be421254c907fef37942dbe,5add9eb0232880bae3270345f133bf902bb480ee,,,already-present-matching
membership-image,"resources/source-cds/25-Abersychan,1849-1898,LR104687/images/LR 10468 7_v1_00119.jpg","25-Abersychan,1849-1898,LR104687/images/LR 10468 7_v1_00119.jpg",757264,51d632bb4aa724df5718606e85450152,dd7965730f51c16ce40310c969ae28bcdf957294,,,already-present-matching
membership-image,"resources/source-cds/25-Abersychan,1849-1898,LR104687/images/LR 10468 7_v1_00120.jpg","25-Abersychan,1849-1898,LR104687/images/LR 10468 7_v1_00120.jpg",560157,71401439b70aa14c78740f4186d2052a,516ac2831284c391e4f2ce9a63657639d9e69eba,,,already-present-matching
membership-image,"resources/source-cds/25-Abersychan,1849-1898,LR104687/images/LR 10468 7_v1_00121.jpg","25-Abersychan,1849-1898,LR104687/images/LR 10468 7_v1_00121.jpg",616725,1f73cb2cda6036a488f1b26c80494927,33118fa97472ab0265eec09358751a5dfaa14bba,,,already-present-matching
membership-image,"resources/source-cds/25-Abersychan,1849-1898,LR104687/images/LR 10468 7_v1_00122.jpg","25-Abersychan,1849-1898,LR104687/images/LR 10468 7_v1_00122.jpg",479570,b978d82213c05f2e6951dab24fd83b55,437eefd804bf41e2691cbc02fe2d8a0b36761a32,,,already-present-matching
membership-image,"resources/source-cds/25-Abersychan,1849-1898,LR104687/images/LR 10468 7_v1_00123.jpg","25-Abersychan,1849-1898,LR104687/images/LR 10468 7_v1_00123.jpg",516596,91d61cc81e64a3e78920a8d9bf9351d4,0fa7448a278dafd3f97b7ee198ee491df37038e1,,,already-present-matching
membership-image,"resources/source-cds/25-Abersychan,1849-1898,LR104687/images/LR 10468 7_v1_00124.jpg","25-Abersychan,1849-1898,LR104687/images/LR 10468 7_v1_00124.jpg",718902,ddd9a4c5a9221e3ed3d9a0e15841793c,a9838b202e6684bf5e447d073da280ac1f032357,,,already-present-matching
membership-image,"resources/source-cds/25-Abersychan,1849-1898,LR104687/images/LR 10468 7_v1_00125.jpg","25-Abersychan,1849-1898,LR104687/images/LR 10468 7_v1_00125.jpg",721502,04889f15e94585e19b1a3c876c4cd806,52d7131224d75ee1f2482287db8d883aa1865591,,,already-present-matching
membership-image,"resources/source-cds/25-Abersychan,1849-1898,LR104687/images/LR 10468 7_v1_00126.jpg","25-Abersychan,1849-1898,LR104687/images/LR 10468 7_v1_00126.jpg",776667,1d8f120d1af816c666a6722185128f34,e332aa33951c903cb3c6ca43ecebf38489f6a60f,,,already-present-matching
membership-image,"resources/source-cds/25-Abersychan,1849-1898,LR104687/images/LR 10468 7_v1_00127.jpg","25-Abersychan,1849-1898,LR104687/images/LR 10468 7_v1_00127.jpg",805021,0e64c26c022768f9f13db24fdba4dfb8,e5218a8675acebae09d7d0712fd73fbc21329dd1,,,already-present-matching
membership-image,"resources/source-cds/25-Abersychan,1849-1898,LR104687/images/LR 10468 7_v1_00128.jpg","25-Abersychan,1849-1898,LR104687/images/LR 10468 7_v1_00128.jpg",775416,fb999e20cc6e49ccb005a64183059767,9a52b236030623c910107043a80ce2bf5edd7593,,,already-present-matching
membership-image,"resources/source-cds/25-Abersychan,1849-1898,LR104687/images/LR 10468 7_v1_colort2.jpg","25-Abersychan,1849-1898,LR104687/images/LR 10468 7_v1_colort2.jpg",11233,96dbbcf21490e68c84ba7a3498128949,49f20e2d53a40c2d3f01999517be2927839ff777,,,already-present-matching
membership-image,"resources/source-cds/25-Abersychan,1849-1898,LR104687/images/LR 10468 7_v2_00001.jpg","25-Abersychan,1849-1898,LR104687/images/LR 10468 7_v2_00001.jpg",545430,a766c38f5609896a03e3c8eaa6b87bc3,303ddbb2be0b140ebe45ddcc422b314277659687,,,already-present-matching
membership-image,"resources/source-cds/25-Abersychan,1849-1898,LR104687/images/LR 10468 7_v2_00002.jpg","25-Abersychan,1849-1898,LR104687/images/LR 10468 7_v2_00002.jpg",1369519,b32a55cbf4e21118baa54e00f4926c7b,289cbc0f33b241245892649a1a62e3ba3c777730,,,already-present-matching
membership-image,"resources/source-cds/25-Abersychan,1849-1898,LR104687/images/LR 10468 7_v2_00003.jpg","25-Abersychan,1849-1898,LR104687/images/LR 10468 7_v2_00003.jpg",1392382,505a29209f749c6982e7500b2477cd27,af03245c600cf1892172f92150953cbbc21505e7,,,already-present-matching
membership-image,"resources/source-cds/25-Abersychan,1849-1898,LR104687/images/LR 10468 7_v2_00004.jpg","25-Abersychan,1849-1898,LR104687/images/LR 10468 7_v2_00004.jpg",652479,d6793e3d1b60ba43116d17c28a4da522,0f92b5150eb2eee0a33db6b643038b615aba5fd4,,,already-present-matching
membership-image,"resources/source-cds/25-Abersychan,1849-1898,LR104687/images/LR 10468 7_v2_00005.jpg","25-Abersychan,1849-1898,LR104687/images/LR 10468 7_v2_00005.jpg",726805,80a293dd991f6b8a2c488852c26fd1e8,2acaa4e43d4ee8db13964cedd6af6657724a9e93,,,already-present-matching
membership-image,"resources/source-cds/25-Abersychan,1849-1898,LR104687/images/LR 10468 7_v2_00006.jpg","25-Abersychan,1849-1898,LR104687/images/LR 10468 7_v2_00006.jpg",627559,633d6cfb0b468600deaf9624add83309,3cc15c0505c839ad85564132db03d9c02c8b0b24,,,already-present-matching
membership-image,"resources/source-cds/25-Abersychan,1849-1898,LR104687/images/LR 10468 7_v2_00007.jpg","25-Abersychan,1849-1898,LR104687/images/LR 10468 7_v2_00007.jpg",801089,3ba5022db99f4f05049c00dd433281cf,001416b204630e5c4453a7e9afb6a2f81311b71f,,,already-present-matching
membership-image,"resources/source-cds/25-Abersychan,1849-1898,LR104687/images/LR 10468 7_v2_00008.jpg","25-Abersychan,1849-1898,LR104687/images/LR 10468 7_v2_00008.jpg",763947,23809a1db499d6bb0c8df900981a63bd,ae7ab30bf99b12c5568b585f22269333c22b0c1e,,,already-present-matching
membership-image,"resources/source-cds/25-Abersychan,1849-1898,LR104687/images/LR 10468 7_v2_00009.jpg","25-Abersychan,1849-1898,LR104687/images/LR 10468 7_v2_00009.jpg",746938,85daa0d2898d894c12c226ace02fda33,691f0e2dc3691c0250a2cb7cb6c9c199fffa0d35,,,already-present-matching
membership-image,"resources/source-cds/25-Abersychan,1849-1898,LR104687/images/LR 10468 7_v2_00010.jpg","25-Abersychan,1849-1898,LR104687/images/LR 10468 7_v2_00010.jpg",866786,3fbdea34b999dc723574df0f4f9cac07,f4c49ba2766c26bc6d18b09201bd2b0179bf9d55,,,already-present-matching
membership-image,"resources/source-cds/25-Abersychan,1849-1898,LR104687/images/LR 10468 7_v2_00011.jpg","25-Abersychan,1849-1898,LR104687/images/LR 10468 7_v2_00011.jpg",736591,4aec828de3ac2bd1748fef70b590c3d6,3f5f7a67bee8e35fb77977e399488d180dd7bf3a,,,already-present-matching
membership-image,"resources/source-cds/25-Abersychan,1849-1898,LR104687/images/LR 10468 7_v2_00012.jpg","25-Abersychan,1849-1898,LR104687/images/LR 10468 7_v2_00012.jpg",856632,4067b5fe0cea3f180b54910cdc43d1b3,42b080a1aa18ae3be8cb3a3762a0e86d6b40cf7b,,,already-present-matching
membership-image,"resources/source-cds/25-Abersychan,1849-1898,LR104687/images/LR 10468 7_v2_00013.jpg","25-Abersychan,1849-1898,LR104687/images/LR 10468 7_v2_00013.jpg",762793,8a1f5aff213a55aa9d1dd08f16c2b849,8b85805daad77dc6e96075fa07b3924806bea56d,,,already-present-matching
membership-image,"resources/source-cds/25-Abersychan,1849-1898,LR104687/images/LR 10468 7_v2_00014.jpg","25-Abersychan,1849-1898,LR104687/images/LR 10468 7_v2_00014.jpg",900385,316be8c8358e42bc34184ef49830899c,8ba359b95d819aa9392a2dd40b17d0db66bfdb80,,,already-present-matching
membership-image,"resources/source-cds/25-Abersychan,1849-1898,LR104687/images/LR 10468 7_v2_00015.jpg","25-Abersychan,1849-1898,LR104687/images/LR 10468 7_v2_00015.jpg",738252,4e370d4a281372e84ab7bd7293e7dca9,4cf2dd4392e8d02bcd95ec7f3c3e2c4530d5b5f9,,,already-present-matching
membership-image,"resources/source-cds/25-Abersychan,1849-1898,LR104687/images/LR 10468 7_v2_00016.jpg","25-Abersychan,1849-1898,LR104687/images/LR 10468 7_v2_00016.jpg",660865,9031d01c869563103d37305b08470346,b2a5597aa0ad7cc091c4f91078c13d458765b24c,,,already-present-matching
membership-image,"resources/source-cds/25-Abersychan,1849-1898,LR104687/images/LR 10468 7_v2_00017.jpg","25-Abersychan,1849-1898,LR104687/images/LR 10468 7_v2_00017.jpg",706085,26afff2ab24b30a43bbc5c3a1bf26f6c,0be60b7bb7b31692098a6d4c4d9f6673600e0beb,,,already-present-matching
membership-image,"resources/source-cds/25-Abersychan,1849-1898,LR104687/images/LR 10468 7_v2_00018.jpg","25-Abersychan,1849-1898,LR104687/images/LR 10468 7_v2_00018.jpg",548113,f7af989161e41e86952affa339ce8761,c0ef5c67c72b5e0c7e978bb05c82ffd9deea4a5b,,,already-present-matching
membership-image,"resources/source-cds/25-Abersychan,1849-1898,LR104687/images/LR 10468 7_v2_00019.jpg","25-Abersychan,1849-1898,LR104687/images/LR 10468 7_v2_00019.jpg",585871,1b8439a990d5b1a3057d34d14eb62db0,0dc5d607a4feaa9a03fead2b1dc01c9dfbcc85bc,,,already-present-matching
membership-image,"resources/source-cds/25-Abersychan,1849-1898,LR104687/images/LR 10468 7_v2_00020.jpg","25-Abersychan,1849-1898,LR104687/images/LR 10468 7_v2_00020.jpg",601712,6cf888599740e4344b9bfb31173ecbff,1b9cc2632bf8445e882ace19bee91dbdd045e393,,,already-present-matching
membership-image,"resources/source-cds/25-Abersychan,1849-1898,LR104687/images/LR 10468 7_v2_00021.jpg","25-Abersychan,1849-1898,LR104687/images/LR 10468 7_v2_00021.jpg",605545,fce0bc31a692a013d798adf0ff7b5120,a9df9ed97518856111840c871090682c2af83e6d,,,already-present-matching
membership-image,"resources/source-cds/25-Abersychan,1849-1898,LR104687/images/LR 10468 7_v2_00022.jpg","25-Abersychan,1849-1898,LR104687/images/LR 10468 7_v2_00022.jpg",1374271,27bb387db299fe4c7db0e209c053fd4a,edc7ce17156fe007c737ecedd875f092d6e0fd4a,,,already-present-matching
membership-image,"resources/source-cds/25-Abersychan,1849-1898,LR104687/images/LR 10468 7_v2_00023.jpg","25-Abersychan,1849-1898,LR104687/images/LR 10468 7_v2_00023.jpg",1404814,063fbdc939a45a67766fbfece62a8680,0f32ee113840c6ac85ea09dbf91040a7ab046691,,,already-present-matching
membership-image,"resources/source-cds/25-Abersychan,1849-1898,LR104687/images/LR 10468 7_v2_00024.jpg","25-Abersychan,1849-1898,LR104687/images/LR 10468 7_v2_00024.jpg",496406,4010d24ab584f21a898fedd0cfbe7aa0,e0e319319f84e09c41afc92c2c80551c53ba206a,,,already-present-matching
membership-image,"resources/source-cds/27-Dowlais,1851-1872,LR1287/Images/LR-128-7_00101.jpg","27-Dowlais,1851-1872,LR1287/Images/LR-128-7_00101.jpg",732129,1e907c5dfcb9a9a510192d0a831f3641,cc4c2b109278df4e74223587a9ef1663a6e54460,,,already-present-matching
membership-image,"resources/source-cds/27-Dowlais,1851-1872,LR1287/Images/LR-128-7_00102.jpg","27-Dowlais,1851-1872,LR1287/Images/LR-128-7_00102.jpg",772390,e504272a95a22cc23a694d51fb7af725,db51b10d449535b7a3a3f239a1d835fd7176e3e0,,,already-present-matching
membership-image,"resources/source-cds/27-Dowlais,1851-1872,LR1287/Images/LR-128-7_00103.jpg","27-Dowlais,1851-1872,LR1287/Images/LR-128-7_00103.jpg",746121,c59938ba013af054dd382574bcff68ef,b3e51f1f62764f38cc8dc64a3a19d75eb88d12d8,,,already-present-matching
membership-image,"resources/source-cds/27-Dowlais,1851-1872,LR1287/Images/LR-128-7_00104.jpg","27-Dowlais,1851-1872,LR1287/Images/LR-128-7_00104.jpg",782923,d4beb422e28f8a695b64549eabeff135,2afd3dcfe405ac58f29590ab768ee96b94e98119,,,already-present-matching
membership-image,"resources/source-cds/27-Dowlais,1851-1872,LR1287/Images/LR-128-7_00105.jpg","27-Dowlais,1851-1872,LR1287/Images/LR-128-7_00105.jpg",749362,1921079c997d3f34011ecb9fb2b4c03f,066d49646a88f150607a041af9b3caf2623cc95a,,,already-present-matching
membership-image,"resources/source-cds/27-Dowlais,1851-1872,LR1287/Images/LR-128-7_00106.jpg","27-Dowlais,1851-1872,LR1287/Images/LR-128-7_00106.jpg",668828,b535739da124e123e2b3521a6415b312,069f300816a1322f888e087aafdb162e5e99e05e,,,already-present-matching
membership-image,"resources/source-cds/27-Dowlais,1851-1872,LR1287/Images/LR-128-7_00107.jpg","27-Dowlais,1851-1872,LR1287/Images/LR-128-7_00107.jpg",763568,4b87e9489d1f1da4ef030f058f8b5538,742327cf9db231bacddcbf8ba9b6711754409e0a,,,already-present-matching
membership-image,"resources/source-cds/27-Dowlais,1851-1872,LR1287/Images/LR-128-7_00108.jpg","27-Dowlais,1851-1872,LR1287/Images/LR-128-7_00108.jpg",902999,03ee03fd838dc8086df937bbfe05e793,25f4407c3fc63c61633944cf338c74d7073d50fe,,,already-present-matching
membership-image,"resources/source-cds/27-Dowlais,1851-1872,LR1287/Images/LR-128-7_00109.jpg","27-Dowlais,1851-1872,LR1287/Images/LR-128-7_00109.jpg",868791,3f09324c31829e31619078cf8f224569,4cb6ef662d206b3d48735cfefff4c6e2b3deaa69,,,already-present-matching
membership-image,"resources/source-cds/27-Dowlais,1851-1872,LR1287/Images/LR-128-7_00110.jpg","27-Dowlais,1851-1872,LR1287/Images/LR-128-7_00110.jpg",664076,d5785a365475d3bf4db53292fb62b547,0664710d9842479330d089c43e3206c00f804540,,,already-present-matching
membership-image,"resources/source-cds/27-Dowlais,1851-1872,LR1287/Images/LR-128-7_00111.jpg","27-Dowlais,1851-1872,LR1287/Images/LR-128-7_00111.jpg",720842,00350c313fd600281ecbf74d19f2767c,520e99b4294e24fef8fedae8148461a70f635d95,,,already-present-matching
membership-image,"resources/source-cds/27-Dowlais,1851-1872,LR1287/Images/LR-128-7_00112.jpg","27-Dowlais,1851-1872,LR1287/Images/LR-128-7_00112.jpg",629423,8c46f7dd66cf6c06061aa4664ab20c94,172891030a99877048b6801cff3ba9c5f484539d,,,already-present-matching
membership-image,"resources/source-cds/27-Dowlais,1851-1872,LR1287/Images/LR-128-7_00113.jpg","27-Dowlais,1851-1872,LR1287/Images/LR-128-7_00113.jpg",657886,db97f03154565d95eb062676c8e3ad05,1bef90d2423ee93d981987426d2a613414b02ca1,,,already-present-matching
membership-image,"resources/source-cds/27-Dowlais,1851-1872,LR1287/Images/LR-128-7_00114.jpg","27-Dowlais,1851-1872,LR1287/Images/LR-128-7_00114.jpg",686264,ccb149582ed5e1b0c658b25738d409b3,8e6051bb14c809e358b3e61747e85c4aed6609da,,,already-present-matching
membership-image,"resources/source-cds/27-Dowlais,1851-1872,LR1287/Images/LR-128-7_00115.jpg","27-Dowlais,1851-1872,LR1287/Images/LR-128-7_00115.jpg",691860,2701dde5adc95fc268c9a2213ea6d556,ecf8a8c7faabe731a188d053d8a1c9f955a25fe7,,,already-present-matching
membership-image,"resources/source-cds/27-Dowlais,1851-1872,LR1287/Images/LR-128-7_00116.jpg","27-Dowlais,1851-1872,LR1287/Images/LR-128-7_00116.jpg",1264734,ca538568db23ac67a5a6a9f1b4af4198,e3ff0f58942e42ac2d61a05b4604e8e342420b70,,,already-present-matching
membership-image,"resources/source-cds/27-Dowlais,1851-1872,LR1287/Images/LR-128-7_00117.jpg","27-Dowlais,1851-1872,LR1287/Images/LR-128-7_00117.jpg",1250078,2bce2c63bc1a978ed8d5bd7cb4b7fecf,db09e19b498a35a0939fface0d1b06b2d1708773,,,already-present-matching
membership-image,"resources/source-cds/27-Dowlais,1851-1872,LR1287/Images/LR-128-7_00118.jpg","27-Dowlais,1851-1872,LR1287/Images/LR-128-7_00118.jpg",451486,e39f76bfbdbf785ace90c796cb5c76c7,c95d3146f2a53f319f5abbacf5c349abc5537b53,,,already-present-matching
membership-image,"resources/source-cds/28-Newport,1848-1857_1863-1866,LR60717/Images/LR-6071-7_v1_M_00101.jpg","28-Newport,1848-1857_1863-1866,LR60717/Images/LR-6071-7_v1_M_00101.jpg",635371,a545a01674a0a2d3004957b6976ed1cb,6c333ecad0f4e272286a8006c7825542ff696337,,,already-present-matching
membership-image,"resources/source-cds/28-Newport,1848-1857_1863-1866,LR60717/Images/LR-6071-7_v1_M_00102.jpg","28-Newport,1848-1857_1863-1866,LR60717/Images/LR-6071-7_v1_M_00102.jpg",711813,c367149e25fb018b93f10a3941ce3487,d866aaab29505a713e66efceda88f5a4e682e9f0,,,already-present-matching
membership-image,"resources/source-cds/28-Newport,1848-1857_1863-1866,LR60717/Images/LR-6071-7_v1_M_00103.jpg","28-Newport,1848-1857_1863-1866,LR60717/Images/LR-6071-7_v1_M_00103.jpg",582649,ddf7fac17cbcba81acb95b8ac3cf1a48,0bbbb4eeeb52d47fc3a2079e300ac3648255ad85,,,already-present-matching
membership-image,"resources/source-cds/28-Newport,1848-1857_1863-1866,LR60717/Images/LR-6071-7_v1_M_00104.jpg","28-Newport,1848-1857_1863-1866,LR60717/Images/LR-6071-7_v1_M_00104.jpg",797899,e075cecba1e0917ad84d55df02a9b2b8,fb925bceb4d743284c3f1ea9f0ccd1541f782765,,,already-present-matching
membership-image,"resources/source-cds/28-Newport,1848-1857_1863-1866,LR60717/Images/LR-6071-7_v1_M_00105.jpg","28-Newport,1848-1857_1863-1866,LR60717/Images/LR-6071-7_v1_M_00105.jpg",834409,61ff9b001b1ff8dfefb299d1cbbbb2bf,c7d66f0c5f6b947139c5dbe775bea0904c40e6e3,,,already-present-matching
membership-image,"resources/source-cds/28-Newport,1848-1857_1863-1866,LR60717/Images/LR-6071-7_v1_M_00106.jpg","28-Newport,1848-1857_1863-1866,LR60717/Images/LR-6071-7_v1_M_00106.jpg",927211,7d84d1e6ff3390d93692a021484c267f,e82448e004e91d0e142584ffe9516bd47b8166be,,,already-present-matching
membership-image,"resources/source-cds/28-Newport,1848-1857_1863-1866,LR60717/Images/LR-6071-7_v2_M_00001.jpg","28-Newport,1848-1857_1863-1866,LR60717/Images/LR-6071-7_v2_M_00001.jpg",646150,1f61bb4fc7da5c5251525df5fb932adf,c742f5802fb7e9e5427784804fbeeead5e286943,,,already-present-matching
membership-image,"resources/source-cds/28-Newport,1848-1857_1863-1866,LR60717/Images/LR-6071-7_v2_M_00002.jpg","28-Newport,1848-1857_1863-1866,LR60717/Images/LR-6071-7_v2_M_00002.jpg",645940,02cd062403051207687c9b798d586a30,a3df699eb40e86b564dddc364b533dc36947ccff,,,already-present-matching
membership-image,"resources/source-cds/28-Newport,1848-1857_1863-1866,LR60717/Images/LR-6071-7_v2_M_00003.jpg","28-Newport,1848-1857_1863-1866,LR60717/Images/LR-6071-7_v2_M_00003.jpg",638874,acc547dcbac7fa11736394f7d0240b76,5ee723bcae92372c75c4608bdc30753cf53933e6,,,already-present-matching
membership-image,"resources/source-cds/28-Newport,1848-1857_1863-1866,LR60717/Images/LR-6071-7_v2_M_00004.jpg","28-Newport,1848-1857_1863-1866,LR60717/Images/LR-6071-7_v2_M_00004.jpg",439924,dde33adf40425620b0ed8acd5125178a,58a5c288b280583d7b3fd1825ceb4884172bac33,,,already-present-matching
membership-image,"resources/source-cds/28-Newport,1848-1857_1863-1866,LR60717/Images/LR-6071-7_v2_M_00005.jpg","28-Newport,1848-1857_1863-1866,LR60717/Images/LR-6071-7_v2_M_00005.jpg",465247,b52759b2d297c82ee60e3873fa1c0635,15568e54a8fe7d14bca0bd29059dbb5c474b153d,,,already-present-matching
membership-image,"resources/source-cds/28-Newport,1848-1857_1863-1866,LR60717/Images/LR-6071-7_v2_M_00006.jpg","28-Newport,1848-1857_1863-1866,LR60717/Images/LR-6071-7_v2_M_00006.jpg",874561,bd54103609bc36e935ae4a3caa02f278,44361026d0469ca50a46acd2e3aade8cf4920457,,,already-present-matching
membership-image,"resources/source-cds/28-Newport,1848-1857_1863-1866,LR60717/Images/LR-6071-7_v2_M_00007.jpg","28-Newport,1848-1857_1863-1866,LR60717/Images/LR-6071-7_v2_M_00007.jpg",717024,731238dad3280c9ae75c60ff01a0542f,c84f226d5fd7314e6a991287afa22f543bb45e56,,,already-present-matching
membership-image,"resources/source-cds/28-Newport,1848-1857_1863-1866,LR60717/Images/LR-6071-7_v2_M_00008.jpg","28-Newport,1848-1857_1863-1866,LR60717/Images/LR-6071-7_v2_M_00008.jpg",812089,0f0b701fa4e5a65e5d349c394c03dfea,8dd333e55a0be1b9509ef07cc2b8779ee18a6232,,,already-present-matching
membership-image,"resources/source-cds/28-Newport,1848-1857_1863-1866,LR60717/Images/LR-6071-7_v2_M_00009.jpg","28-Newport,1848-1857_1863-1866,LR60717/Images/LR-6071-7_v2_M_00009.jpg",655193,c9a063f3c5c9212687778e24f5d65640,6b5e8dc02728f010e3f1ba0b8d408903daf94951,,,already-present-matching
membership-image,"resources/source-cds/28-Newport,1848-1857_1863-1866,LR60717/Images/LR-6071-7_v2_M_00010.jpg","28-Newport,1848-1857_1863-1866,LR60717/Images/LR-6071-7_v2_M_00010.jpg",753767,57a999dc33f4960f067dc33e820271c0,c0de8fc90934a7bf6285cc7460a1cb452c275f2f,,,already-present-matching
membership-image,"resources/source-cds/28-Newport,1848-1857_1863-1866,LR60717/Images/LR-6071-7_v2_M_00011.jpg","28-Newport,1848-1857_1863-1866,LR60717/Images/LR-6071-7_v2_M_00011.jpg",661095,c4eae7de14e5c0ab69b6cc2c655d9639,f4287c6099a93f95d81b4dc74ae6b6f9dd11daff,,,already-present-matching
membership-image,"resources/source-cds/28-Newport,1848-1857_1863-1866,LR60717/Images/LR-6071-7_v2_M_00012.jpg","28-Newport,1848-1857_1863-1866,LR60717/Images/LR-6071-7_v2_M_00012.jpg",616393,6e39a157ce833b77b75098a0da03005e,911497ac90a3c6cce601b87c37bf9d088acbb737,,,already-present-matching
membership-image,"resources/source-cds/28-Newport,1848-1857_1863-1866,LR60717/Images/LR-6071-7_v2_M_00013.jpg","28-Newport,1848-1857_1863-1866,LR60717/Images/LR-6071-7_v2_M_00013.jpg",523534,cc425d83afbec9071522c5b50e0f9836,5541a6280d86498d226dab3ea9e83c75a90eeacb,,,already-present-matching
membership-image,"resources/source-cds/28-Newport,1848-1857_1863-1866,LR60717/Images/LR-6071-7_v2_M_00014.jpg","28-Newport,1848-1857_1863-1866,LR60717/Images/LR-6071-7_v2_M_00014.jpg",716870,7ddfc51dda5a7e83d1d95417207cfb80,01cd623fcca1f9f2bbb9e118aa696ebd2020240d,,,already-present-matching
membership-image,"resources/source-cds/28-Newport,1848-1857_1863-1866,LR60717/Images/LR-6071-7_v2_M_00015.jpg","28-Newport,1848-1857_1863-1866,LR60717/Images/LR-6071-7_v2_M_00015.jpg",576449,e761751221c8ccfa43f44cd3a25c0afb,eb7ee51630aec866eb3c878bd19bbf25b5126df3,,,already-present-matching
membership-image,"resources/source-cds/28-Newport,1848-1857_1863-1866,LR60717/Images/LR-6071-7_v2_M_00016.jpg","28-Newport,1848-1857_1863-1866,LR60717/Images/LR-6071-7_v2_M_00016.jpg",435989,9ea6aad63037b23633c2a50ee4e06076,795b725f194ae90fe8310fd833a39d056b22ad00,,,already-present-matching
membership-image,"resources/source-cds/28-Newport,1848-1857_1863-1866,LR60717/Images/LR-6071-7_v2_M_00017.jpg","28-Newport,1848-1857_1863-1866,LR60717/Images/LR-6071-7_v2_M_00017.jpg",435242,61b30167ee6cf4ca8c9cf0310baffc45,3cc3054cab363d3e073e669e1d41df0e82c2cb85,,,already-present-matching
membership-image,"resources/source-cds/28-Newport,1848-1857_1863-1866,LR60717/Images/LR-6071-7_v2_M_00018.jpg","28-Newport,1848-1857_1863-1866,LR60717/Images/LR-6071-7_v2_M_00018.jpg",409809,4e69f501dfec90eb214eb126af0cc74e,b4ff421ce02f43fd56adcd36e58f28f230a27e17,,,already-present-matching
membership-image,"resources/source-cds/28-Newport,1848-1857_1863-1866,LR60717/Images/LR-6071-7_v2_M_00019.jpg","28-Newport,1848-1857_1863-1866,LR60717/Images/LR-6071-7_v2_M_00019.jpg",423863,9cdf345cbee0a7925786a8a2aeafc629,d9759130a15ce64213eedd81f4a45a6e144ec08a,,,already-present-matching
membership-image,"resources/source-cds/28-Newport,1848-1857_1863-1866,LR60717/Images/LR-6071-7_v2_M_00020.jpg","28-Newport,1848-1857_1863-1866,LR60717/Images/LR-6071-7_v2_M_00020.jpg",634006,20ef8b5dfcdd92b59195292c7ec9a2fa,9930bda6c6f525f3b453a1d1fc4b83a6afc1c93f,,,already-present-matching
membership-image,"resources/source-cds/28-Newport,1848-1857_1863-1866,LR60717/Images/LR-6071-7_v2_M_00021.jpg","28-Newport,1848-1857_1863-1866,LR60717/Images/LR-6071-7_v2_M_00021.jpg",570189,a622e30add22026e6665f1cb82e56dbd,974ad25182f7fb86ee594eef9a0a61e954959fd8,,,already-present-matching
membership-image,"resources/source-cds/28-Newport,1848-1857_1863-1866,LR60717/Images/LR-6071-7_v2_M_00022.jpg","28-Newport,1848-1857_1863-1866,LR60717/Images/LR-6071-7_v2_M_00022.jpg",496363,ed0a7c447190c7d7ca26d9c934b313e9,9a23423ee15955595c4380fde925677642c7791d,,,already-present-matching
membership-image,"resources/source-cds/28-Newport,1848-1857_1863-1866,LR60717/Images/LR-6071-7_v2_M_00023.jpg","28-Newport,1848-1857_1863-1866,LR60717/Images/LR-6071-7_v2_M_00023.jpg",518940,32c8f41f5aeb34401fa0ae1e929db487,f32d65f3180f1c4c0fd429dbcd6202f948bf1b0f,,,already-present-matching
membership-image,"resources/source-cds/28-Newport,1848-1857_1863-1866,LR60717/Images/LR-6071-7_v2_M_00024.jpg","28-Newport,1848-1857_1863-1866,LR60717/Images/LR-6071-7_v2_M_00024.jpg",428230,d4da8afb46e592aabd0a7730fa1135bd,67fb4d85c2d8cdd960925f6dcbd10eaa9bb32c1e,,,already-present-matching
membership-image,"resources/source-cds/28-Newport,1848-1857_1863-1866,LR60717/Images/LR-6071-7_v2_M_00025.jpg","28-Newport,1848-1857_1863-1866,LR60717/Images/LR-6071-7_v2_M_00025.jpg",419050,e176a08e249f152f6c266be387f3f798,e42e670fe40164400b88b9c80a05d6cb380da7aa,,,already-present-matching
membership-image,"resources/source-cds/28-Newport,1848-1857_1863-1866,LR60717/Images/LR-6071-7_v2_M_00026.jpg","28-Newport,1848-1857_1863-1866,LR60717/Images/LR-6071-7_v2_M_00026.jpg",802826,854d23a234f8141158e15c35b61d6756,fb47d84b755a7c29951e4ea524042be4fae1dbdd,,,already-present-matching
membership-image,"resources/source-cds/28-Newport,1848-1857_1863-1866,LR60717/Images/LR-6071-7_v2_M_00027.jpg","28-Newport,1848-1857_1863-1866,LR60717/Images/LR-6071-7_v2_M_00027.jpg",534405,7955cc149142f724011f1b9f32ddb8aa,14d46577ce68255b57453ebfa096a38373bec373,,,already-present-matching
membership-image,"resources/source-cds/28-Newport,1848-1857_1863-1866,LR60717/Images/LR-6071-7_v2_M_00027a.jpg","28-Newport,1848-1857_1863-1866,LR60717/Images/LR-6071-7_v2_M_00027a.jpg",408031,63e8aa71c042a0497e31bbf7a11c9af4,ec3d374c592d0fd1c955eb3d9eece66f596eb49b,,,already-present-matching
membership-image,"resources/source-cds/28-Newport,1848-1857_1863-1866,LR60717/Images/LR-6071-7_v2_M_00027b.jpg","28-Newport,1848-1857_1863-1866,LR60717/Images/LR-6071-7_v2_M_00027b.jpg",554874,53b1641a9388e9454f9031fcb2f25e4a,5adc219f872a22f20ebad88c4eff6232920e324b,,,already-present-matching
membership-image,"resources/source-cds/28-Newport,1848-1857_1863-1866,LR60717/Images/LR-6071-7_v2_M_00028.jpg","28-Newport,1848-1857_1863-1866,LR60717/Images/LR-6071-7_v2_M_00028.jpg",558607,675011669bdb41c90a0c1e083cd9461a,3161f8186ef99136d7ea78feb48f89cbe6f76572,,,already-present-matching
membership-image,"resources/source-cds/28-Newport,1848-1857_1863-1866,LR60717/Images/LR-6071-7_v2_M_00029.jpg","28-Newport,1848-1857_1863-1866,LR60717/Images/LR-6071-7_v2_M_00029.jpg",631040,03b192e8e20ff0ae7661eb847506d4d1,afc91fa01f87182290d171f6a806fb02849c11c6,,,already-present-matching
membership-image,"resources/source-cds/28-Newport,1848-1857_1863-1866,LR60717/Images/LR-6071-7_v2_M_00030.jpg","28-Newport,1848-1857_1863-1866,LR60717/Images/LR-6071-7_v2_M_00030.jpg",685123,9980eed123eedcea53fb36f809ba4947,a9e105b3c5d8b5fb1482c95338bb21c0f5e6e87f,,,already-present-matching
membership-image,"resources/source-cds/29-Merthyr Tydfil,1843-1857_1861-1896,LR54507/Images/LR-5450-7_v1_00101.jpg","29-Merthyr Tydfil,1843-1857_1861-1896,LR54507/Images/LR-5450-7_v1_00101.jpg",720799,c14fa25fc0cb558f135063bea09701eb,a0e5e79e028578005b0e1bae8cdb39dc3d37871d,,,already-present-matching
membership-image,"resources/source-cds/29-Merthyr Tydfil,1843-1857_1861-1896,LR54507/Images/LR-5450-7_v1_00102.jpg","29-Merthyr Tydfil,1843-1857_1861-1896,LR54507/Images/LR-5450-7_v1_00102.jpg",844564,ccb0ff5a9ac96b74bbbbffa6dd541a28,343b62b17b54894d7390ab247098dd82f56a4991,,,already-present-matching
membership-image,"resources/source-cds/29-Merthyr Tydfil,1843-1857_1861-1896,LR54507/Images/LR-5450-7_v1_00103.jpg","29-Merthyr Tydfil,1843-1857_1861-1896,LR54507/Images/LR-5450-7_v1_00103.jpg",763118,de2cad9e0cbbb1bb661f87da4d8762dc,b631be92ef910c6c7dc59ed8667c32b594796c58,,,already-present-matching
membership-image,"resources/source-cds/29-Merthyr Tydfil,1843-1857_1861-1896,LR54507/Images/LR-5450-7_v1_00104.jpg","29-Merthyr Tydfil,1843-1857_1861-1896,LR54507/Images/LR-5450-7_v1_00104.jpg",807979,bae693d2fc70524b28af7a68fb83dc91,97d2c49b46e8c5d221e287a72faa946b57730c11,,,already-present-matching
membership-image,"resources/source-cds/29-Merthyr Tydfil,1843-1857_1861-1896,LR54507/Images/LR-5450-7_v1_00105.jpg","29-Merthyr Tydfil,1843-1857_1861-1896,LR54507/Images/LR-5450-7_v1_00105.jpg",785269,33dec9193cd3db8d0ce520afb5c98c36,7222db0156b00cacf3c1d61ce35692815eef7439,,,already-present-matching
membership-image,"resources/source-cds/29-Merthyr Tydfil,1843-1857_1861-1896,LR54507/Images/LR-5450-7_v1_00106.jpg","29-Merthyr Tydfil,1843-1857_1861-1896,LR54507/Images/LR-5450-7_v1_00106.jpg",814372,0de02a8f1eb831fc147468b818e93dd1,a86e8069ff73f05411b9b9f8cc9d7a2f8082312d,,,already-present-matching
membership-image,"resources/source-cds/29-Merthyr Tydfil,1843-1857_1861-1896,LR54507/Images/LR-5450-7_v1_00107.jpg","29-Merthyr Tydfil,1843-1857_1861-1896,LR54507/Images/LR-5450-7_v1_00107.jpg",748745,7a41fdbf3856f7cb0556670c54d52342,a9b67ec053583836e1d902035f8760b614038369,,,already-present-matching
membership-image,"resources/source-cds/29-Merthyr Tydfil,1843-1857_1861-1896,LR54507/Images/LR-5450-7_v1_00108.jpg","29-Merthyr Tydfil,1843-1857_1861-1896,LR54507/Images/LR-5450-7_v1_00108.jpg",834480,1308f050f1cb633f6c427f2ee08bdb06,b688810fcd8d14b3efcae49de03d3e5f5e9e4228,,,already-present-matching
membership-image,"resources/source-cds/29-Merthyr Tydfil,1843-1857_1861-1896,LR54507/Images/LR-5450-7_v1_00109.jpg","29-Merthyr Tydfil,1843-1857_1861-1896,LR54507/Images/LR-5450-7_v1_00109.jpg",757479,76cd94d31877335577e4172e83b8f4dd,f5fc99c8cdf0343761669c6d9f7b111c9bf24a93,,,already-present-matching
membership-image,"resources/source-cds/29-Merthyr Tydfil,1843-1857_1861-1896,LR54507/Images/LR-5450-7_v1_00110.jpg","29-Merthyr Tydfil,1843-1857_1861-1896,LR54507/Images/LR-5450-7_v1_00110.jpg",774468,0b32d0aa79ca3d91f9fdd9d42b4a8244,6d27e183a8821b1a0b6d604a8f61111f89cbcd38,,,already-present-matching
membership-image,"resources/source-cds/29-Merthyr Tydfil,1843-1857_1861-1896,LR54507/Images/LR-5450-7_v1_00111.jpg","29-Merthyr Tydfil,1843-1857_1861-1896,LR54507/Images/LR-5450-7_v1_00111.jpg",736644,56ff440d55e83de43cea3ea220c6ece6,8d73339365589655a270cf2edad3c43c03929bcc,,,already-present-matching
membership-image,"resources/source-cds/29-Merthyr Tydfil,1843-1857_1861-1896,LR54507/Images/LR-5450-7_v1_00112.jpg","29-Merthyr Tydfil,1843-1857_1861-1896,LR54507/Images/LR-5450-7_v1_00112.jpg",796563,15ba00298453d0943745cf2c267a6e7b,1e049db8126f3633926515ac37903d99f68332c3,,,already-present-matching
membership-image,"resources/source-cds/29-Merthyr Tydfil,1843-1857_1861-1896,LR54507/Images/LR-5450-7_v1_00113.jpg","29-Merthyr Tydfil,1843-1857_1861-1896,LR54507/Images/LR-5450-7_v1_00113.jpg",737351,51646bb9ca3973f97da79711647e03e6,205169e613874c47716015dacb52ea74f3dc0cd8,,,already-present-matching
membership-image,"resources/source-cds/29-Merthyr Tydfil,1843-1857_1861-1896,LR54507/Images/LR-5450-7_v1_00114.jpg","29-Merthyr Tydfil,1843-1857_1861-1896,LR54507/Images/LR-5450-7_v1_00114.jpg",818492,9e5021ed4fef0d9a8d07685633da058c,2e18d3c90e555f48940a3f4954afa053f0673d7a,,,already-present-matching
membership-image,"resources/source-cds/29-Merthyr Tydfil,1843-1857_1861-1896,LR54507/Images/LR-5450-7_v1_00115.jpg","29-Merthyr Tydfil,1843-1857_1861-1896,LR54507/Images/LR-5450-7_v1_00115.jpg",750601,494b9c48d97ec840ed231d1ec8831d84,37daebf062f62578d8a222e052a54c41c87644a8,,,already-present-matching
membership-image,"resources/source-cds/29-Merthyr Tydfil,1843-1857_1861-1896,LR54507/Images/LR-5450-7_v1_00116.jpg","29-Merthyr Tydfil,1843-1857_1861-1896,LR54507/Images/LR-5450-7_v1_00116.jpg",803304,b9523dccbcf2c15c21adfa9c3c495b9d,e48847f01e2124e97cad65c3c321d0638dc8476b,,,already-present-matching
membership-image,"resources/source-cds/29-Merthyr Tydfil,1843-1857_1861-1896,LR54507/Images/LR-5450-7_v1_00117.jpg","29-Merthyr Tydfil,1843-1857_1861-1896,LR54507/Images/LR-5450-7_v1_00117.jpg",753970,d5c5c70e5251b53ec3e01e77802ad825,4f05f1b397c007427222ff8e1bbbfe7085206df2,,,already-present-matching
membership-image,"resources/source-cds/29-Merthyr Tydfil,1843-1857_1861-1896,LR54507/Images/LR-5450-7_v1_00118.jpg","29-Merthyr Tydfil,1843-1857_1861-1896,LR54507/Images/LR-5450-7_v1_00118.jpg",800439,25df6681b927f177929d525fc1e57b55,0e242f1f263cf27b4fe16ab839f502d7f52404c2,,,already-present-matching
membership-image,"resources/source-cds/29-Merthyr Tydfil,1843-1857_1861-1896,LR54507/Images/LR-5450-7_v1_00119.jpg","29-Merthyr Tydfil,1843-1857_1861-1896,LR54507/Images/LR-5450-7_v1_00119.jpg",745495,9843f47b484f0e6e8d9a653a3e5f8ded,12d52a2e4965c9104d0fe3fa6f81c7361703770a,,,already-present-matching
membership-image,"resources/source-cds/29-Merthyr Tydfil,1843-1857_1861-1896,LR54507/Images/LR-5450-7_v1_00120.jpg","29-Merthyr Tydfil,1843-1857_1861-1896,LR54507/Images/LR-5450-7_v1_00120.jpg",787048,b5bf95ad477db56a5087dfd76589ff0d,8898cbfa4a2f4b552b535fc6f9cd954465414372,,,already-present-matching
membership-image,"resources/source-cds/29-Merthyr Tydfil,1843-1857_1861-1896,LR54507/Images/LR-5450-7_v1_00121.jpg","29-Merthyr Tydfil,1843-1857_1861-1896,LR54507/Images/LR-5450-7_v1_00121.jpg",762792,95c6c47c3a4589695711ee4e62b9dc28,01e22397b69b8edad52af208435ba2f33bdccb0e,,,already-present-matching
membership-image,"resources/source-cds/29-Merthyr Tydfil,1843-1857_1861-1896,LR54507/Images/LR-5450-7_v1_00122.jpg","29-Merthyr Tydfil,1843-1857_1861-1896,LR54507/Images/LR-5450-7_v1_00122.jpg",773621,b4dae9228e2904274e87ed6ef91ea798,ce6f87eea0d63072d7d57436f5f24a1d6580fc6f,,,already-present-matching
membership-image,"resources/source-cds/29-Merthyr Tydfil,1843-1857_1861-1896,LR54507/Images/LR-5450-7_v1_00123.jpg","29-Merthyr Tydfil,1843-1857_1861-1896,LR54507/Images/LR-5450-7_v1_00123.jpg",743784,b7e64b4c3502e224acdf81eb158c3661,a223ff91a42af6f9c450b22de5816ab5cc0c478a,,,already-present-matching
membership-image,"resources/source-cds/29-Merthyr Tydfil,1843-1857_1861-1896,LR54507/Images/LR-5450-7_v1_00124.jpg","29-Merthyr Tydfil,1843-1857_1861-1896,LR54507/Images/LR-5450-7_v1_00124.jpg",762473,19e43d1f0b6aca7ca42317e8862c75e8,ae6618f26b75db49d0c6be4cfda3ddf94c087b92,,,already-present-matching
membership-image,"resources/source-cds/29-Merthyr Tydfil,1843-1857_1861-1896,LR54507/Images/LR-5450-7_v1_00125.jpg","29-Merthyr Tydfil,1843-1857_1861-1896,LR54507/Images/LR-5450-7_v1_00125.jpg",741631,af96cec0e465daf47ad597bb17c3d42d,5e5f42aab4cfdd2f28acdc4cc2fb046ef737da37,,,already-present-matching
membership-image,"resources/source-cds/29-Merthyr Tydfil,1843-1857_1861-1896,LR54507/Images/LR-5450-7_v1_00126.jpg","29-Merthyr Tydfil,1843-1857_1861-1896,LR54507/Images/LR-5450-7_v1_00126.jpg",838450,8ac27398b231c3e3835cc872c1a76ab9,6170c3751877866094a5106ba0fe445e3e63cfa5,,,already-present-matching
membership-image,"resources/source-cds/29-Merthyr Tydfil,1843-1857_1861-1896,LR54507/Images/LR-5450-7_v1_00127.jpg","29-Merthyr Tydfil,1843-1857_1861-1896,LR54507/Images/LR-5450-7_v1_00127.jpg",809844,b01ee0f569f5e8118ffb1b8716cb0003,6654a25e439e94f5dc1978b93e42386ddda1241f,,,already-present-matching
membership-image,"resources/source-cds/29-Merthyr Tydfil,1843-1857_1861-1896,LR54507/Images/LR-5450-7_v1_00128.jpg","29-Merthyr Tydfil,1843-1857_1861-1896,LR54507/Images/LR-5450-7_v1_00128.jpg",769036,17d951a5aaab5a5e70a2a741e47e923d,93eb73916d8b06b144a72a622926027322781165,,,already-present-matching
membership-image,"resources/source-cds/29-Merthyr Tydfil,1843-1857_1861-1896,LR54507/Images/LR-5450-7_v1_00129.jpg","29-Merthyr Tydfil,1843-1857_1861-1896,LR54507/Images/LR-5450-7_v1_00129.jpg",725929,ae6d6e42cfde5b79a955566942f0d9bd,6ac283664b20850953d782e00e3d6fc2a14a62d8,,,already-present-matching
membership-image,"resources/source-cds/29-Merthyr Tydfil,1843-1857_1861-1896,LR54507/Images/LR-5450-7_v1_00130.jpg","29-Merthyr Tydfil,1843-1857_1861-1896,LR54507/Images/LR-5450-7_v1_00130.jpg",788060,b98406f9248fa37e9d538b2bbc56e104,ce45e2ee5638e4accd5d4ccb6ccca1d05070ea51,,,already-present-matching
membership-image,"resources/source-cds/29-Merthyr Tydfil,1843-1857_1861-1896,LR54507/Images/LR-5450-7_v1_00131.jpg","29-Merthyr Tydfil,1843-1857_1861-1896,LR54507/Images/LR-5450-7_v1_00131.jpg",729065,282ee8eb1b864b7c4ff7becded1bc77f,5b3899bcfb701be9db8c4b54f45d5f21dc582873,,,already-present-matching
membership-image,"resources/source-cds/29-Merthyr Tydfil,1843-1857_1861-1896,LR54507/Images/LR-5450-7_v1_00132.jpg","29-Merthyr Tydfil,1843-1857_1861-1896,LR54507/Images/LR-5450-7_v1_00132.jpg",742898,d59bfc938a4ffa095beb7bcc99d4c3bf,841e46bb0040c88823dd75c642ee7ed0972f6f10,,,already-present-matching
membership-image,"resources/source-cds/29-Merthyr Tydfil,1843-1857_1861-1896,LR54507/Images/LR-5450-7_v1_00133.jpg","29-Merthyr Tydfil,1843-1857_1861-1896,LR54507/Images/LR-5450-7_v1_00133.jpg",750809,50f77ce65f2732b300abed6deede8c1d,02d1b4ee33b7fce2a3f9a53fd4cef5f298b7ce9d,,,already-present-matching
membership-image,"resources/source-cds/29-Merthyr Tydfil,1843-1857_1861-1896,LR54507/Images/LR-5450-7_v1_00134.jpg","29-Merthyr Tydfil,1843-1857_1861-1896,LR54507/Images/LR-5450-7_v1_00134.jpg",802069,fac7707ceabbb87b05ae0bc32fcf5554,756ea7828d1eac9f67650b51b79a75117d07b8fb,,,already-present-matching
membership-image,"resources/source-cds/29-Merthyr Tydfil,1843-1857_1861-1896,LR54507/Images/LR-5450-7_v1_00135.jpg","29-Merthyr Tydfil,1843-1857_1861-1896,LR54507/Images/LR-5450-7_v1_00135.jpg",713933,c4a2546c3949ec729a9e887d6c4e4353,fea6eb6a80ace6cc87a4dfbe6f17eaaca2506c12,,,already-present-matching
membership-image,"resources/source-cds/29-Merthyr Tydfil,1843-1857_1861-1896,LR54507/Images/LR-5450-7_v1_00136.jpg","29-Merthyr Tydfil,1843-1857_1861-1896,LR54507/Images/LR-5450-7_v1_00136.jpg",759417,db767df800d766ea16633230e489e8da,39061403507640cc457412b2ec7558ab9d2ecf09,,,already-present-matching
membership-image,"resources/source-cds/29-Merthyr Tydfil,1843-1857_1861-1896,LR54507/Images/LR-5450-7_v1_00137.jpg","29-Merthyr Tydfil,1843-1857_1861-1896,LR54507/Images/LR-5450-7_v1_00137.jpg",705780,02c38592041e4aeb29d5fffd1bccb3dc,e075a2c336b4fbd2e18e0c548d8d7da6e0098e03,,,already-present-matching
membership-image,"resources/source-cds/29-Merthyr Tydfil,1843-1857_1861-1896,LR54507/Images/LR-5450-7_v1_00138.jpg","29-Merthyr Tydfil,1843-1857_1861-1896,LR54507/Images/LR-5450-7_v1_00138.jpg",728628,50de338ac111853c657e557e1e19bbe7,4a77bbb2da400ea3bc3bf79ad01bc7bfba601cf8,,,already-present-matching
membership-image,"resources/source-cds/29-Merthyr Tydfil,1843-1857_1861-1896,LR54507/Images/LR-5450-7_v1_00139.jpg","29-Merthyr Tydfil,1843-1857_1861-1896,LR54507/Images/LR-5450-7_v1_00139.jpg",726798,0fcb04c29bf8bbd77df6a41cf06decc8,01ad9a5eab851d6f662e2c19f396d781e4143eb1,,,already-present-matching
membership-image,"resources/source-cds/29-Merthyr Tydfil,1843-1857_1861-1896,LR54507/Images/LR-5450-7_v1_00140.jpg","29-Merthyr Tydfil,1843-1857_1861-1896,LR54507/Images/LR-5450-7_v1_00140.jpg",716878,08930b430b12ba449dcc3ca38ca5829f,2c22c80fd397d30fe994e3bb19b880db44fb090d,,,already-present-matching
membership-image,"resources/source-cds/29-Merthyr Tydfil,1843-1857_1861-1896,LR54507/Images/LR-5450-7_v1_00141.jpg","29-Merthyr Tydfil,1843-1857_1861-1896,LR54507/Images/LR-5450-7_v1_00141.jpg",952690,3e6ce920e41b34d18306f302b82ea8bf,552c7f7c89bc60d9d5d6e7141ef58a84e4da06aa,,,already-present-matching
membership-image,"resources/source-cds/29-Merthyr Tydfil,1843-1857_1861-1896,LR54507/Images/LR-5450-7_v1_00142.jpg","29-Merthyr Tydfil,1843-1857_1861-1896,LR54507/Images/LR-5450-7_v1_00142.jpg",1023583,e48760252e5bdbbf4079009c3efe3f2a,858c99da477b796ae6e230f0e08d32941d62e6cc,,,already-present-matching
membership-image,"resources/source-cds/29-Merthyr Tydfil,1843-1857_1861-1896,LR54507/Images/LR-5450-7_v1_00143.jpg","29-Merthyr Tydfil,1843-1857_1861-1896,LR54507/Images/LR-5450-7_v1_00143.jpg",853309,cf74c6f12408ec5b4e4a8985527c1e0f,58d73b44b968e1320b04c547edb85971b2b1afc2,,,already-present-matching
membership-image,"resources/source-cds/29-Merthyr Tydfil,1843-1857_1861-1896,LR54507/Images/LR-5450-7_v1_00144.jpg","29-Merthyr Tydfil,1843-1857_1861-1896,LR54507/Images/LR-5450-7_v1_00144.jpg",722180,369ae4b707b8924403edf50e2e28cdb1,44aeabe861c227e44b705db38cb4910fce0aecf8,,,already-present-matching
membership-image,"resources/source-cds/29-Merthyr Tydfil,1843-1857_1861-1896,LR54507/Images/LR-5450-7_v1_00145.jpg","29-Merthyr Tydfil,1843-1857_1861-1896,LR54507/Images/LR-5450-7_v1_00145.jpg",769873,e561cceab0007ff989cc25bdc0734fb6,d1888f9a61ab77bd49d92f0933f0540e52883807,,,already-present-matching
membership-image,"resources/source-cds/29-Merthyr Tydfil,1843-1857_1861-1896,LR54507/Images/LR-5450-7_v1_00146.jpg","29-Merthyr Tydfil,1843-1857_1861-1896,LR54507/Images/LR-5450-7_v1_00146.jpg",691116,6391df73f256fd5b5ab92ef35dc16756,ea35578a6f93246e8afa2bfd870fbad627d9c77b,,,already-present-matching
membership-image,"resources/source-cds/29-Merthyr Tydfil,1843-1857_1861-1896,LR54507/Images/LR-5450-7_v1_00147.jpg","29-Merthyr Tydfil,1843-1857_1861-1896,LR54507/Images/LR-5450-7_v1_00147.jpg",699901,1e4ed8e5d5241d9024d99d4e771f329a,c124a22c1fcd034c2def5a6cfd6be3dd23feedae,,,already-present-matching
membership-image,"resources/source-cds/29-Merthyr Tydfil,1843-1857_1861-1896,LR54507/Images/LR-5450-7_v1_00148.jpg","29-Merthyr Tydfil,1843-1857_1861-1896,LR54507/Images/LR-5450-7_v1_00148.jpg",644152,ffa7f4a846f3383401ab63e4d11bac66,44fb9e951b88d1d14c7d5c450085068b426d0732,,,already-present-matching
membership-image,"resources/source-cds/29-Merthyr Tydfil,1843-1857_1861-1896,LR54507/Images/LR-5450-7_v1_00149.jpg","29-Merthyr Tydfil,1843-1857_1861-1896,LR54507/Images/LR-5450-7_v1_00149.jpg",642998,d6bb3260daa882c4ddace0a4d4d93525,2a34d76a922212876fbb1de904b22f858c7ebfbd,,,already-present-matching
membership-image,"resources/source-cds/29-Merthyr Tydfil,1843-1857_1861-1896,LR54507/Images/LR-5450-7_v1_00150.jpg","29-Merthyr Tydfil,1843-1857_1861-1896,LR54507/Images/LR-5450-7_v1_00150.jpg",1066260,a506d9a76ac1736ffba5f4a313ab5d88,712204647619e13f40dd7ed1b8ac60b47aa32348,,,already-present-matching
membership-image,"resources/source-cds/29-Merthyr Tydfil,1843-1857_1861-1896,LR54507/Images/LR-5450-7_v1_00151.jpg","29-Merthyr Tydfil,1843-1857_1861-1896,LR54507/Images/LR-5450-7_v1_00151.jpg",1047165,434375e75780056b70bc7bb5593a9e45,020360abc5e133e53abd4e0739d817c664c902b9,,,already-present-matching
membership-image,"resources/source-cds/29-Merthyr Tydfil,1843-1857_1861-1896,LR54507/Images/LR-5450-7_v1_00152.jpg","29-Merthyr Tydfil,1843-1857_1861-1896,LR54507/Images/LR-5450-7_v1_00152.jpg",466947,7de14753294d1cd21d81d45b35d3e618,0fc90989994262f4448e2572cdd5bfce3264d2aa,,,already-present-matching
membership-image,"resources/source-cds/29-Merthyr Tydfil,1843-1857_1861-1896,LR54507/Images/LR-5450-7_v2_00001.jpg","29-Merthyr Tydfil,1843-1857_1861-1896,LR54507/Images/LR-5450-7_v2_00001.jpg",489657,96a63c49f3ec4f878a137fcb64fe664f,384ce30c7c4ca7fc64263de59505d958f5dce042,,,already-present-matching
membership-image,"resources/source-cds/29-Merthyr Tydfil,1843-1857_1861-1896,LR54507/Images/LR-5450-7_v2_00002.jpg","29-Merthyr Tydfil,1843-1857_1861-1896,LR54507/Images/LR-5450-7_v2_00002.jpg",1370727,755f636eb80b0f084f29b71990760c7f,4a83ff3e063c0bc9e27230201f97c1e836f23fb5,,,already-present-matching
membership-image,"resources/source-cds/29-Merthyr Tydfil,1843-1857_1861-1896,LR54507/Images/LR-5450-7_v2_00003.jpg","29-Merthyr Tydfil,1843-1857_1861-1896,LR54507/Images/LR-5450-7_v2_00003.jpg",1399466,ee8db1dd912478ff728beb15b3165f78,8ec5e228b0bca5bafd98e4b96b332dd682c95faa,,,already-present-matching
membership-image,"resources/source-cds/29-Merthyr Tydfil,1843-1857_1861-1896,LR54507/Images/LR-5450-7_v2_00004.jpg","29-Merthyr Tydfil,1843-1857_1861-1896,LR54507/Images/LR-5450-7_v2_00004.jpg",622368,e2e8149a9f18b6b3530a8f7a36587fb1,963f6c4dd214bff9f9c503f7d0388d2814fdecf4,,,already-present-matching
membership-image,"resources/source-cds/29-Merthyr Tydfil,1843-1857_1861-1896,LR54507/Images/LR-5450-7_v2_00005.jpg","29-Merthyr Tydfil,1843-1857_1861-1896,LR54507/Images/LR-5450-7_v2_00005.jpg",712377,f8d9182b473f945d7798d6ed9836478d,0ebccda265179d7363d8df4d247227653dad964b,,,already-present-matching
membership-image,"resources/source-cds/29-Merthyr Tydfil,1843-1857_1861-1896,LR54507/Images/LR-5450-7_v2_00006.jpg","29-Merthyr Tydfil,1843-1857_1861-1896,LR54507/Images/LR-5450-7_v2_00006.jpg",564506,6ad642b237ea58c88a0118f79c2287b9,4aa5303be6d974fb6512ace373df8e1960a18671,,,already-present-matching
membership-image,"resources/source-cds/29-Merthyr Tydfil,1843-1857_1861-1896,LR54507/Images/LR-5450-7_v2_00007.jpg","29-Merthyr Tydfil,1843-1857_1861-1896,LR54507/Images/LR-5450-7_v2_00007.jpg",834394,43c63d449c9f2fc1b2ef7e5fbcfcd0fc,747b7c9dfd7349f67c7a7fbca813a0ed65b459de,,,already-present-matching
membership-image,"resources/source-cds/29-Merthyr Tydfil,1843-1857_1861-1896,LR54507/Images/LR-5450-7_v2_00008.jpg","29-Merthyr Tydfil,1843-1857_1861-1896,LR54507/Images/LR-5450-7_v2_00008.jpg",562889,efd1663188f471976f315252b1ccb704,acb4cfe9699b4486f7946d6fd89ba06e541f88bd,,,already-present-matching
membership-image,"resources/source-cds/29-Merthyr Tydfil,1843-1857_1861-1896,LR54507/Images/LR-5450-7_v2_00009.jpg","29-Merthyr Tydfil,1843-1857_1861-1896,LR54507/Images/LR-5450-7_v2_00009.jpg",627370,6295d8542a548c5eeeb80c60662aaa58,0878a5213c88c9a4be36c011b47fed87f5f3bb34,,,already-present-matching
membership-image,"resources/source-cds/29-Merthyr Tydfil,1843-1857_1861-1896,LR54507/Images/LR-5450-7_v2_00010.jpg","29-Merthyr Tydfil,1843-1857_1861-1896,LR54507/Images/LR-5450-7_v2_00010.jpg",614625,5cc42a773d1ab59263b5b9bc71094178,918fc99032ec98d08cd38a22cb850044dd3b23b1,,,already-present-matching
membership-image,"resources/source-cds/29-Merthyr Tydfil,1843-1857_1861-1896,LR54507/Images/LR-5450-7_v2_00011.jpg","29-Merthyr Tydfil,1843-1857_1861-1896,LR54507/Images/LR-5450-7_v2_00011.jpg",629048,a937644fb9bac830b1d3027208d110d6,7d575c3c9f5612958a3df1a2790f5e03f8e05ec3,,,already-present-matching
membership-image,"resources/source-cds/29-Merthyr Tydfil,1843-1857_1861-1896,LR54507/Images/LR-5450-7_v2_00012.jpg","29-Merthyr Tydfil,1843-1857_1861-1896,LR54507/Images/LR-5450-7_v2_00012.jpg",559533,554831fbd99b448af1cf8176a407f47d,9e92a0b0b851be1c52b79b281c04548d14af25a9,,,already-present-matching
membership-image,"resources/source-cds/29-Merthyr Tydfil,1843-1857_1861-1896,LR54507/Images/LR-5450-7_v2_00013.jpg","29-Merthyr Tydfil,1843-1857_1861-1896,LR54507/Images/LR-5450-7_v2_00013.jpg",590219,401c36cc1f3c376872a996a7dfd11a5d,3fa66d8ec64ed6d73b1d731c44ae6b22b6725dff,,,already-present-matching
membership-image,"resources/source-cds/29-Merthyr Tydfil,1843-1857_1861-1896,LR54507/Images/LR-5450-7_v2_00014.jpg","29-Merthyr Tydfil,1843-1857_1861-1896,LR54507/Images/LR-5450-7_v2_00014.jpg",589426,a0836f4e5f08c151c7e38078c853104e,af744729e747811b17f6d47119151f43798a4fbe,,,already-present-matching
membership-image,"resources/source-cds/29-Merthyr Tydfil,1843-1857_1861-1896,LR54507/Images/LR-5450-7_v2_00015.jpg","29-Merthyr Tydfil,1843-1857_1861-1896,LR54507/Images/LR-5450-7_v2_00015.jpg",595069,ca114f2f7b8888d6d658814cdf435be5,5dee70bd1368bffcd96c0b7870fdd29d40a0c077,,,already-present-matching
membership-image,"resources/source-cds/29-Merthyr Tydfil,1843-1857_1861-1896,LR54507/Images/LR-5450-7_v2_00016.jpg","29-Merthyr Tydfil,1843-1857_1861-1896,LR54507/Images/LR-5450-7_v2_00016.jpg",616865,74e7039b2c05a0c2b69e98f8949adde4,f8b6adcb6bab1310f3d19f1582a0afd770ebed64,,,already-present-matching
membership-image,"resources/source-cds/29-Merthyr Tydfil,1843-1857_1861-1896,LR54507/Images/LR-5450-7_v2_00017.jpg","29-Merthyr Tydfil,1843-1857_1861-1896,LR54507/Images/LR-5450-7_v2_00017.jpg",623047,f5216882a76b5b3c8d7ea6c0fc2015d7,0279ad4e86950f34a2a75474608104aa34215590,,,already-present-matching
membership-image,"resources/source-cds/29-Merthyr Tydfil,1843-1857_1861-1896,LR54507/Images/LR-5450-7_v2_00018.jpg","29-Merthyr Tydfil,1843-1857_1861-1896,LR54507/Images/LR-5450-7_v2_00018.jpg",561530,c34bc660870b818d6750207426bce2eb,243f72ccf2ae9500b5912e60f17a74e41a1a95ae,,,already-present-matching
membership-image,"resources/source-cds/29-Merthyr Tydfil,1843-1857_1861-1896,LR54507/Images/LR-5450-7_v2_00019.jpg","29-Merthyr Tydfil,1843-1857_1861-1896,LR54507/Images/LR-5450-7_v2_00019.jpg",579835,3b43663b64eec45fe9a1a3c98a43b9c5,7df7c401fdfb226503a31fb3b13a321d344e2998,,,already-present-matching
membership-image,"resources/source-cds/29-Merthyr Tydfil,1843-1857_1861-1896,LR54507/Images/LR-5450-7_v2_00020.jpg","29-Merthyr Tydfil,1843-1857_1861-1896,LR54507/Images/LR-5450-7_v2_00020.jpg",595354,15a25ed0425d3bfabc4056a39a203091,e73620dbf91a7ca9502f8ff89af0af25e3c997d8,,,already-present-matching
membership-image,"resources/source-cds/29-Merthyr Tydfil,1843-1857_1861-1896,LR54507/Images/LR-5450-7_v2_00021.jpg","29-Merthyr Tydfil,1843-1857_1861-1896,LR54507/Images/LR-5450-7_v2_00021.jpg",612563,ac43771bbe39364c34ff57b6717dba12,cbc550fc5dd08addaebc8e3bec1547461bd7fa7a,,,already-present-matching
membership-image,"resources/source-cds/29-Merthyr Tydfil,1843-1857_1861-1896,LR54507/Images/LR-5450-7_v2_00022.jpg","29-Merthyr Tydfil,1843-1857_1861-1896,LR54507/Images/LR-5450-7_v2_00022.jpg",702780,afbfc945653f6e002194c404e8ca95a7,5318e9063d41396fd1e88693b0e4a5c8c96acc0a,,,already-present-matching
membership-image,"resources/source-cds/29-Merthyr Tydfil,1843-1857_1861-1896,LR54507/Images/LR-5450-7_v2_00023.jpg","29-Merthyr Tydfil,1843-1857_1861-1896,LR54507/Images/LR-5450-7_v2_00023.jpg",672597,11eb731f3d3f9128372b13a318de77d0,0820bc7bd50b3243de03f0583b47d776a973dacc,,,already-present-matching
membership-image,"resources/source-cds/29-Merthyr Tydfil,1843-1857_1861-1896,LR54507/Images/LR-5450-7_v2_00024.jpg","29-Merthyr Tydfil,1843-1857_1861-1896,LR54507/Images/LR-5450-7_v2_00024.jpg",778178,eca3b4caec2d4bcd785b96c79e18435f,737c5a9e4a80310c083c5642a454c3089a8329a0,,,already-present-matching
membership-image,"resources/source-cds/29-Merthyr Tydfil,1843-1857_1861-1896,LR54507/Images/LR-5450-7_v2_00025.jpg","29-Merthyr Tydfil,1843-1857_1861-1896,LR54507/Images/LR-5450-7_v2_00025.jpg",710448,270bcda200ea91ff073ec40d6b11e38f,2c26951c359a768536dbac3ae1145d4261e8a75c,,,already-present-matching
membership-image,"resources/source-cds/29-Merthyr Tydfil,1843-1857_1861-1896,LR54507/Images/LR-5450-7_v2_00026.jpg","29-Merthyr Tydfil,1843-1857_1861-1896,LR54507/Images/LR-5450-7_v2_00026.jpg",731369,d4de2b4b9fedd45a98dcb2d8990f7ccc,88b9a3ddd6758591ccddbb6bc14e9b7b27b792c1,,,already-present-matching
membership-image,"resources/source-cds/29-Merthyr Tydfil,1843-1857_1861-1896,LR54507/Images/LR-5450-7_v2_00027.jpg","29-Merthyr Tydfil,1843-1857_1861-1896,LR54507/Images/LR-5450-7_v2_00027.jpg",720552,7a612988ed8d59d21fee7f9ff92aa21a,115a3f3d770af57c9ff8efa85fc929570790841b,,,already-present-matching
membership-image,"resources/source-cds/29-Merthyr Tydfil,1843-1857_1861-1896,LR54507/Images/LR-5450-7_v2_00028.jpg","29-Merthyr Tydfil,1843-1857_1861-1896,LR54507/Images/LR-5450-7_v2_00028.jpg",683127,0d25660f838a7c7d357c58483f49ecef,937b6bae2e0a19fa452ec7b1f864e1cac0180dbe,,,already-present-matching
membership-image,"resources/source-cds/29-Merthyr Tydfil,1843-1857_1861-1896,LR54507/Images/LR-5450-7_v2_00029.jpg","29-Merthyr Tydfil,1843-1857_1861-1896,LR54507/Images/LR-5450-7_v2_00029.jpg",703324,4879c12af9da9789deb74b47d310f956,2caed1985d670f39e03a7cc8c4e52c815eca6be0,,,already-present-matching
membership-image,"resources/source-cds/29-Merthyr Tydfil,1843-1857_1861-1896,LR54507/Images/LR-5450-7_v2_00030.jpg","29-Merthyr Tydfil,1843-1857_1861-1896,LR54507/Images/LR-5450-7_v2_00030.jpg",672673,479a225ac31e7e58044342ff18e215b9,b2846f29cafb4b6cc25607ee1be71b7e0e0ff724,,,already-present-matching
membership-image,"resources/source-cds/29-Merthyr Tydfil,1843-1857_1861-1896,LR54507/Images/LR-5450-7_v2_00031.jpg","29-Merthyr Tydfil,1843-1857_1861-1896,LR54507/Images/LR-5450-7_v2_00031.jpg",686763,da741807208b71855c5d20533a8e4cd9,1afe81817d9e7b99337c5c6e6f05b0aa1ecf77b8,,,already-present-matching
membership-image,"resources/source-cds/29-Merthyr Tydfil,1843-1857_1861-1896,LR54507/Images/LR-5450-7_v2_00032.jpg","29-Merthyr Tydfil,1843-1857_1861-1896,LR54507/Images/LR-5450-7_v2_00032.jpg",720110,8d031980f31effa87bebf54474918dfb,71039f52fd81735afd2a8094429704715983a48d,,,already-present-matching
membership-image,"resources/source-cds/29-Merthyr Tydfil,1843-1857_1861-1896,LR54507/Images/LR-5450-7_v2_00033.jpg","29-Merthyr Tydfil,1843-1857_1861-1896,LR54507/Images/LR-5450-7_v2_00033.jpg",694598,db80ff02230de65003f232607a5444e2,0329f722c42c7efd5990c819876a7f3b4dbe0bed,,,already-present-matching
membership-image,"resources/source-cds/29-Merthyr Tydfil,1843-1857_1861-1896,LR54507/Images/LR-5450-7_v2_00034.jpg","29-Merthyr Tydfil,1843-1857_1861-1896,LR54507/Images/LR-5450-7_v2_00034.jpg",706410,ac762dc353dd5d936ef9a7b54db9d29b,13d519208be67885dbd7074b6db3034a634b986c,,,already-present-matching
membership-image,"resources/source-cds/29-Merthyr Tydfil,1843-1857_1861-1896,LR54507/Images/LR-5450-7_v2_00035.jpg","29-Merthyr Tydfil,1843-1857_1861-1896,LR54507/Images/LR-5450-7_v2_00035.jpg",690181,0987f83ac9fe941ac7c658166da7105d,9ee65d4828641cf59c040802de82ac609443a4cf,,,already-present-matching
membership-image,"resources/source-cds/29-Merthyr Tydfil,1843-1857_1861-1896,LR54507/Images/LR-5450-7_v2_00036.jpg","29-Merthyr Tydfil,1843-1857_1861-1896,LR54507/Images/LR-5450-7_v2_00036.jpg",712045,81f84475dc3d3393e5e36ae89ee08b24,e07d7d276dc57e3ba7cea62058504d56bf7407f8,,,already-present-matching
membership-image,"resources/source-cds/29-Merthyr Tydfil,1843-1857_1861-1896,LR54507/Images/LR-5450-7_v2_00037.jpg","29-Merthyr Tydfil,1843-1857_1861-1896,LR54507/Images/LR-5450-7_v2_00037.jpg",669298,90255b97ad3f07e4c11eb948085e5bd0,1dff58899841b8a4f815a3a9299b1a75d533c431,,,already-present-matching
membership-image,"resources/source-cds/29-Merthyr Tydfil,1843-1857_1861-1896,LR54507/Images/LR-5450-7_v2_00038.jpg","29-Merthyr Tydfil,1843-1857_1861-1896,LR54507/Images/LR-5450-7_v2_00038.jpg",745662,a687b7e61a5e1c0047c1e62848fd2fec,b57eb8d7aa6954387ef4198359e3b9044f57f3d0,,,already-present-matching
membership-image,"resources/source-cds/29-Merthyr Tydfil,1843-1857_1861-1896,LR54507/Images/LR-5450-7_v2_00039.jpg","29-Merthyr Tydfil,1843-1857_1861-1896,LR54507/Images/LR-5450-7_v2_00039.jpg",654454,6c3be6cd60d1681794d98288302f909f,f60d926c720b45d4d619970b11398d0a375763dd,,,already-present-matching
membership-image,"resources/source-cds/29-Merthyr Tydfil,1843-1857_1861-1896,LR54507/Images/LR-5450-7_v2_00040.jpg","29-Merthyr Tydfil,1843-1857_1861-1896,LR54507/Images/LR-5450-7_v2_00040.jpg",735933,05cd27f9efbb5d21df08ff9bec298946,5a81f9bb37d74e24d11fcd32ec19a0b577814365,,,already-present-matching
membership-image,"resources/source-cds/29-Merthyr Tydfil,1843-1857_1861-1896,LR54507/Images/LR-5450-7_v2_00041.jpg","29-Merthyr Tydfil,1843-1857_1861-1896,LR54507/Images/LR-5450-7_v2_00041.jpg",653334,5c021198bcac7ffe3af842ba3050dfff,cb8c66cbd26958a6f12090ba3d8c411f6039cbc3,,,already-present-matching
membership-image,"resources/source-cds/29-Merthyr Tydfil,1843-1857_1861-1896,LR54507/Images/LR-5450-7_v2_00042.jpg","29-Merthyr Tydfil,1843-1857_1861-1896,LR54507/Images/LR-5450-7_v2_00042.jpg",753299,24f64334c3252b0d83a7c0707684d951,5f86f61b7b071071a231f99cbb2a42cbbdb4deae,,,already-present-matching
membership-image,"resources/source-cds/29-Merthyr Tydfil,1843-1857_1861-1896,LR54507/Images/LR-5450-7_v2_00043.jpg","29-Merthyr Tydfil,1843-1857_1861-1896,LR54507/Images/LR-5450-7_v2_00043.jpg",647685,56fa4bdaa56a1456368b96d885f63f81,2003066443ca5d3cb793f0f7032c3ccd1879f0d8,,,already-present-matching
membership-image,"resources/source-cds/29-Merthyr Tydfil,1843-1857_1861-1896,LR54507/Images/LR-5450-7_v2_00044.jpg","29-Merthyr Tydfil,1843-1857_1861-1896,LR54507/Images/LR-5450-7_v2_00044.jpg",756688,1a1af55c5893d3dee595a3a2c378742b,21dad778b6a1e0fa127932b2fb74ddc001d0a9dc,,,already-present-matching
membership-image,"resources/source-cds/29-Merthyr Tydfil,1843-1857_1861-1896,LR54507/Images/LR-5450-7_v2_00045.jpg","29-Merthyr Tydfil,1843-1857_1861-1896,LR54507/Images/LR-5450-7_v2_00045.jpg",659757,36e88183a78f26f2a2486350d07e3ac4,efb1c073f626a9bc194f767a32b4d3bd2e83ef85,,,already-present-matching
membership-image,"resources/source-cds/29-Merthyr Tydfil,1843-1857_1861-1896,LR54507/Images/LR-5450-7_v2_00046.jpg","29-Merthyr Tydfil,1843-1857_1861-1896,LR54507/Images/LR-5450-7_v2_00046.jpg",755207,d9c2c2710744fa0adc736f4b2f7f62e4,0bcc6bd38fcf026514ab904e1e8067e4aca26517,,,already-present-matching
membership-image,"resources/source-cds/29-Merthyr Tydfil,1843-1857_1861-1896,LR54507/Images/LR-5450-7_v2_00047.jpg","29-Merthyr Tydfil,1843-1857_1861-1896,LR54507/Images/LR-5450-7_v2_00047.jpg",616433,439bd082f6ea4e265ad436ac2b3fc2d7,4017aed16224adbdc169f011b97497c940ab85f1,,,already-present-matching
membership-image,"resources/source-cds/29-Merthyr Tydfil,1843-1857_1861-1896,LR54507/Images/LR-5450-7_v2_00048.jpg","29-Merthyr Tydfil,1843-1857_1861-1896,LR54507/Images/LR-5450-7_v2_00048.jpg",764821,ca67d9b58731be8a569670ed42e65e37,168542531c1e228fee1cf0d776cbaf612043e47a,,,already-present-matching
membership-image,"resources/source-cds/29-Merthyr Tydfil,1843-1857_1861-1896,LR54507/Images/LR-5450-7_v2_00049.jpg","29-Merthyr Tydfil,1843-1857_1861-1896,LR54507/Images/LR-5450-7_v2_00049.jpg",702178,096c2b4d7e2877befad6da21ebe1abcd,1fd832c77f8436575f3c8908a754434738c02f81,,,already-present-matching
membership-image,"resources/source-cds/29-Merthyr Tydfil,1843-1857_1861-1896,LR54507/Images/LR-5450-7_v2_00050.jpg","29-Merthyr Tydfil,1843-1857_1861-1896,LR54507/Images/LR-5450-7_v2_00050.jpg",693298,b46848be5aa12cc76591aa558668c74e,973ce16bb6c64be2884b17b3bdfb5f57942ec8c5,,,already-present-matching
membership-image,"resources/source-cds/29-Merthyr Tydfil,1843-1857_1861-1896,LR54507/Images/LR-5450-7_v2_00051.jpg","29-Merthyr Tydfil,1843-1857_1861-1896,LR54507/Images/LR-5450-7_v2_00051.jpg",647263,7eb7f03f3d18dfca3edce3048259f25d,1fdb157dc00eca9b42378e28f998387ccb3c1093,,,already-present-matching
membership-image,"resources/source-cds/29-Merthyr Tydfil,1843-1857_1861-1896,LR54507/Images/LR-5450-7_v2_00052.jpg","29-Merthyr Tydfil,1843-1857_1861-1896,LR54507/Images/LR-5450-7_v2_00052.jpg",730124,fcb0021cd2153f9472ada420549d69d9,0eba476cc4cd8e04611914428acdba5d34ad340f,,,already-present-matching
membership-image,"resources/source-cds/29-Merthyr Tydfil,1843-1857_1861-1896,LR54507/Images/LR-5450-7_v2_00053.jpg","29-Merthyr Tydfil,1843-1857_1861-1896,LR54507/Images/LR-5450-7_v2_00053.jpg",669783,eff370bd0d379885a3c55f0b636e4042,71a290863af917011b6301f2e7f06010761c46eb,,,already-present-matching
membership-image,"resources/source-cds/29-Merthyr Tydfil,1843-1857_1861-1896,LR54507/Images/LR-5450-7_v2_00054.jpg","29-Merthyr Tydfil,1843-1857_1861-1896,LR54507/Images/LR-5450-7_v2_00054.jpg",744855,cb73ebaa99406ef846e15d6bc45d08a8,648b540dc1c720b84bf4158028e95253be5f231d,,,already-present-matching
membership-image,"resources/source-cds/29-Merthyr Tydfil,1843-1857_1861-1896,LR54507/Images/LR-5450-7_v2_00055.jpg","29-Merthyr Tydfil,1843-1857_1861-1896,LR54507/Images/LR-5450-7_v2_00055.jpg",649630,c2d90d2d7b6408c3b062b358ebd228af,50a81f9b53da475aa2670f53342677d6ae366fb6,,,already-present-matching
membership-image,"resources/source-cds/29-Merthyr Tydfil,1843-1857_1861-1896,LR54507/Images/LR-5450-7_v2_00056.jpg","29-Merthyr Tydfil,1843-1857_1861-1896,LR54507/Images/LR-5450-7_v2_00056.jpg",762335,e28ec45c60cbecde131807e5949d98b8,ec904f629cb71d6e9407209416f21e3121b2c086,,,already-present-matching
membership-image,"resources/source-cds/29-Merthyr Tydfil,1843-1857_1861-1896,LR54507/Images/LR-5450-7_v2_00057.jpg","29-Merthyr Tydfil,1843-1857_1861-1896,LR54507/Images/LR-5450-7_v2_00057.jpg",645252,b3b228955bcbe138ba0b58dbac3dedb9,a293de43ff6889e35db8757c7f8c5402262acfd0,,,already-present-matching
membership-image,"resources/source-cds/29-Merthyr Tydfil,1843-1857_1861-1896,LR54507/Images/LR-5450-7_v2_00058.jpg","29-Merthyr Tydfil,1843-1857_1861-1896,LR54507/Images/LR-5450-7_v2_00058.jpg",758351,2dbaa67c5327154c91cdac2d54cb752b,9fd78a8ddf3a6e8de5dd8847c3831cff21307d63,,,already-present-matching
membership-image,"resources/source-cds/29-Merthyr Tydfil,1843-1857_1861-1896,LR54507/Images/LR-5450-7_v2_00059.jpg","29-Merthyr Tydfil,1843-1857_1861-1896,LR54507/Images/LR-5450-7_v2_00059.jpg",653933,7f9e604417343aae8fc6297ceabba111,38e15654472860485473c9964bf89e9ce6b4d41a,,,already-present-matching
membership-image,"resources/source-cds/29-Merthyr Tydfil,1843-1857_1861-1896,LR54507/Images/LR-5450-7_v2_00060.jpg","29-Merthyr Tydfil,1843-1857_1861-1896,LR54507/Images/LR-5450-7_v2_00060.jpg",766458,28c5945372aeb178e2dfb873d9e10922,c00ca0ea75e6cc4ec368111dc3d6ea8da60377ce,,,already-present-matching
membership-image,"resources/source-cds/29-Merthyr Tydfil,1843-1857_1861-1896,LR54507/Images/LR-5450-7_v2_00061.jpg","29-Merthyr Tydfil,1843-1857_1861-1896,LR54507/Images/LR-5450-7_v2_00061.jpg",655412,731abffd9ba3f1392a01b74cb309644b,0a1e29c5e6c532c6ab30472ebf424c5f2feb61c4,,,already-present-matching
membership-image,"resources/source-cds/29-Merthyr Tydfil,1843-1857_1861-1896,LR54507/Images/LR-5450-7_v2_00062.jpg","29-Merthyr Tydfil,1843-1857_1861-1896,LR54507/Images/LR-5450-7_v2_00062.jpg",747686,c762b380c7df8402ee86e2445cd65cf0,c29dcdbf6527cc6910524d6edc3b0faf94e5338f,,,already-present-matching
membership-image,"resources/source-cds/29-Merthyr Tydfil,1843-1857_1861-1896,LR54507/Images/LR-5450-7_v2_00063.jpg","29-Merthyr Tydfil,1843-1857_1861-1896,LR54507/Images/LR-5450-7_v2_00063.jpg",664541,ac95dec0f5acde525d2a3441a53bee3d,e69dc1fd447d89f5d92cbd3737d0767c9f941a5f,,,already-present-matching
membership-image,"resources/source-cds/29-Merthyr Tydfil,1843-1857_1861-1896,LR54507/Images/LR-5450-7_v2_00064.jpg","29-Merthyr Tydfil,1843-1857_1861-1896,LR54507/Images/LR-5450-7_v2_00064.jpg",762248,fc3e57e949cec46b134264ca778e2bc5,7dd9d18ce5bf8938216c6071625fc4d93349f59a,,,already-present-matching
membership-image,"resources/source-cds/29-Merthyr Tydfil,1843-1857_1861-1896,LR54507/Images/LR-5450-7_v2_00065.jpg","29-Merthyr Tydfil,1843-1857_1861-1896,LR54507/Images/LR-5450-7_v2_00065.jpg",698418,9e9b35257aeb15658e8c58f26e7ba433,726dc4c0affe42efee17c7866b7cef894f035285,,,already-present-matching
membership-image,"resources/source-cds/29-Merthyr Tydfil,1843-1857_1861-1896,LR54507/Images/LR-5450-7_v2_00066.jpg","29-Merthyr Tydfil,1843-1857_1861-1896,LR54507/Images/LR-5450-7_v2_00066.jpg",729319,f2681de95f958e662f01644636eac687,500f4552fb55ea68e62bf16968a3df0c8ea45be1,,,already-present-matching
membership-image,"resources/source-cds/29-Merthyr Tydfil,1843-1857_1861-1896,LR54507/Images/LR-5450-7_v2_00067.jpg","29-Merthyr Tydfil,1843-1857_1861-1896,LR54507/Images/LR-5450-7_v2_00067.jpg",688900,8b564fbfc05b7b79370660cab8ede928,78c29bf891653831fbf4699dfd47bf4a15300ad8,,,already-present-matching
membership-image,"resources/source-cds/29-Merthyr Tydfil,1843-1857_1861-1896,LR54507/Images/LR-5450-7_v2_00068.jpg","29-Merthyr Tydfil,1843-1857_1861-1896,LR54507/Images/LR-5450-7_v2_00068.jpg",740286,b63b006f7db45b57a8b71e3cfb6c4925,b459479e097f0c9f79e41fbf47ea0979bbaa67c7,,,already-present-matching
membership-image,"resources/source-cds/29-Merthyr Tydfil,1843-1857_1861-1896,LR54507/Images/LR-5450-7_v2_00069.jpg","29-Merthyr Tydfil,1843-1857_1861-1896,LR54507/Images/LR-5450-7_v2_00069.jpg",691762,d462aca7ac6d79b7c1ee1bffa2769967,70c3be52c8f4505f6aa0eaec91ff60e55a4cb2aa,,,already-present-matching
membership-image,"resources/source-cds/29-Merthyr Tydfil,1843-1857_1861-1896,LR54507/Images/LR-5450-7_v2_00070.jpg","29-Merthyr Tydfil,1843-1857_1861-1896,LR54507/Images/LR-5450-7_v2_00070.jpg",724167,f64a88aba4a3dd09d07d83f62971688f,7fc99e4b70be639694bfb4d05f13bf7d0f401023,,,already-present-matching
membership-image,"resources/source-cds/29-Merthyr Tydfil,1843-1857_1861-1896,LR54507/Images/LR-5450-7_v2_00071.jpg","29-Merthyr Tydfil,1843-1857_1861-1896,LR54507/Images/LR-5450-7_v2_00071.jpg",701134,c5c56be6d88dac28d474652c4d181194,916702d5debee6cf4e7b45389eb1296bb716f379,,,already-present-matching
membership-image,"resources/source-cds/29-Merthyr Tydfil,1843-1857_1861-1896,LR54507/Images/LR-5450-7_v2_00072.jpg","29-Merthyr Tydfil,1843-1857_1861-1896,LR54507/Images/LR-5450-7_v2_00072.jpg",736298,e5c69ee681a7b8c8a0dab3d6a5607d9b,ad7ad5a5cc4797d4a2ace6c534f831f24ed99616,,,already-present-matching
membership-image,"resources/source-cds/29-Merthyr Tydfil,1843-1857_1861-1896,LR54507/Images/LR-5450-7_v2_00073.jpg","29-Merthyr Tydfil,1843-1857_1861-1896,LR54507/Images/LR-5450-7_v2_00073.jpg",697215,11033e40798965493f12925bc47cef57,6cad8494c4a1e27a464b09b7e2bb4cb83cc9b3ab,,,already-present-matching
membership-image,"resources/source-cds/29-Merthyr Tydfil,1843-1857_1861-1896,LR54507/Images/LR-5450-7_v2_00074.jpg","29-Merthyr Tydfil,1843-1857_1861-1896,LR54507/Images/LR-5450-7_v2_00074.jpg",730642,893f1d09576420c5076b2ceac1de755a,78849113ef94fedbc7818b9445e087b213815067,,,already-present-matching
membership-image,"resources/source-cds/29-Merthyr Tydfil,1843-1857_1861-1896,LR54507/Images/LR-5450-7_v2_00075.jpg","29-Merthyr Tydfil,1843-1857_1861-1896,LR54507/Images/LR-5450-7_v2_00075.jpg",690966,17d93c21d154a4957cb3b6f388b1d8af,bde5a0ac2ce6958dbb30b0d75970cf1b2e23412e,,,already-present-matching
membership-image,"resources/source-cds/29-Merthyr Tydfil,1843-1857_1861-1896,LR54507/Images/LR-5450-7_v2_00076.jpg","29-Merthyr Tydfil,1843-1857_1861-1896,LR54507/Images/LR-5450-7_v2_00076.jpg",737134,b324ce3ba458ecb3bac8c8d2841c634d,2dbf635d939afe418e230323306c2a2f5495314a,,,already-present-matching
membership-image,"resources/source-cds/29-Merthyr Tydfil,1843-1857_1861-1896,LR54507/Images/LR-5450-7_v2_00077.jpg","29-Merthyr Tydfil,1843-1857_1861-1896,LR54507/Images/LR-5450-7_v2_00077.jpg",733961,22d27a28d41ca894f0b8243e0cb7e9c3,a0bb6450ed8e04059aae7a90d8fea0973548ffaa,,,already-present-matching
membership-image,"resources/source-cds/29-Merthyr Tydfil,1843-1857_1861-1896,LR54507/Images/LR-5450-7_v2_00078.jpg","29-Merthyr Tydfil,1843-1857_1861-1896,LR54507/Images/LR-5450-7_v2_00078.jpg",757867,40cc4203a53fa4360504d41ac91e9608,8280944c78c4d5e6c7ae81ce37b1498094c76852,,,already-present-matching
membership-image,"resources/source-cds/29-Merthyr Tydfil,1843-1857_1861-1896,LR54507/Images/LR-5450-7_v2_00079.jpg","29-Merthyr Tydfil,1843-1857_1861-1896,LR54507/Images/LR-5450-7_v2_00079.jpg",675327,95c273500c3518034dee8a68caea7f5f,e84aa913ea50771f887e60aa88b19a59f21a7375,,,already-present-matching
membership-image,"resources/source-cds/29-Merthyr Tydfil,1843-1857_1861-1896,LR54507/Images/LR-5450-7_v2_00080.jpg","29-Merthyr Tydfil,1843-1857_1861-1896,LR54507/Images/LR-5450-7_v2_00080.jpg",766836,0b18caa823673d65e9a8544e7814426d,1e647f85be28c396b2bb8d223bd56fe35c943704,,,already-present-matching
membership-image,"resources/source-cds/29-Merthyr Tydfil,1843-1857_1861-1896,LR54507/Images/LR-5450-7_v2_00081.jpg","29-Merthyr Tydfil,1843-1857_1861-1896,LR54507/Images/LR-5450-7_v2_00081.jpg",662362,31926ea0733c853bbd35682c2d76aeb8,ea4bc7a7c91daca49fc4c7bb382e38a9d25e04bd,,,already-present-matching
membership-image,"resources/source-cds/29-Merthyr Tydfil,1843-1857_1861-1896,LR54507/Images/LR-5450-7_v2_00082.jpg","29-Merthyr Tydfil,1843-1857_1861-1896,LR54507/Images/LR-5450-7_v2_00082.jpg",726880,0cdfaad8772cc461e86c3bab02c8c0c2,799f57c8f878a5388af9ce1c52f972028cd11e30,,,already-present-matching
membership-image,"resources/source-cds/29-Merthyr Tydfil,1843-1857_1861-1896,LR54507/Images/LR-5450-7_v2_00083.jpg","29-Merthyr Tydfil,1843-1857_1861-1896,LR54507/Images/LR-5450-7_v2_00083.jpg",669670,a7bf838113f1b24990ee068d3fed539c,65354ccd89cf9047d90db82799a11add6616c0ef,,,already-present-matching
membership-image,"resources/source-cds/29-Merthyr Tydfil,1843-1857_1861-1896,LR54507/Images/LR-5450-7_v2_00084.jpg","29-Merthyr Tydfil,1843-1857_1861-1896,LR54507/Images/LR-5450-7_v2_00084.jpg",768678,ea5dea91c228e97a3717a865022d0a97,ac8ee9246bf8f7d12e15f339596112a2b5b82e74,,,already-present-matching
membership-image,"resources/source-cds/29-Merthyr Tydfil,1843-1857_1861-1896,LR54507/Images/LR-5450-7_v2_00085.jpg","29-Merthyr Tydfil,1843-1857_1861-1896,LR54507/Images/LR-5450-7_v2_00085.jpg",665065,5ff5309d40186e8e30866ae6fee6f2e6,e530080c0060d3f574c88b357cb49ca8d8d1a45b,,,already-present-matching
membership-image,"resources/source-cds/29-Merthyr Tydfil,1843-1857_1861-1896,LR54507/Images/LR-5450-7_v2_00086.jpg","29-Merthyr Tydfil,1843-1857_1861-1896,LR54507/Images/LR-5450-7_v2_00086.jpg",775206,cce1e836778e4ee6f565b9af56534a7b,5b424732f80ad07c04ef386d065d9d645d1eb212,,,already-present-matching
membership-image,"resources/source-cds/29-Merthyr Tydfil,1843-1857_1861-1896,LR54507/Images/LR-5450-7_v2_00087.jpg","29-Merthyr Tydfil,1843-1857_1861-1896,LR54507/Images/LR-5450-7_v2_00087.jpg",681650,16777a5e4f0faeb5943471a47412549a,323219177dd66cedc86d4d8d65bfea4bceea2eaa,,,already-present-matching
membership-image,"resources/source-cds/29-Merthyr Tydfil,1843-1857_1861-1896,LR54507/Images/LR-5450-7_v2_00088.jpg","29-Merthyr Tydfil,1843-1857_1861-1896,LR54507/Images/LR-5450-7_v2_00088.jpg",792984,5bed233eb304ddefc674ec35bd9dcfe1,fe576a9d9cae327004e9568be073089d4c42200f,,,already-present-matching
membership-image,"resources/source-cds/29-Merthyr Tydfil,1843-1857_1861-1896,LR54507/Images/LR-5450-7_v2_00089.jpg","29-Merthyr Tydfil,1843-1857_1861-1896,LR54507/Images/LR-5450-7_v2_00089.jpg",670534,cd6f521a4353feabcc3ba943c707d8c3,5a7db75569f9e9e0b0f41019f07659dc0f74d3c1,,,already-present-matching
membership-image,"resources/source-cds/29-Merthyr Tydfil,1843-1857_1861-1896,LR54507/Images/LR-5450-7_v2_00090.jpg","29-Merthyr Tydfil,1843-1857_1861-1896,LR54507/Images/LR-5450-7_v2_00090.jpg",750561,6d625f31c543aa6bcdf1f6fce7a96421,d8484425ac38cf2afd97ff0fe961b0131fafd3b4,,,already-present-matching
membership-image,"resources/source-cds/29-Merthyr Tydfil,1843-1857_1861-1896,LR54507/Images/LR-5450-7_v2_00091.jpg","29-Merthyr Tydfil,1843-1857_1861-1896,LR54507/Images/LR-5450-7_v2_00091.jpg",686595,4c96db51a1132005f261b01dd7077730,de23452816b4b39698afb705b80c4b5d2fdc4594,,,already-present-matching
membership-image,"resources/source-cds/29-Merthyr Tydfil,1843-1857_1861-1896,LR54507/Images/LR-5450-7_v2_00092.jpg","29-Merthyr Tydfil,1843-1857_1861-1896,LR54507/Images/LR-5450-7_v2_00092.jpg",731027,cca958d9460b86476d45cd1fcfb771df,e3e2f16a16792728f976508a58fc63c54156ddc6,,,already-present-matching
membership-image,"resources/source-cds/29-Merthyr Tydfil,1843-1857_1861-1896,LR54507/Images/LR-5450-7_v2_00093.jpg","29-Merthyr Tydfil,1843-1857_1861-1896,LR54507/Images/LR-5450-7_v2_00093.jpg",728629,9e30fb50d61393d20785c5f56e69e8b5,7691539576a84c81e458aacdae8d49c9cf234756,,,already-present-matching
membership-image,"resources/source-cds/29-Merthyr Tydfil,1843-1857_1861-1896,LR54507/Images/LR-5450-7_v2_00094.jpg","29-Merthyr Tydfil,1843-1857_1861-1896,LR54507/Images/LR-5450-7_v2_00094.jpg",739209,f89f30e3a85395651c8275dc836c7542,9915a31db3be385e38534d60f5d2ec5a2d295ef3,,,already-present-matching
membership-image,"resources/source-cds/29-Merthyr Tydfil,1843-1857_1861-1896,LR54507/Images/LR-5450-7_v2_00095.jpg","29-Merthyr Tydfil,1843-1857_1861-1896,LR54507/Images/LR-5450-7_v2_00095.jpg",692220,165f36dedb8ff81f24ab6ef972903d53,8771d233e2607d921d0f66a0d9ab30c9fbb0bf2d,,,already-present-matching
membership-image,"resources/source-cds/29-Merthyr Tydfil,1843-1857_1861-1896,LR54507/Images/LR-5450-7_v2_00096.jpg","29-Merthyr Tydfil,1843-1857_1861-1896,LR54507/Images/LR-5450-7_v2_00096.jpg",733014,8de6fce0531fee3dc704e4872dc3b352,4cb65157e47955a6ceeed7c8ede98c500b9f6b08,,,already-present-matching
membership-image,"resources/source-cds/29-Merthyr Tydfil,1843-1857_1861-1896,LR54507/Images/LR-5450-7_v2_00097.jpg","29-Merthyr Tydfil,1843-1857_1861-1896,LR54507/Images/LR-5450-7_v2_00097.jpg",708658,6720afba7acb86c37a05827604c190e2,151497dc44c469e9a784d7bdbe596eb44b2ce7a6,,,already-present-matching
membership-image,"resources/source-cds/29-Merthyr Tydfil,1843-1857_1861-1896,LR54507/Images/LR-5450-7_v2_00098.jpg","29-Merthyr Tydfil,1843-1857_1861-1896,LR54507/Images/LR-5450-7_v2_00098.jpg",744727,ffca1f98e8e7aef5ccf236eb96fe17cb,508bf12a95e727b6e7e131f8700b61bfff233927,,,already-present-matching
membership-image,"resources/source-cds/29-Merthyr Tydfil,1843-1857_1861-1896,LR54507/Images/LR-5450-7_v2_00099.jpg","29-Merthyr Tydfil,1843-1857_1861-1896,LR54507/Images/LR-5450-7_v2_00099.jpg",699126,561cdd6eb2b6fb06d928a0b47fc27c1a,7f6b45ce9a38a9538436fa1905d8d8c8aafa6671,,,already-present-matching
membership-image,"resources/source-cds/29-Merthyr Tydfil,1843-1857_1861-1896,LR54507/Images/LR-5450-7_v2_00100.jpg","29-Merthyr Tydfil,1843-1857_1861-1896,LR54507/Images/LR-5450-7_v2_00100.jpg",711065,95f2491d0e6ec35cc74d8d4009fcd8ea,9b838d314ca9712cb92ab14649ca08482c6443aa,,,already-present-matching
membership-image,"resources/source-cds/29-Merthyr Tydfil,1843-1857_1861-1896,LR54507/Images/LR-5450-7_v2_00101.jpg","29-Merthyr Tydfil,1843-1857_1861-1896,LR54507/Images/LR-5450-7_v2_00101.jpg",695652,e4b5da2d618678e3dcba006a2f1e51ab,18c5d415c76b03deaa5cfc14164165a20849eaf5,,,already-present-matching
membership-image,"resources/source-cds/29-Merthyr Tydfil,1843-1857_1861-1896,LR54507/Images/LR-5450-7_v2_00102.jpg","29-Merthyr Tydfil,1843-1857_1861-1896,LR54507/Images/LR-5450-7_v2_00102.jpg",710479,f22f6a64460b42f5423ce7ed06776a8c,11b949cba691a04671eeeb6f73f40a1dec267496,,,already-present-matching
membership-image,"resources/source-cds/29-Merthyr Tydfil,1843-1857_1861-1896,LR54507/Images/LR-5450-7_v2_00103.jpg","29-Merthyr Tydfil,1843-1857_1861-1896,LR54507/Images/LR-5450-7_v2_00103.jpg",707263,663952f1c1b158be5a017f795a615716,727ac388a0291a7189faa591537f84291927fbda,,,already-present-matching
membership-image,"resources/source-cds/29-Merthyr Tydfil,1843-1857_1861-1896,LR54507/Images/LR-5450-7_v2_00104.jpg","29-Merthyr Tydfil,1843-1857_1861-1896,LR54507/Images/LR-5450-7_v2_00104.jpg",745583,d80d823c8e3f2121067dac2b756f327d,1a6c41320a7f74c63ec4f80087a7212fc70701f3,,,already-present-matching
membership-image,"resources/source-cds/29-Merthyr Tydfil,1843-1857_1861-1896,LR54507/Images/LR-5450-7_v2_00105.jpg","29-Merthyr Tydfil,1843-1857_1861-1896,LR54507/Images/LR-5450-7_v2_00105.jpg",720953,539f8099f61565eb5f6043e931c255aa,e7f8316a7805c4eec5f103f514fca480c4d1b6e7,,,already-present-matching
membership-image,"resources/source-cds/29-Merthyr Tydfil,1843-1857_1861-1896,LR54507/Images/LR-5450-7_v2_00106.jpg","29-Merthyr Tydfil,1843-1857_1861-1896,LR54507/Images/LR-5450-7_v2_00106.jpg",743529,11ed771ed2219cdc5d953d6ac5726340,4e1afee533031d8fba3a3724a9106b63aa9cf00d,,,already-present-matching
membership-image,"resources/source-cds/29-Merthyr Tydfil,1843-1857_1861-1896,LR54507/Images/LR-5450-7_v2_00107.jpg","29-Merthyr Tydfil,1843-1857_1861-1896,LR54507/Images/LR-5450-7_v2_00107.jpg",688422,29ab0de50f279d3be866280214145f7a,3784e6c1f86073a632981fdeffa37e529108b33d,,,already-present-matching
membership-image,"resources/source-cds/29-Merthyr Tydfil,1843-1857_1861-1896,LR54507/Images/LR-5450-7_v2_00108.jpg","29-Merthyr Tydfil,1843-1857_1861-1896,LR54507/Images/LR-5450-7_v2_00108.jpg",719232,e770a265b9aeb22465a1562157595cb5,873bc4ca7b5e16bb426a9e33a3c6b73230d061b8,,,already-present-matching
membership-image,"resources/source-cds/29-Merthyr Tydfil,1843-1857_1861-1896,LR54507/Images/LR-5450-7_v2_00109.jpg","29-Merthyr Tydfil,1843-1857_1861-1896,LR54507/Images/LR-5450-7_v2_00109.jpg",711495,c7d372d474cd71149c504d85c7ae244e,ae68866588f21798c65fa7cec24875d3e079f70f,,,already-present-matching
membership-image,"resources/source-cds/29-Merthyr Tydfil,1843-1857_1861-1896,LR54507/Images/LR-5450-7_v2_00110.jpg","29-Merthyr Tydfil,1843-1857_1861-1896,LR54507/Images/LR-5450-7_v2_00110.jpg",732046,983311b609d6fb991a4645ffe85da6f1,219694b77ac4db140969c445b980bf7c21e7a141,,,already-present-matching
membership-image,"resources/source-cds/29-Merthyr Tydfil,1843-1857_1861-1896,LR54507/Images/LR-5450-7_v2_00111.jpg","29-Merthyr Tydfil,1843-1857_1861-1896,LR54507/Images/LR-5450-7_v2_00111.jpg",687812,9383c06e598843a610589e41b055191d,3c3292270d29d32eb8310f8248eeba1fc56cc54f,,,already-present-matching
membership-image,"resources/source-cds/29-Merthyr Tydfil,1843-1857_1861-1896,LR54507/Images/LR-5450-7_v2_00112.jpg","29-Merthyr Tydfil,1843-1857_1861-1896,LR54507/Images/LR-5450-7_v2_00112.jpg",701882,7c9fd9837c30227832d489926de58906,9e13d1f368639883eb64cab35e6fddfeecdc3252,,,already-present-matching
membership-image,"resources/source-cds/29-Merthyr Tydfil,1843-1857_1861-1896,LR54507/Images/LR-5450-7_v2_00113.jpg","29-Merthyr Tydfil,1843-1857_1861-1896,LR54507/Images/LR-5450-7_v2_00113.jpg",700631,2782b25292df700cbfe3a2d204c1ebb9,fa627b34ee45e5223bd9cf7208e2573df82fe709,,,already-present-matching
membership-image,"resources/source-cds/29-Merthyr Tydfil,1843-1857_1861-1896,LR54507/Images/LR-5450-7_v2_00114.jpg","29-Merthyr Tydfil,1843-1857_1861-1896,LR54507/Images/LR-5450-7_v2_00114.jpg",654422,7cd2cbee33015f323798f757176297c8,87daed92278c950e16204076b98f5d807a840b3b,,,already-present-matching
membership-image,"resources/source-cds/29-Merthyr Tydfil,1843-1857_1861-1896,LR54507/Images/LR-5450-7_v2_00115.jpg","29-Merthyr Tydfil,1843-1857_1861-1896,LR54507/Images/LR-5450-7_v2_00115.jpg",691177,21a57b1f7171a58ae81647c7530ae254,1147032f4a750d5863212d4370c60fa20c3ad58f,,,already-present-matching
membership-image,"resources/source-cds/29-Merthyr Tydfil,1843-1857_1861-1896,LR54507/Images/LR-5450-7_v2_00116.jpg","29-Merthyr Tydfil,1843-1857_1861-1896,LR54507/Images/LR-5450-7_v2_00116.jpg",736436,0cc7ed785c53b1d4644b9f5a35f001d1,6014ed5ae1171279b0ad8dab51535827126620a9,,,already-present-matching
membership-image,"resources/source-cds/29-Merthyr Tydfil,1843-1857_1861-1896,LR54507/Images/LR-5450-7_v2_00117.jpg","29-Merthyr Tydfil,1843-1857_1861-1896,LR54507/Images/LR-5450-7_v2_00117.jpg",691212,c9c81aa50575adf5a236d3be02f23b9d,5518c1f2287fdd55ac0a036475c99a49c94c267e,,,already-present-matching
membership-image,"resources/source-cds/29-Merthyr Tydfil,1843-1857_1861-1896,LR54507/Images/LR-5450-7_v2_00118.jpg","29-Merthyr Tydfil,1843-1857_1861-1896,LR54507/Images/LR-5450-7_v2_00118.jpg",747108,c7ef5c3116214dc3c6e3c8236c624d69,39ec4f8a6e5fb13d3587921bf29d2ebf00c845e9,,,already-present-matching
membership-image,"resources/source-cds/29-Merthyr Tydfil,1843-1857_1861-1896,LR54507/Images/LR-5450-7_v2_00119.jpg","29-Merthyr Tydfil,1843-1857_1861-1896,LR54507/Images/LR-5450-7_v2_00119.jpg",686072,6ebcd874b00f1dcdad77869396f0e108,2f87761bbcf8fd776729a70506b7e1b7c20843ef,,,already-present-matching
membership-image,"resources/source-cds/29-Merthyr Tydfil,1843-1857_1861-1896,LR54507/Images/LR-5450-7_v2_00120.jpg","29-Merthyr Tydfil,1843-1857_1861-1896,LR54507/Images/LR-5450-7_v2_00120.jpg",704808,9d0c5bbce93ba0f06970df96b8d9b359,38410940f8d63afdf4e61e84e85b6d473b74f61d,,,already-present-matching
membership-image,"resources/source-cds/29-Merthyr Tydfil,1843-1857_1861-1896,LR54507/Images/LR-5450-7_v2_00121.jpg","29-Merthyr Tydfil,1843-1857_1861-1896,LR54507/Images/LR-5450-7_v2_00121.jpg",669308,62ab7a77eedf2fa4d9de201818f51000,3921b47ead4fdd92b7e653e53f7187b2f5da45ea,,,already-present-matching
membership-image,"resources/source-cds/29-Merthyr Tydfil,1843-1857_1861-1896,LR54507/Images/LR-5450-7_v2_00122.jpg","29-Merthyr Tydfil,1843-1857_1861-1896,LR54507/Images/LR-5450-7_v2_00122.jpg",653813,a0bf6f6ca6e8771f5280beb7748a2932,f3f28f41f249d85b76124969c9cf37e3f2c21210,,,already-present-matching
membership-image,"resources/source-cds/29-Merthyr Tydfil,1843-1857_1861-1896,LR54507/Images/LR-5450-7_v2_00123.jpg","29-Merthyr Tydfil,1843-1857_1861-1896,LR54507/Images/LR-5450-7_v2_00123.jpg",312834,8bd94bbbea7f15df419053183b0adb7c,f505140cefa7459b7e45de5384d8a1be320c23bd,,,already-present-matching
membership-image,"resources/source-cds/29-Merthyr Tydfil,1843-1857_1861-1896,LR54507/Images/LR-5450-7_v2_00124.jpg","29-Merthyr Tydfil,1843-1857_1861-1896,LR54507/Images/LR-5450-7_v2_00124.jpg",597834,daa65f5f9c96ce1e00aa62d80b51b7f1,6a27bc60db88277fd482e999376de621b9407491,,,already-present-matching
membership-image,"resources/source-cds/29-Merthyr Tydfil,1843-1857_1861-1896,LR54507/Images/LR-5450-7_v2_00125.jpg","29-Merthyr Tydfil,1843-1857_1861-1896,LR54507/Images/LR-5450-7_v2_00125.jpg",836124,0c865a22d528ff9b37ae340fbcd6c077,bc1a6d6656d57903aa2956e61224bba1b9e6655e,,,already-present-matching
membership-image,"resources/source-cds/29-Merthyr Tydfil,1843-1857_1861-1896,LR54507/Images/LR-5450-7_v2_00126.jpg","29-Merthyr Tydfil,1843-1857_1861-1896,LR54507/Images/LR-5450-7_v2_00126.jpg",880273,73acd5b423beb61850a43c927d2eb568,cbde15c152239155f33912c0d646d4e50be9d219,,,already-present-matching
membership-image,"resources/source-cds/29-Merthyr Tydfil,1843-1857_1861-1896,LR54507/Images/LR-5450-7_v2_00127.jpg","29-Merthyr Tydfil,1843-1857_1861-1896,LR54507/Images/LR-5450-7_v2_00127.jpg",623307,1f989808f811c8b6f19f7ea34523437e,76246b28c7b2e6f2925abd309e02af7f91496240,,,already-present-matching
membership-image,"resources/source-cds/29-Merthyr Tydfil,1843-1857_1861-1896,LR54507/Images/LR-5450-7_v2_00128.jpg","29-Merthyr Tydfil,1843-1857_1861-1896,LR54507/Images/LR-5450-7_v2_00128.jpg",623223,023a6f023ca1c2fe134ff5dd245f3202,4d6041a84d35da2f35d8df838601f8ad769655f4,,,already-present-matching
membership-image,"resources/source-cds/29-Merthyr Tydfil,1843-1857_1861-1896,LR54507/Images/LR-5450-7_v2_00129.jpg","29-Merthyr Tydfil,1843-1857_1861-1896,LR54507/Images/LR-5450-7_v2_00129.jpg",604214,537ede0014377bc23ee4e28e84ac6235,593b216f0d6764047f5c46642f3cf1c656eeddd3,,,already-present-matching
membership-image,"resources/source-cds/29-Merthyr Tydfil,1843-1857_1861-1896,LR54507/Images/LR-5450-7_v2_00130.jpg","29-Merthyr Tydfil,1843-1857_1861-1896,LR54507/Images/LR-5450-7_v2_00130.jpg",1323865,4496dd8ddcb33ceb5f4ba402aa2c3c86,63a0bbb0d38a15b1e06a41901e9e9443184dca8b,,,already-present-matching
membership-image,"resources/source-cds/29-Merthyr Tydfil,1843-1857_1861-1896,LR54507/Images/LR-5450-7_v2_00131.jpg","29-Merthyr Tydfil,1843-1857_1861-1896,LR54507/Images/LR-5450-7_v2_00131.jpg",1481714,56e80a8f99000045f6206a100199a7af,d7d0043f3198b1847b12be1e28e02ce53d8d8815,,,already-present-matching
membership-image,"resources/source-cds/29-Merthyr Tydfil,1843-1857_1861-1896,LR54507/Images/LR-5450-7_v2_00132.jpg","29-Merthyr Tydfil,1843-1857_1861-1896,LR54507/Images/LR-5450-7_v2_00132.jpg",521131,21fe430a78874d0a3ebabd8326f47022,9cd5084a2d23bc6589e6320efb62b266c1f2fefb,,,already-present-matching
membership-image,"resources/source-cds/29-Merthyr Tydfil,1843-1857_1861-1896,LR54507/Images/LR-5450-7_v3_00001.jpg","29-Merthyr Tydfil,1843-1857_1861-1896,LR54507/Images/LR-5450-7_v3_00001.jpg",356443,02e4b2d4f93fd608c4763c5459711772,9c34d5d3fec66d53661704a001a14233ed099190,,,already-present-matching
membership-image,"resources/source-cds/29-Merthyr Tydfil,1843-1857_1861-1896,LR54507/Images/LR-5450-7_v3_00002.jpg","29-Merthyr Tydfil,1843-1857_1861-1896,LR54507/Images/LR-5450-7_v3_00002.jpg",1017378,b6a4f45cb96f7a086b18afff4966e47f,857487e0d2607474165507aa78b544417550a0de,,,already-present-matching
membership-image,"resources/source-cds/29-Merthyr Tydfil,1843-1857_1861-1896,LR54507/Images/LR-5450-7_v3_00003.jpg","29-Merthyr Tydfil,1843-1857_1861-1896,LR54507/Images/LR-5450-7_v3_00003.jpg",982291,7990f5b795a8a7daa0081e5577585dee,3f06b30496058bc050e219c99dad9662a63be53c,,,already-present-matching
membership-image,"resources/source-cds/29-Merthyr Tydfil,1843-1857_1861-1896,LR54507/Images/LR-5450-7_v3_00004.jpg","29-Merthyr Tydfil,1843-1857_1861-1896,LR54507/Images/LR-5450-7_v3_00004.jpg",532058,18370eddb1b82ca84bf99deb26fc3a6b,00f20b398a8b05398466bb5412863942ef967ff3,,,already-present-matching
membership-image,"resources/source-cds/29-Merthyr Tydfil,1843-1857_1861-1896,LR54507/Images/LR-5450-7_v3_00005.jpg","29-Merthyr Tydfil,1843-1857_1861-1896,LR54507/Images/LR-5450-7_v3_00005.jpg",631066,6669ebd44454b5c5d18ba436e3806d6a,bad942a224b78aaafb9426b8580e932b9a4fe421,,,already-present-matching
membership-image,"resources/source-cds/29-Merthyr Tydfil,1843-1857_1861-1896,LR54507/Images/LR-5450-7_v3_00006.jpg","29-Merthyr Tydfil,1843-1857_1861-1896,LR54507/Images/LR-5450-7_v3_00006.jpg",544840,644e92d222f3f1774e2f4aea0b95a0ce,08a315bc18cd254a620c8cb712f8298ced4bd011,,,already-present-matching
membership-image,"resources/source-cds/29-Merthyr Tydfil,1843-1857_1861-1896,LR54507/Images/LR-5450-7_v3_00007.jpg","29-Merthyr Tydfil,1843-1857_1861-1896,LR54507/Images/LR-5450-7_v3_00007.jpg",714078,cf30ef2766ae56491d2f3e908c20d846,602676b24ff3c4e34b002f1ef940cccedfea1583,,,already-present-matching
membership-image,"resources/source-cds/29-Merthyr Tydfil,1843-1857_1861-1896,LR54507/Images/LR-5450-7_v3_00008.jpg","29-Merthyr Tydfil,1843-1857_1861-1896,LR54507/Images/LR-5450-7_v3_00008.jpg",548419,b1a2e3cee131c4a600cf205413560c18,5d8cedffd66717c68cc6b3a9bacd5871d4d6e43e,,,already-present-matching
membership-image,"resources/source-cds/29-Merthyr Tydfil,1843-1857_1861-1896,LR54507/Images/LR-5450-7_v3_00009.jpg","29-Merthyr Tydfil,1843-1857_1861-1896,LR54507/Images/LR-5450-7_v3_00009.jpg",531451,b1f31f8d7ea4772676980d9c57478763,50d34007411834591ad00c8435f3f90d98926fd6,,,already-present-matching
membership-image,"resources/source-cds/29-Merthyr Tydfil,1843-1857_1861-1896,LR54507/Images/LR-5450-7_v3_00010.jpg","29-Merthyr Tydfil,1843-1857_1861-1896,LR54507/Images/LR-5450-7_v3_00010.jpg",565201,200f82b7f6471c858a22f4bb691d931b,644de3122b08697ec59ef6318187f0ee32fa68d1,,,already-present-matching
membership-image,"resources/source-cds/29-Merthyr Tydfil,1843-1857_1861-1896,LR54507/Images/LR-5450-7_v3_00011.jpg","29-Merthyr Tydfil,1843-1857_1861-1896,LR54507/Images/LR-5450-7_v3_00011.jpg",580306,db419d1e1942f32986e0c64b546e605e,86c789a81067740d870276c2a281d3347999ad08,,,already-present-matching
membership-image,"resources/source-cds/29-Merthyr Tydfil,1843-1857_1861-1896,LR54507/Images/LR-5450-7_v3_00012.jpg","29-Merthyr Tydfil,1843-1857_1861-1896,LR54507/Images/LR-5450-7_v3_00012.jpg",558808,67cc0d10f2c1621fc7ba51981fb0da78,f98264e7039a7e36608aca74c9418dd8936bb7ab,,,already-present-matching
membership-image,"resources/source-cds/29-Merthyr Tydfil,1843-1857_1861-1896,LR54507/Images/LR-5450-7_v3_00013.jpg","29-Merthyr Tydfil,1843-1857_1861-1896,LR54507/Images/LR-5450-7_v3_00013.jpg",540474,665d28a3271160f191d12c5ed84de3d1,56e9c7751a849c06b86ebb166de249f7781c455c,,,already-present-matching
membership-image,"resources/source-cds/29-Merthyr Tydfil,1843-1857_1861-1896,LR54507/Images/LR-5450-7_v3_00014.jpg","29-Merthyr Tydfil,1843-1857_1861-1896,LR54507/Images/LR-5450-7_v3_00014.jpg",646538,3af2622324c6d6367742f1fea33b906c,e4e89f83616da5fccb8c830c8e1115e51da45917,,,already-present-matching
membership-image,"resources/source-cds/29-Merthyr Tydfil,1843-1857_1861-1896,LR54507/Images/LR-5450-7_v3_00015.jpg","29-Merthyr Tydfil,1843-1857_1861-1896,LR54507/Images/LR-5450-7_v3_00015.jpg",617089,5bc7c1d1a7ee587849d8ac863b0a6b53,c9cee5137c80d14239b9efb5c0db112dcce05ad7,,,already-present-matching
membership-image,"resources/source-cds/29-Merthyr Tydfil,1843-1857_1861-1896,LR54507/Images/LR-5450-7_v3_00016.jpg","29-Merthyr Tydfil,1843-1857_1861-1896,LR54507/Images/LR-5450-7_v3_00016.jpg",703985,af763074755e15af53f6ae3dc26a26d3,f5019958ceddcdfa1fe9816fe53b8e3bbcc5d493,,,already-present-matching
membership-image,"resources/source-cds/29-Merthyr Tydfil,1843-1857_1861-1896,LR54507/Images/LR-5450-7_v3_00017.jpg","29-Merthyr Tydfil,1843-1857_1861-1896,LR54507/Images/LR-5450-7_v3_00017.jpg",648816,4e059f65f3ccc5a6121942f0bce2119b,b63c55ad64a757786755649547b36f5fd32da6de,,,already-present-matching
membership-image,"resources/source-cds/29-Merthyr Tydfil,1843-1857_1861-1896,LR54507/Images/LR-5450-7_v3_00018.jpg","29-Merthyr Tydfil,1843-1857_1861-1896,LR54507/Images/LR-5450-7_v3_00018.jpg",690637,86e983bd7036f6782a9ce2e6f7a376d3,054a0a666f60cdd4f72fe7bbb6692cb9f3e49470,,,already-present-matching
membership-image,"resources/source-cds/29-Merthyr Tydfil,1843-1857_1861-1896,LR54507/Images/LR-5450-7_v3_00019.jpg","29-Merthyr Tydfil,1843-1857_1861-1896,LR54507/Images/LR-5450-7_v3_00019.jpg",633451,ac8af34b787a3e47b4bd5c002ed6f179,a19e268c4025230eecd48ae6b46d16a565716a34,,,already-present-matching
membership-image,"resources/source-cds/29-Merthyr Tydfil,1843-1857_1861-1896,LR54507/Images/LR-5450-7_v3_00020.jpg","29-Merthyr Tydfil,1843-1857_1861-1896,LR54507/Images/LR-5450-7_v3_00020.jpg",715566,c4f3f97da5f01ce345292ede586436de,7e08b4756a644c42a21aea46be4cabf197634072,,,already-present-matching
membership-image,"resources/source-cds/29-Merthyr Tydfil,1843-1857_1861-1896,LR54507/Images/LR-5450-7_v3_00021.jpg","29-Merthyr Tydfil,1843-1857_1861-1896,LR54507/Images/LR-5450-7_v3_00021.jpg",641454,4ac14d8aa028dc623709ace8d0bbfb84,e2f8a8d251b47fa233a0cd92de2d4a027c2d8dcf,,,already-present-matching
membership-image,"resources/source-cds/29-Merthyr Tydfil,1843-1857_1861-1896,LR54507/Images/LR-5450-7_v3_00022.jpg","29-Merthyr Tydfil,1843-1857_1861-1896,LR54507/Images/LR-5450-7_v3_00022.jpg",665684,26e1ef64cac40d33dcf3e9f852ea15dd,1b03d98db9d1c366da464f29496c6198e78da7ad,,,already-present-matching
membership-image,"resources/source-cds/29-Merthyr Tydfil,1843-1857_1861-1896,LR54507/Images/LR-5450-7_v3_00023.jpg","29-Merthyr Tydfil,1843-1857_1861-1896,LR54507/Images/LR-5450-7_v3_00023.jpg",616829,aa913692af66d7d8c6a135c937b2b251,c1e116a412a1eabaccf1100cdb83270ac375a915,,,already-present-matching
membership-image,"resources/source-cds/29-Merthyr Tydfil,1843-1857_1861-1896,LR54507/Images/LR-5450-7_v3_00024.jpg","29-Merthyr Tydfil,1843-1857_1861-1896,LR54507/Images/LR-5450-7_v3_00024.jpg",679857,38c54089ef5b5d6909c786101ffc0e2e,1c20076dc5b0c21827fa45a33d42a72cd2dee00b,,,already-present-matching
membership-image,"resources/source-cds/29-Merthyr Tydfil,1843-1857_1861-1896,LR54507/Images/LR-5450-7_v3_00025.jpg","29-Merthyr Tydfil,1843-1857_1861-1896,LR54507/Images/LR-5450-7_v3_00025.jpg",634466,dcde09d34950ba3ac9dbbab867cd8046,b7e26908bc1031d69a4b7330f8bcc2cdbde227b3,,,already-present-matching
membership-image,"resources/source-cds/29-Merthyr Tydfil,1843-1857_1861-1896,LR54507/Images/LR-5450-7_v3_00026.jpg","29-Merthyr Tydfil,1843-1857_1861-1896,LR54507/Images/LR-5450-7_v3_00026.jpg",730114,aa770343e626fab7b759adf7bebeaecc,0c9670c72866f5582542a84f5510126c6f56b0c8,,,already-present-matching
membership-image,"resources/source-cds/29-Merthyr Tydfil,1843-1857_1861-1896,LR54507/Images/LR-5450-7_v3_00027.jpg","29-Merthyr Tydfil,1843-1857_1861-1896,LR54507/Images/LR-5450-7_v3_00027.jpg",650000,e7c92552a3873769447f2ffd310043a4,4ea97a6f9a904d953645a0abcc6d3ac87a93b4db,,,already-present-matching
membership-image,"resources/source-cds/29-Merthyr Tydfil,1843-1857_1861-1896,LR54507/Images/LR-5450-7_v3_00028.jpg","29-Merthyr Tydfil,1843-1857_1861-1896,LR54507/Images/LR-5450-7_v3_00028.jpg",719766,64d3ee282b9cd0c94e431b4f42e89059,48500ecf31b14037dc8b51e5f8c1f0e1163362f0,,,already-present-matching
membership-image,"resources/source-cds/29-Merthyr Tydfil,1843-1857_1861-1896,LR54507/Images/LR-5450-7_v3_00029.jpg","29-Merthyr Tydfil,1843-1857_1861-1896,LR54507/Images/LR-5450-7_v3_00029.jpg",641692,a3a2d2b18c9f797f8c66045ffa54d8d0,0ba5c73db0afdeb3eac6c6b6c12a5a95cb93e9ce,,,already-present-matching
membership-image,"resources/source-cds/29-Merthyr Tydfil,1843-1857_1861-1896,LR54507/Images/LR-5450-7_v3_00030.jpg","29-Merthyr Tydfil,1843-1857_1861-1896,LR54507/Images/LR-5450-7_v3_00030.jpg",694319,7854031765af73665ee5abe50d0b7e75,9d874ab2ca042f28a1ac0bdb20b7615766bf282c,,,already-present-matching
membership-image,"resources/source-cds/29-Merthyr Tydfil,1843-1857_1861-1896,LR54507/Images/LR-5450-7_v3_00031.jpg","29-Merthyr Tydfil,1843-1857_1861-1896,LR54507/Images/LR-5450-7_v3_00031.jpg",635451,064c35cedcf724b98bcc4fe27c405b06,611ad1e9b6b85093ef0a6bf73951473ae70e58e5,,,already-present-matching
membership-image,"resources/source-cds/29-Merthyr Tydfil,1843-1857_1861-1896,LR54507/Images/LR-5450-7_v3_00032.jpg","29-Merthyr Tydfil,1843-1857_1861-1896,LR54507/Images/LR-5450-7_v3_00032.jpg",691211,fd8f053d7492f9e04f0742fec226d77e,7ba2273fd1f90bc8331319db882c804c6944f49d,,,already-present-matching
membership-image,"resources/source-cds/29-Merthyr Tydfil,1843-1857_1861-1896,LR54507/Images/LR-5450-7_v3_00033.jpg","29-Merthyr Tydfil,1843-1857_1861-1896,LR54507/Images/LR-5450-7_v3_00033.jpg",626942,7736d86c986f7742a6154a672feb2167,7f84d3b5e96d37a6a7b7f37a1abdd8f2c325d083,,,already-present-matching
membership-image,"resources/source-cds/29-Merthyr Tydfil,1843-1857_1861-1896,LR54507/Images/LR-5450-7_v3_00034.jpg","29-Merthyr Tydfil,1843-1857_1861-1896,LR54507/Images/LR-5450-7_v3_00034.jpg",662382,1429914c9914e934b8adbc121b0e052a,961184ee71750c58ad2fe2ae7f4e50f1db904b13,,,already-present-matching
membership-image,"resources/source-cds/29-Merthyr Tydfil,1843-1857_1861-1896,LR54507/Images/LR-5450-7_v3_00035.jpg","29-Merthyr Tydfil,1843-1857_1861-1896,LR54507/Images/LR-5450-7_v3_00035.jpg",633354,d9fb1043b43ac30f93f594c780390545,3deacf111a54aa217a696d2bf5ec693a708976bf,,,already-present-matching
membership-image,"resources/source-cds/29-Merthyr Tydfil,1843-1857_1861-1896,LR54507/Images/LR-5450-7_v3_00036.jpg","29-Merthyr Tydfil,1843-1857_1861-1896,LR54507/Images/LR-5450-7_v3_00036.jpg",653860,af3a0ba0b490d1a42743508e54514733,6f50095bc5813a12bcef8dfd160aa129e24908ae,,,already-present-matching
membership-image,"resources/source-cds/29-Merthyr Tydfil,1843-1857_1861-1896,LR54507/Images/LR-5450-7_v3_00037.jpg","29-Merthyr Tydfil,1843-1857_1861-1896,LR54507/Images/LR-5450-7_v3_00037.jpg",640642,cefb20febad4dde37123383bbf0380e0,df785523b66f420c3d15900b9d7d18693064fe6f,,,already-present-matching
membership-image,"resources/source-cds/29-Merthyr Tydfil,1843-1857_1861-1896,LR54507/Images/LR-5450-7_v3_00038.jpg","29-Merthyr Tydfil,1843-1857_1861-1896,LR54507/Images/LR-5450-7_v3_00038.jpg",631704,581e5bb945fd1d06df5c707a723d711e,3bfcb84c763acac6f08898d14268b1a561602797,,,already-present-matching
membership-image,"resources/source-cds/29-Merthyr Tydfil,1843-1857_1861-1896,LR54507/Images/LR-5450-7_v3_00039.jpg","29-Merthyr Tydfil,1843-1857_1861-1896,LR54507/Images/LR-5450-7_v3_00039.jpg",651803,5ea52052a3ca93b85f8454b8d2b09207,f729b28acdedd0ae07d0021173a429de7c1998c1,,,already-present-matching
membership-image,"resources/source-cds/29-Merthyr Tydfil,1843-1857_1861-1896,LR54507/Images/LR-5450-7_v3_00040.jpg","29-Merthyr Tydfil,1843-1857_1861-1896,LR54507/Images/LR-5450-7_v3_00040.jpg",665336,4ff8f237ccf29c82dde0ff52b2a32328,50d1bf1f8621a0732bfaa19e4fc03f6fea7ef973,,,already-present-matching
membership-image,"resources/source-cds/29-Merthyr Tydfil,1843-1857_1861-1896,LR54507/Images/LR-5450-7_v3_00041.jpg","29-Merthyr Tydfil,1843-1857_1861-1896,LR54507/Images/LR-5450-7_v3_00041.jpg",667978,32e7e2a378349192f4cdbeb22e3dc80f,ca070b87d39c24a359f7ec990d3ae3adb08efb7c,,,already-present-matching
membership-image,"resources/source-cds/29-Merthyr Tydfil,1843-1857_1861-1896,LR54507/Images/LR-5450-7_v3_00042.jpg","29-Merthyr Tydfil,1843-1857_1861-1896,LR54507/Images/LR-5450-7_v3_00042.jpg",640911,08ac1bb2f2e3d040b94f6e7d306d841a,c15d7c24fdff97070fc6d873708f1cc490d3dc71,,,already-present-matching
membership-image,"resources/source-cds/29-Merthyr Tydfil,1843-1857_1861-1896,LR54507/Images/LR-5450-7_v3_00043.jpg","29-Merthyr Tydfil,1843-1857_1861-1896,LR54507/Images/LR-5450-7_v3_00043.jpg",616433,279bfe673f5620f39d1f87bf0d7f3a3c,58d18c851a13815329e3c1cc501ddcb3d76e4641,,,already-present-matching
membership-image,"resources/source-cds/29-Merthyr Tydfil,1843-1857_1861-1896,LR54507/Images/LR-5450-7_v3_00044.jpg","29-Merthyr Tydfil,1843-1857_1861-1896,LR54507/Images/LR-5450-7_v3_00044.jpg",655289,e5378498ec034fb372f92f8d3a5c229b,858c950921df3a0939b280e8474a0bf309fd5742,,,already-present-matching
membership-image,"resources/source-cds/29-Merthyr Tydfil,1843-1857_1861-1896,LR54507/Images/LR-5450-7_v3_00045.jpg","29-Merthyr Tydfil,1843-1857_1861-1896,LR54507/Images/LR-5450-7_v3_00045.jpg",633784,a278d02867031363f1017aa1bba4b6df,4a70cbbfe12f839e3e30b6e44b30df3472499f33,,,already-present-matching
membership-image,"resources/source-cds/29-Merthyr Tydfil,1843-1857_1861-1896,LR54507/Images/LR-5450-7_v3_00046.jpg","29-Merthyr Tydfil,1843-1857_1861-1896,LR54507/Images/LR-5450-7_v3_00046.jpg",678317,bf004ecde1fcd151dccf5eb78489a964,6c7b7ef45105d66d3529f3333a009ca96e5e7dda,,,already-present-matching
membership-image,"resources/source-cds/29-Merthyr Tydfil,1843-1857_1861-1896,LR54507/Images/LR-5450-7_v3_00047.jpg","29-Merthyr Tydfil,1843-1857_1861-1896,LR54507/Images/LR-5450-7_v3_00047.jpg",630945,a81ef44d2dcba0c7c6b7e86573fc0cb9,d8a9abc1fc46876ef15e94932b5ee67a5eaf1e6b,,,already-present-matching
membership-image,"resources/source-cds/29-Merthyr Tydfil,1843-1857_1861-1896,LR54507/Images/LR-5450-7_v3_00048.jpg","29-Merthyr Tydfil,1843-1857_1861-1896,LR54507/Images/LR-5450-7_v3_00048.jpg",631373,fb20b22b1af6f87e4b94723d67dfb7ed,7bf945c279ffba9dca7679d95989224796dc4cc3,,,already-present-matching
membership-image,"resources/source-cds/29-Merthyr Tydfil,1843-1857_1861-1896,LR54507/Images/LR-5450-7_v3_00049.jpg","29-Merthyr Tydfil,1843-1857_1861-1896,LR54507/Images/LR-5450-7_v3_00049.jpg",652912,7d206e6d27337d0bd7469dfc74bbae99,c37e8f5e71a20b5ecddac4d7b587edb23f097c46,,,already-present-matching
membership-image,"resources/source-cds/29-Merthyr Tydfil,1843-1857_1861-1896,LR54507/Images/LR-5450-7_v3_00050.jpg","29-Merthyr Tydfil,1843-1857_1861-1896,LR54507/Images/LR-5450-7_v3_00050.jpg",651097,a4de39aeb2c074d4569ea494ea430342,e059da6e21bdf863b42864d094bc263dd8cc0092,,,already-present-matching
membership-image,"resources/source-cds/29-Merthyr Tydfil,1843-1857_1861-1896,LR54507/Images/LR-5450-7_v3_00051.jpg","29-Merthyr Tydfil,1843-1857_1861-1896,LR54507/Images/LR-5450-7_v3_00051.jpg",647034,d65cbbf74befcda3f783f041d03a3dfb,1ab9ed2a2cbc428fa9ca7b512fcf0693dd92f774,,,already-present-matching
membership-image,"resources/source-cds/29-Merthyr Tydfil,1843-1857_1861-1896,LR54507/Images/LR-5450-7_v3_00052.jpg","29-Merthyr Tydfil,1843-1857_1861-1896,LR54507/Images/LR-5450-7_v3_00052.jpg",640119,544ac0e77c49a900c35ce1216ac78593,d46dc318a7641943b46d70e271470a4965a3d660,,,already-present-matching
membership-image,"resources/source-cds/29-Merthyr Tydfil,1843-1857_1861-1896,LR54507/Images/LR-5450-7_v3_00053.jpg","29-Merthyr Tydfil,1843-1857_1861-1896,LR54507/Images/LR-5450-7_v3_00053.jpg",621830,466e36ead2afde219fa9ebab66b962f6,781e77de23f0ebd28ff3fdc7fda553a0f26ffb1d,,,already-present-matching
membership-image,"resources/source-cds/29-Merthyr Tydfil,1843-1857_1861-1896,LR54507/Images/LR-5450-7_v3_00054.jpg","29-Merthyr Tydfil,1843-1857_1861-1896,LR54507/Images/LR-5450-7_v3_00054.jpg",660446,5ede669365b22d80d9a54117fb9f8343,bb948f8bfb84ceb5e46c631bb8b9124a77819a56,,,already-present-matching
membership-image,"resources/source-cds/29-Merthyr Tydfil,1843-1857_1861-1896,LR54507/Images/LR-5450-7_v3_00055.jpg","29-Merthyr Tydfil,1843-1857_1861-1896,LR54507/Images/LR-5450-7_v3_00055.jpg",623515,1273813be9db2c0628f43f697f045034,33baf2af4ee52450eaf4923169bf7d0b263cc2d9,,,already-present-matching
membership-image,"resources/source-cds/29-Merthyr Tydfil,1843-1857_1861-1896,LR54507/Images/LR-5450-7_v3_00056.jpg","29-Merthyr Tydfil,1843-1857_1861-1896,LR54507/Images/LR-5450-7_v3_00056.jpg",625371,701f6c66693b667bd796906ddb03f913,27ab5d72dff022efda78dfd791239dd5f00ee1f8,,,already-present-matching
membership-image,"resources/source-cds/29-Merthyr Tydfil,1843-1857_1861-1896,LR54507/Images/LR-5450-7_v3_00057.jpg","29-Merthyr Tydfil,1843-1857_1861-1896,LR54507/Images/LR-5450-7_v3_00057.jpg",645160,6c63aa5b5ad0ba5d0ff269b22b4131d3,6991230aadd0e72614cc89c595c56e1a770bed86,,,already-present-matching
membership-image,"resources/source-cds/29-Merthyr Tydfil,1843-1857_1861-1896,LR54507/Images/LR-5450-7_v3_00058.jpg","29-Merthyr Tydfil,1843-1857_1861-1896,LR54507/Images/LR-5450-7_v3_00058.jpg",610116,5cc591735965488bb7302c92b60fcd30,6f00a398759487076d7ecbc472b7da2211d2cad7,,,already-present-matching
membership-image,"resources/source-cds/29-Merthyr Tydfil,1843-1857_1861-1896,LR54507/Images/LR-5450-7_v3_00059.jpg","29-Merthyr Tydfil,1843-1857_1861-1896,LR54507/Images/LR-5450-7_v3_00059.jpg",642566,abb33c396b4237cd3018208b937f6949,5ac4c9cbaf9a43c25fdba1188f9ceb9ee723da66,,,already-present-matching
membership-image,"resources/source-cds/29-Merthyr Tydfil,1843-1857_1861-1896,LR54507/Images/LR-5450-7_v3_00060.jpg","29-Merthyr Tydfil,1843-1857_1861-1896,LR54507/Images/LR-5450-7_v3_00060.jpg",654024,98730b7f78315ef2fb400920b6ad99b2,09e0f7b001db584032739c940873133e241a8efa,,,already-present-matching
membership-image,"resources/source-cds/29-Merthyr Tydfil,1843-1857_1861-1896,LR54507/Images/LR-5450-7_v3_00061.jpg","29-Merthyr Tydfil,1843-1857_1861-1896,LR54507/Images/LR-5450-7_v3_00061.jpg",648687,6836f709f421cb4d7ac0a76395bda23b,b70e992b9072d5c885c35d7fdbe1dbc45a5eeb41,,,already-present-matching
membership-image,"resources/source-cds/29-Merthyr Tydfil,1843-1857_1861-1896,LR54507/Images/LR-5450-7_v3_00062.jpg","29-Merthyr Tydfil,1843-1857_1861-1896,LR54507/Images/LR-5450-7_v3_00062.jpg",640261,bf971257c25a4cb0d10f5f1bb279933e,656449a3ac91fa5fc712cd7cb5f8cd3c97f50548,,,already-present-matching
membership-image,"resources/source-cds/29-Merthyr Tydfil,1843-1857_1861-1896,LR54507/Images/LR-5450-7_v3_00063.jpg","29-Merthyr Tydfil,1843-1857_1861-1896,LR54507/Images/LR-5450-7_v3_00063.jpg",622685,bde8e9229f9cbc9721efe067062e4f38,dd000df7c5a90e1df714303fba34922f01ff5e7d,,,already-present-matching
membership-image,"resources/source-cds/29-Merthyr Tydfil,1843-1857_1861-1896,LR54507/Images/LR-5450-7_v3_00064.jpg","29-Merthyr Tydfil,1843-1857_1861-1896,LR54507/Images/LR-5450-7_v3_00064.jpg",655277,0e420d2c348d921d61bdf7b7e7ace46f,1c6312784f9ef3fffc6b2e86f2c2f6c0c589293f,,,already-present-matching
membership-image,"resources/source-cds/29-Merthyr Tydfil,1843-1857_1861-1896,LR54507/Images/LR-5450-7_v3_00065.jpg","29-Merthyr Tydfil,1843-1857_1861-1896,LR54507/Images/LR-5450-7_v3_00065.jpg",637634,79343d12293bcdc7585e4a38c6f0fc8d,b12151cdd4e95bd95822a790eaa2d1d142873417,,,already-present-matching
membership-image,"resources/source-cds/29-Merthyr Tydfil,1843-1857_1861-1896,LR54507/Images/LR-5450-7_v3_00066.jpg","29-Merthyr Tydfil,1843-1857_1861-1896,LR54507/Images/LR-5450-7_v3_00066.jpg",650805,dfbb484292b705c84d49167e3b1052a4,2578ae01d226f09495bc58427539a61e9f219aa3,,,already-present-matching
membership-image,"resources/source-cds/29-Merthyr Tydfil,1843-1857_1861-1896,LR54507/Images/LR-5450-7_v3_00067.jpg","29-Merthyr Tydfil,1843-1857_1861-1896,LR54507/Images/LR-5450-7_v3_00067.jpg",664601,e00be7fb9b1ccefde20038f966bba3bc,437c79da548f308e2cc0e54a6fbce6b4a8ab5ad2,,,already-present-matching
membership-image,"resources/source-cds/29-Merthyr Tydfil,1843-1857_1861-1896,LR54507/Images/LR-5450-7_v3_00068.jpg","29-Merthyr Tydfil,1843-1857_1861-1896,LR54507/Images/LR-5450-7_v3_00068.jpg",659819,421702dfe1bde5661c34156e098789e2,f2ad55c574d3b2005bc8b3d45dea51f4e829e088,,,already-present-matching
membership-image,"resources/source-cds/29-Merthyr Tydfil,1843-1857_1861-1896,LR54507/Images/LR-5450-7_v3_00069.jpg","29-Merthyr Tydfil,1843-1857_1861-1896,LR54507/Images/LR-5450-7_v3_00069.jpg",661392,380013bae69d414912ce3a1f8492f108,ef14e7a681153a2a1cb0f857a25eacef5010a3c6,,,already-present-matching
membership-image,"resources/source-cds/29-Merthyr Tydfil,1843-1857_1861-1896,LR54507/Images/LR-5450-7_v3_00070.jpg","29-Merthyr Tydfil,1843-1857_1861-1896,LR54507/Images/LR-5450-7_v3_00070.jpg",664533,7b32044c6e00fd723d14a501814b8c58,b601d4c8ce91944475a65f8a1bcb1cff2f167327,,,already-present-matching
membership-image,"resources/source-cds/29-Merthyr Tydfil,1843-1857_1861-1896,LR54507/Images/LR-5450-7_v3_00071.jpg","29-Merthyr Tydfil,1843-1857_1861-1896,LR54507/Images/LR-5450-7_v3_00071.jpg",633784,105c7767dd394a8535f829eb0ef5182a,a82171c40ab032696d628e97893db7ba3a11d6cb,,,already-present-matching
membership-image,"resources/source-cds/29-Merthyr Tydfil,1843-1857_1861-1896,LR54507/Images/LR-5450-7_v3_00072.jpg","29-Merthyr Tydfil,1843-1857_1861-1896,LR54507/Images/LR-5450-7_v3_00072.jpg",692436,7b0594bc37bf5ce4676c0cb101dc0dee,16d46d1667901ebf496bfb9b8d3d5613705f0d64,,,already-present-matching
membership-image,"resources/source-cds/29-Merthyr Tydfil,1843-1857_1861-1896,LR54507/Images/LR-5450-7_v3_00073.jpg","29-Merthyr Tydfil,1843-1857_1861-1896,LR54507/Images/LR-5450-7_v3_00073.jpg",658951,d69e612d033f6b75f235bba0981c61d7,dc03ae544877ef9f0bb3dff8d0718fb5110d4674,,,already-present-matching
membership-image,"resources/source-cds/29-Merthyr Tydfil,1843-1857_1861-1896,LR54507/Images/LR-5450-7_v3_00074.jpg","29-Merthyr Tydfil,1843-1857_1861-1896,LR54507/Images/LR-5450-7_v3_00074.jpg",701664,7f343c8eae58d4fc59c437490167557c,214091c5621b1ac4450346d9606aeac37bed0e60,,,already-present-matching
membership-image,"resources/source-cds/29-Merthyr Tydfil,1843-1857_1861-1896,LR54507/Images/LR-5450-7_v3_00075.jpg","29-Merthyr Tydfil,1843-1857_1861-1896,LR54507/Images/LR-5450-7_v3_00075.jpg",675738,44002a9237addce6aa39057cc7fe4a3f,1939a03664908d368de1f9bf7facc5b6bcb42ac6,,,already-present-matching
membership-image,"resources/source-cds/29-Merthyr Tydfil,1843-1857_1861-1896,LR54507/Images/LR-5450-7_v3_00076.jpg","29-Merthyr Tydfil,1843-1857_1861-1896,LR54507/Images/LR-5450-7_v3_00076.jpg",736814,a20e3ba21d7e5eef74c674afa30a539d,bed2997086a0acf7f0e1412f3c201756df555f64,,,already-present-matching
membership-image,"resources/source-cds/29-Merthyr Tydfil,1843-1857_1861-1896,LR54507/Images/LR-5450-7_v3_00077.jpg","29-Merthyr Tydfil,1843-1857_1861-1896,LR54507/Images/LR-5450-7_v3_00077.jpg",628376,1c9af7982b3934a4afa4c556ee78d72d,c3b3d1f7576ca6c5ea418d74669f9d613a52d75c,,,already-present-matching
membership-image,"resources/source-cds/29-Merthyr Tydfil,1843-1857_1861-1896,LR54507/Images/LR-5450-7_v3_00078.jpg","29-Merthyr Tydfil,1843-1857_1861-1896,LR54507/Images/LR-5450-7_v3_00078.jpg",621799,f16c2fa734133edca38622ebe1220875,68fa0195edf2e91da325f6f91634518c990afc11,,,already-present-matching
membership-image,"resources/source-cds/29-Merthyr Tydfil,1843-1857_1861-1896,LR54507/Images/LR-5450-7_v3_00079.jpg","29-Merthyr Tydfil,1843-1857_1861-1896,LR54507/Images/LR-5450-7_v3_00079.jpg",609119,76b4fda118bba8799b8a8c9f99fd6f28,f09d3ffc5648d9a215d29ddda52c3a180fe39850,,,already-present-matching
membership-image,"resources/source-cds/29-Merthyr Tydfil,1843-1857_1861-1896,LR54507/Images/LR-5450-7_v3_00080.jpg","29-Merthyr Tydfil,1843-1857_1861-1896,LR54507/Images/LR-5450-7_v3_00080.jpg",702924,d341ded16db110ef3b9684622d59ab89,23def7c4c12cdb358e648b6c25c48753130240dc,,,already-present-matching
membership-image,"resources/source-cds/29-Merthyr Tydfil,1843-1857_1861-1896,LR54507/Images/LR-5450-7_v3_00081.jpg","29-Merthyr Tydfil,1843-1857_1861-1896,LR54507/Images/LR-5450-7_v3_00081.jpg",636442,ebebe07d5508d6f24cb494d57bc30a4d,212f6cebad2840a20b08d91af1170a18e73d741d,,,already-present-matching
membership-image,"resources/source-cds/29-Merthyr Tydfil,1843-1857_1861-1896,LR54507/Images/LR-5450-7_v3_00082.jpg","29-Merthyr Tydfil,1843-1857_1861-1896,LR54507/Images/LR-5450-7_v3_00082.jpg",701925,f0f04a403f5a07072aa5e98614cf4a1e,ef77e1c5278237b78f2399624af1d9082ab08448,,,already-present-matching
membership-image,"resources/source-cds/29-Merthyr Tydfil,1843-1857_1861-1896,LR54507/Images/LR-5450-7_v3_00083.jpg","29-Merthyr Tydfil,1843-1857_1861-1896,LR54507/Images/LR-5450-7_v3_00083.jpg",615015,88b167c26ffcc7b60b231b6fe18595ba,19ffe69f0a80895e8eab6060cf9f4005d93ba4dd,,,already-present-matching
membership-image,"resources/source-cds/29-Merthyr Tydfil,1843-1857_1861-1896,LR54507/Images/LR-5450-7_v3_00084.jpg","29-Merthyr Tydfil,1843-1857_1861-1896,LR54507/Images/LR-5450-7_v3_00084.jpg",665699,4b5b79308755b7371dac388353996016,d93aebdfa956fd1117103788b8c6e5648d4ce766,,,already-present-matching
membership-image,"resources/source-cds/29-Merthyr Tydfil,1843-1857_1861-1896,LR54507/Images/LR-5450-7_v3_00085.jpg","29-Merthyr Tydfil,1843-1857_1861-1896,LR54507/Images/LR-5450-7_v3_00085.jpg",609867,24cf1440f96619f932bc8d124b037a0e,df87af16279ea0e6efef6cf39c1cc4685f6091c9,,,already-present-matching
membership-image,"resources/source-cds/29-Merthyr Tydfil,1843-1857_1861-1896,LR54507/Images/LR-5450-7_v3_00086.jpg","29-Merthyr Tydfil,1843-1857_1861-1896,LR54507/Images/LR-5450-7_v3_00086.jpg",648121,732ac89c05827a9ae2f5d09121b7fbcb,dfb310550eaa28197a41aa68323ddbcf4b08705a,,,already-present-matching
membership-image,"resources/source-cds/29-Merthyr Tydfil,1843-1857_1861-1896,LR54507/Images/LR-5450-7_v3_00087.jpg","29-Merthyr Tydfil,1843-1857_1861-1896,LR54507/Images/LR-5450-7_v3_00087.jpg",603106,f21759b5b56fe635d602b138fcf88fda,e448b09ab0b5278cf2a33d609c322c59db9af34c,,,already-present-matching
membership-image,"resources/source-cds/29-Merthyr Tydfil,1843-1857_1861-1896,LR54507/Images/LR-5450-7_v3_00088.jpg","29-Merthyr Tydfil,1843-1857_1861-1896,LR54507/Images/LR-5450-7_v3_00088.jpg",649524,8ae56a9d50a78722f54e12421abd94e8,411349f68a3da108c0d7e6ae86d448377b4dc2df,,,already-present-matching
membership-image,"resources/source-cds/29-Merthyr Tydfil,1843-1857_1861-1896,LR54507/Images/LR-5450-7_v3_00089.jpg","29-Merthyr Tydfil,1843-1857_1861-1896,LR54507/Images/LR-5450-7_v3_00089.jpg",602354,96bd02b95fabb0d373addb786dc73027,c5a7f8286356ae272a5b0d76e229bc0bcd5effd1,,,already-present-matching
membership-image,"resources/source-cds/29-Merthyr Tydfil,1843-1857_1861-1896,LR54507/Images/LR-5450-7_v3_00090.jpg","29-Merthyr Tydfil,1843-1857_1861-1896,LR54507/Images/LR-5450-7_v3_00090.jpg",651919,1c874300fff2de271a23d4e160ce41e0,f1527f0a3019073cecd8e4a18126fe3c2343f264,,,already-present-matching
membership-image,"resources/source-cds/29-Merthyr Tydfil,1843-1857_1861-1896,LR54507/Images/LR-5450-7_v3_00091.jpg","29-Merthyr Tydfil,1843-1857_1861-1896,LR54507/Images/LR-5450-7_v3_00091.jpg",608908,99e9b4a0f73dc36e93a373bdeff6deba,410960cd0c66fd38c77f242d51850be2091d28a7,,,already-present-matching
membership-image,"resources/source-cds/29-Merthyr Tydfil,1843-1857_1861-1896,LR54507/Images/LR-5450-7_v3_00092.jpg","29-Merthyr Tydfil,1843-1857_1861-1896,LR54507/Images/LR-5450-7_v3_00092.jpg",673719,9b4766357ad5a8d063a8eb2e5521ef32,63ed82f75f721acfd55b7737aa6ca1aca6b6ad43,,,already-present-matching
membership-image,"resources/source-cds/29-Merthyr Tydfil,1843-1857_1861-1896,LR54507/Images/LR-5450-7_v3_00093.jpg","29-Merthyr Tydfil,1843-1857_1861-1896,LR54507/Images/LR-5450-7_v3_00093.jpg",607497,6646fdf4e25826964615d0a284e442b6,e9cc5123fd2cbfe6e8ad68d7f48244c241e17a8e,,,already-present-matching
membership-image,"resources/source-cds/29-Merthyr Tydfil,1843-1857_1861-1896,LR54507/Images/LR-5450-7_v3_00094.jpg","29-Merthyr Tydfil,1843-1857_1861-1896,LR54507/Images/LR-5450-7_v3_00094.jpg",712297,263de72106dcfc0f61be9089362c9838,26b11a5f02133cdad28db5426a0e6bb5a449d83b,,,already-present-matching
membership-image,"resources/source-cds/29-Merthyr Tydfil,1843-1857_1861-1896,LR54507/Images/LR-5450-7_v3_00095.jpg","29-Merthyr Tydfil,1843-1857_1861-1896,LR54507/Images/LR-5450-7_v3_00095.jpg",595683,f5d1ae6b46baddef1ab19d3096e513a1,90f5a17cf620e0d14a8e11b8de6b99802f99f7c0,,,already-present-matching
membership-image,"resources/source-cds/29-Merthyr Tydfil,1843-1857_1861-1896,LR54507/Images/LR-5450-7_v3_00096.jpg","29-Merthyr Tydfil,1843-1857_1861-1896,LR54507/Images/LR-5450-7_v3_00096.jpg",723885,2e6b124bca4e88ce2bb9c45333f5d2c4,50cbbfbcaf569252b1831a89a8b8a9bfcd088fcd,,,already-present-matching
membership-image,"resources/source-cds/29-Merthyr Tydfil,1843-1857_1861-1896,LR54507/Images/LR-5450-7_v3_00097.jpg","29-Merthyr Tydfil,1843-1857_1861-1896,LR54507/Images/LR-5450-7_v3_00097.jpg",618273,f4ad560764d1c2c07d85ca232a34a89b,f54328dff81b50e55a92b2bda5f4af1460c281a5,,,already-present-matching
membership-image,"resources/source-cds/29-Merthyr Tydfil,1843-1857_1861-1896,LR54507/Images/LR-5450-7_v3_00098.jpg","29-Merthyr Tydfil,1843-1857_1861-1896,LR54507/Images/LR-5450-7_v3_00098.jpg",670055,4a19edf7ee0e07c9405f8ec8e7b75375,68ad3a3e0504eed4dcba39aac55321a51d33bda9,,,already-present-matching
membership-image,"resources/source-cds/29-Merthyr Tydfil,1843-1857_1861-1896,LR54507/Images/LR-5450-7_v3_00099.jpg","29-Merthyr Tydfil,1843-1857_1861-1896,LR54507/Images/LR-5450-7_v3_00099.jpg",628132,21bd1144129bcdb27508f56bf00f6b6b,7dfc2d49a3aaef0e23a9c6f85ccdd2ae48641325,,,already-present-matching
membership-image,"resources/source-cds/29-Merthyr Tydfil,1843-1857_1861-1896,LR54507/Images/LR-5450-7_v3_00100.jpg","29-Merthyr Tydfil,1843-1857_1861-1896,LR54507/Images/LR-5450-7_v3_00100.jpg",719356,9ec874eaa2326ccd685b1a6b8015ea30,88f6b0fc92e6bc17b3014bb88949f87acf34cfb1,,,already-present-matching
membership-image,"resources/source-cds/29-Merthyr Tydfil,1843-1857_1861-1896,LR54507/Images/LR-5450-7_v3_00101.jpg","29-Merthyr Tydfil,1843-1857_1861-1896,LR54507/Images/LR-5450-7_v3_00101.jpg",631079,87e5df029f8a381a8478b414912dffbe,7658757a67d2f1e5cd6b371053836c566c205a03,,,already-present-matching
membership-image,"resources/source-cds/29-Merthyr Tydfil,1843-1857_1861-1896,LR54507/Images/LR-5450-7_v3_00102.jpg","29-Merthyr Tydfil,1843-1857_1861-1896,LR54507/Images/LR-5450-7_v3_00102.jpg",774679,4b1dfd07a453b30b92feeeb0a05ef9f8,f8bc028f3dfcacf4a8bf8cdd9d3efc2fd77d00c5,,,already-present-matching
membership-image,"resources/source-cds/29-Merthyr Tydfil,1843-1857_1861-1896,LR54507/Images/LR-5450-7_v3_00103.jpg","29-Merthyr Tydfil,1843-1857_1861-1896,LR54507/Images/LR-5450-7_v3_00103.jpg",635676,86c7b06826638cb4b6daaa568a73f8ce,c58e638d3e4774b0dcdf18298ec46eac17c5a804,,,already-present-matching
membership-image,"resources/source-cds/29-Merthyr Tydfil,1843-1857_1861-1896,LR54507/Images/LR-5450-7_v3_00104.jpg","29-Merthyr Tydfil,1843-1857_1861-1896,LR54507/Images/LR-5450-7_v3_00104.jpg",725009,ab27e60db4826c8fc491972725afdac4,f6b0509956223bd1db19fc982c74f1074dc9c18a,,,already-present-matching
membership-image,"resources/source-cds/29-Merthyr Tydfil,1843-1857_1861-1896,LR54507/Images/LR-5450-7_v3_00105.jpg","29-Merthyr Tydfil,1843-1857_1861-1896,LR54507/Images/LR-5450-7_v3_00105.jpg",637195,0a46605c975155221cfb9de1487d784d,f59d3ead045b9f241aa563a2287efe87e2ae2586,,,already-present-matching
membership-image,"resources/source-cds/29-Merthyr Tydfil,1843-1857_1861-1896,LR54507/Images/LR-5450-7_v3_00106.jpg","29-Merthyr Tydfil,1843-1857_1861-1896,LR54507/Images/LR-5450-7_v3_00106.jpg",724098,a63186d7726f229721691857e76005ed,a47275d1980d976aa27c63c841d6ce551c85daf9,,,already-present-matching
membership-image,"resources/source-cds/29-Merthyr Tydfil,1843-1857_1861-1896,LR54507/Images/LR-5450-7_v3_00107.jpg","29-Merthyr Tydfil,1843-1857_1861-1896,LR54507/Images/LR-5450-7_v3_00107.jpg",612312,006a7f1de7aecc2d90f2253b4255ad77,788a58497a2ddee1d921391a9311a0669db87241,,,already-present-matching
membership-image,"resources/source-cds/29-Merthyr Tydfil,1843-1857_1861-1896,LR54507/Images/LR-5450-7_v3_00108.jpg","29-Merthyr Tydfil,1843-1857_1861-1896,LR54507/Images/LR-5450-7_v3_00108.jpg",664793,944944dffd9f5ef8c3bd5c0952f766e4,561946174d07d8406d59c9aff6fd6cc42f6f20e1,,,already-present-matching
membership-image,"resources/source-cds/29-Merthyr Tydfil,1843-1857_1861-1896,LR54507/Images/LR-5450-7_v3_00109.jpg","29-Merthyr Tydfil,1843-1857_1861-1896,LR54507/Images/LR-5450-7_v3_00109.jpg",605253,cf98d9e5bc54ee98810dcf9b98b8f3cf,db84c3192dccade8ef18be225ed91102e2ae6268,,,already-present-matching
membership-image,"resources/source-cds/29-Merthyr Tydfil,1843-1857_1861-1896,LR54507/Images/LR-5450-7_v3_00110.jpg","29-Merthyr Tydfil,1843-1857_1861-1896,LR54507/Images/LR-5450-7_v3_00110.jpg",603906,d0387e9096ed54462bcdafbe093192a7,ce2a7391521147f967d9e77aa4ac315a4dac26bb,,,already-present-matching
membership-image,"resources/source-cds/29-Merthyr Tydfil,1843-1857_1861-1896,LR54507/Images/LR-5450-7_v3_00111.jpg","29-Merthyr Tydfil,1843-1857_1861-1896,LR54507/Images/LR-5450-7_v3_00111.jpg",593542,0097eebcf68d78aa57e465f8064b1beb,5624e6c8675e466d3da1aedd8f3910892cac0acb,,,already-present-matching
membership-image,"resources/source-cds/29-Merthyr Tydfil,1843-1857_1861-1896,LR54507/Images/LR-5450-7_v3_00112.jpg","29-Merthyr Tydfil,1843-1857_1861-1896,LR54507/Images/LR-5450-7_v3_00112.jpg",605284,0351e5ca808bffccb52002d5151815bf,e6978f942fc89da2cf52881d9a72500cae0971b9,,,already-present-matching
membership-image,"resources/source-cds/29-Merthyr Tydfil,1843-1857_1861-1896,LR54507/Images/LR-5450-7_v3_00113.jpg","29-Merthyr Tydfil,1843-1857_1861-1896,LR54507/Images/LR-5450-7_v3_00113.jpg",584616,66fc934c612a612e17bdc7af42c96674,58e803862e2a310c869ec9d6cb93739a5249f723,,,already-present-matching
membership-image,"resources/source-cds/29-Merthyr Tydfil,1843-1857_1861-1896,LR54507/Images/LR-5450-7_v3_00114.jpg","29-Merthyr Tydfil,1843-1857_1861-1896,LR54507/Images/LR-5450-7_v3_00114.jpg",601205,4d65b5fcdd04a105d971747cd5b8b11c,c67b3e70ae3efd4c5a2b637c728a60a9051bc582,,,already-present-matching
membership-image,"resources/source-cds/29-Merthyr Tydfil,1843-1857_1861-1896,LR54507/Images/LR-5450-7_v3_00115.jpg","29-Merthyr Tydfil,1843-1857_1861-1896,LR54507/Images/LR-5450-7_v3_00115.jpg",576682,99ae4050975d8ee05a60e09b3a7126f0,1a6ede107fcbc7d81d2b61f480a41c18604de321,,,already-present-matching
membership-image,"resources/source-cds/29-Merthyr Tydfil,1843-1857_1861-1896,LR54507/Images/LR-5450-7_v3_00116.jpg","29-Merthyr Tydfil,1843-1857_1861-1896,LR54507/Images/LR-5450-7_v3_00116.jpg",602661,1dc8e26751e59df2c4b885558f482222,d06e6c5f4ed2c58dad2f289c5c23ba4bc57a1abc,,,already-present-matching
membership-image,"resources/source-cds/29-Merthyr Tydfil,1843-1857_1861-1896,LR54507/Images/LR-5450-7_v3_00117.jpg","29-Merthyr Tydfil,1843-1857_1861-1896,LR54507/Images/LR-5450-7_v3_00117.jpg",598226,57928521e4e3dcb55803850053b5a86c,61c4b6adf124945ab9b338a25052e718fa8dfb31,,,already-present-matching
membership-image,"resources/source-cds/29-Merthyr Tydfil,1843-1857_1861-1896,LR54507/Images/LR-5450-7_v3_00118.jpg","29-Merthyr Tydfil,1843-1857_1861-1896,LR54507/Images/LR-5450-7_v3_00118.jpg",617442,339b796dddad11a431defde4b49fbeeb,0ca614708e7ebfa20a4060f7697e1b1bf06a0094,,,already-present-matching
membership-image,"resources/source-cds/29-Merthyr Tydfil,1843-1857_1861-1896,LR54507/Images/LR-5450-7_v3_00119.jpg","29-Merthyr Tydfil,1843-1857_1861-1896,LR54507/Images/LR-5450-7_v3_00119.jpg",594992,4e0ee7d3a50ce0e741c11ddb681a5a7d,b22476e2f22bb7da84916d53a66f5ebbf0116851,,,already-present-matching
membership-image,"resources/source-cds/29-Merthyr Tydfil,1843-1857_1861-1896,LR54507/Images/LR-5450-7_v3_00120.jpg","29-Merthyr Tydfil,1843-1857_1861-1896,LR54507/Images/LR-5450-7_v3_00120.jpg",614016,4d2f5f8a68b9aad7d4ea138939b4441f,34272b5e1e20747f46bc8608a0fa0a0113a15b55,,,already-present-matching
membership-image,"resources/source-cds/29-Merthyr Tydfil,1843-1857_1861-1896,LR54507/Images/LR-5450-7_v3_00121.jpg","29-Merthyr Tydfil,1843-1857_1861-1896,LR54507/Images/LR-5450-7_v3_00121.jpg",619571,67463930e0d880103c6a05f3726ef777,05ed25b99b1fbe351cee0f3b59a35b821c534ca2,,,already-present-matching
membership-image,"resources/source-cds/29-Merthyr Tydfil,1843-1857_1861-1896,LR54507/Images/LR-5450-7_v3_00122.jpg","29-Merthyr Tydfil,1843-1857_1861-1896,LR54507/Images/LR-5450-7_v3_00122.jpg",607897,8f9997b290ffefba0be34c2a3142e2e5,9d909157190cf6f58427a863be37348c6b0a9f7e,,,already-present-matching
membership-image,"resources/source-cds/29-Merthyr Tydfil,1843-1857_1861-1896,LR54507/Images/LR-5450-7_v3_00123.jpg","29-Merthyr Tydfil,1843-1857_1861-1896,LR54507/Images/LR-5450-7_v3_00123.jpg",617221,985b9cef78601e6a538bf05b74a1a175,7fb108b4fed9614b3675fdad4aa01050e7aa4c00,,,already-present-matching
membership-image,"resources/source-cds/29-Merthyr Tydfil,1843-1857_1861-1896,LR54507/Images/LR-5450-7_v3_00124.jpg","29-Merthyr Tydfil,1843-1857_1861-1896,LR54507/Images/LR-5450-7_v3_00124.jpg",598741,61d997517ffb9d62f72018d2e7219a44,fa1a322a97a495be7f1f53b791b6e975c61086cb,,,already-present-matching
membership-image,"resources/source-cds/29-Merthyr Tydfil,1843-1857_1861-1896,LR54507/Images/LR-5450-7_v3_00125.jpg","29-Merthyr Tydfil,1843-1857_1861-1896,LR54507/Images/LR-5450-7_v3_00125.jpg",588014,c4bd65d8a9f23181258553a10eb5f7c6,a78ec9c0d58b0d5ec6b4f88ee4e885728af14809,,,already-present-matching
membership-image,"resources/source-cds/29-Merthyr Tydfil,1843-1857_1861-1896,LR54507/Images/LR-5450-7_v3_00126.jpg","29-Merthyr Tydfil,1843-1857_1861-1896,LR54507/Images/LR-5450-7_v3_00126.jpg",591862,c3dd4040a2bee44728a2e24793d18b88,23d7eca0601dcb4c66b181087fd1eb41c92da4c3,,,already-present-matching
membership-image,"resources/source-cds/29-Merthyr Tydfil,1843-1857_1861-1896,LR54507/Images/LR-5450-7_v3_00127.jpg","29-Merthyr Tydfil,1843-1857_1861-1896,LR54507/Images/LR-5450-7_v3_00127.jpg",583932,f9abb308ec5e5e518eca2c3c91bc6ba8,2a7146259f10cd2f493bac210f5c1fa29c919e11,,,already-present-matching
membership-image,"resources/source-cds/29-Merthyr Tydfil,1843-1857_1861-1896,LR54507/Images/LR-5450-7_v3_00128.jpg","29-Merthyr Tydfil,1843-1857_1861-1896,LR54507/Images/LR-5450-7_v3_00128.jpg",598240,c5a269d656a0c1409fb3d7e0d07157e3,b5cfb98e79d1f4d75c4d765ed9f25c6b28e969a6,,,already-present-matching
membership-image,"resources/source-cds/29-Merthyr Tydfil,1843-1857_1861-1896,LR54507/Images/LR-5450-7_v3_00129.jpg","29-Merthyr Tydfil,1843-1857_1861-1896,LR54507/Images/LR-5450-7_v3_00129.jpg",600015,e32ffb2e91611caf6a6b177ab6c895f3,5084849765e1183adf7ad8ad742982089ad2ad1c,,,already-present-matching
membership-image,"resources/source-cds/29-Merthyr Tydfil,1843-1857_1861-1896,LR54507/Images/LR-5450-7_v3_00130.jpg","29-Merthyr Tydfil,1843-1857_1861-1896,LR54507/Images/LR-5450-7_v3_00130.jpg",622136,d51118d4a566b6da7a7e35d1d661e554,be2d8397475aed5c036f78ada5ae28563dcd4453,,,already-present-matching
membership-image,"resources/source-cds/29-Merthyr Tydfil,1843-1857_1861-1896,LR54507/Images/LR-5450-7_v3_00131.jpg","29-Merthyr Tydfil,1843-1857_1861-1896,LR54507/Images/LR-5450-7_v3_00131.jpg",599714,658bfc51311eea91b8eb7c2792aabee1,ab19b58bff94ae9f74ba0ffbe2ca1596638b726c,,,already-present-matching
membership-image,"resources/source-cds/29-Merthyr Tydfil,1843-1857_1861-1896,LR54507/Images/LR-5450-7_v3_00132.jpg","29-Merthyr Tydfil,1843-1857_1861-1896,LR54507/Images/LR-5450-7_v3_00132.jpg",623389,3560762e27d5ec87247872cb5ba05259,a1fba023de707f9f26a996d0b7659264864574c9,,,already-present-matching
membership-image,"resources/source-cds/29-Merthyr Tydfil,1843-1857_1861-1896,LR54507/Images/LR-5450-7_v3_00133.jpg","29-Merthyr Tydfil,1843-1857_1861-1896,LR54507/Images/LR-5450-7_v3_00133.jpg",610629,db20e461eb842b73a643c4a4045b2a02,14488bd5b651c16d5c7393a7bcb5afd0e514f2fb,,,already-present-matching
membership-image,"resources/source-cds/29-Merthyr Tydfil,1843-1857_1861-1896,LR54507/Images/LR-5450-7_v3_00134.jpg","29-Merthyr Tydfil,1843-1857_1861-1896,LR54507/Images/LR-5450-7_v3_00134.jpg",595102,fbb5a7c14851739c38084660582bb3d3,ed9cf8fdd9c590fe13f23c389c6c4fd38730ffc2,,,already-present-matching
membership-image,"resources/source-cds/29-Merthyr Tydfil,1843-1857_1861-1896,LR54507/Images/LR-5450-7_v3_00135.jpg","29-Merthyr Tydfil,1843-1857_1861-1896,LR54507/Images/LR-5450-7_v3_00135.jpg",608948,d58ec0e83f204122cafaa10334fc6529,79f1c7c1ff808396194f87d48a476788aa4cf2b2,,,already-present-matching
membership-image,"resources/source-cds/29-Merthyr Tydfil,1843-1857_1861-1896,LR54507/Images/LR-5450-7_v3_00136.jpg","29-Merthyr Tydfil,1843-1857_1861-1896,LR54507/Images/LR-5450-7_v3_00136.jpg",605942,e40913fd5fb3e48ebedd91caddfd1a34,ddef2621d7308851c8c1f54c01e1ad8c01a466ce,,,already-present-matching
membership-image,"resources/source-cds/29-Merthyr Tydfil,1843-1857_1861-1896,LR54507/Images/LR-5450-7_v3_00137.jpg","29-Merthyr Tydfil,1843-1857_1861-1896,LR54507/Images/LR-5450-7_v3_00137.jpg",598314,df054d600d584aab77de6ed1d744e077,fe5c29231fd607e290d3c4bb21f039fdf5c9c182,,,already-present-matching
membership-image,"resources/source-cds/29-Merthyr Tydfil,1843-1857_1861-1896,LR54507/Images/LR-5450-7_v3_00138.jpg","29-Merthyr Tydfil,1843-1857_1861-1896,LR54507/Images/LR-5450-7_v3_00138.jpg",579357,ab6bfa2399bb9af672d2b5a7cebb9d48,5e96f9bbe6abac57becf855fa46cdf0d11c9761a,,,already-present-matching
membership-image,"resources/source-cds/29-Merthyr Tydfil,1843-1857_1861-1896,LR54507/Images/LR-5450-7_v3_00139.jpg","29-Merthyr Tydfil,1843-1857_1861-1896,LR54507/Images/LR-5450-7_v3_00139.jpg",594669,15b28eabdb5c5c09aa5894d2def089aa,878d39496596daa55d4d43099389f710128e0651,,,already-present-matching
membership-image,"resources/source-cds/29-Merthyr Tydfil,1843-1857_1861-1896,LR54507/Images/LR-5450-7_v3_00140.jpg","29-Merthyr Tydfil,1843-1857_1861-1896,LR54507/Images/LR-5450-7_v3_00140.jpg",591599,5260f983507644a2ba6f8057c8e7d5aa,1d3b7e5ea2c517797f4278bd0f927262485adc67,,,already-present-matching
membership-image,"resources/source-cds/29-Merthyr Tydfil,1843-1857_1861-1896,LR54507/Images/LR-5450-7_v3_00141.jpg","29-Merthyr Tydfil,1843-1857_1861-1896,LR54507/Images/LR-5450-7_v3_00141.jpg",600347,d0fd342b31bc6cc98d55f9b655e6f23d,ef710db3c62215b900bb599b1cabcc71c8188c66,,,already-present-matching
membership-image,"resources/source-cds/29-Merthyr Tydfil,1843-1857_1861-1896,LR54507/Images/LR-5450-7_v3_00142.jpg","29-Merthyr Tydfil,1843-1857_1861-1896,LR54507/Images/LR-5450-7_v3_00142.jpg",575808,af681a6311f042a4ff9a214314663ba9,592a62ce813cb20fbda142eeeb8e6a92e51f1a25,,,already-present-matching
membership-image,"resources/source-cds/29-Merthyr Tydfil,1843-1857_1861-1896,LR54507/Images/LR-5450-7_v3_00143.jpg","29-Merthyr Tydfil,1843-1857_1861-1896,LR54507/Images/LR-5450-7_v3_00143.jpg",816362,f409e9eebc29a1d036ddf49066336ed4,8191a9621d601b06cc4a163c805f529cde014670,,,already-present-matching
membership-image,"resources/source-cds/29-Merthyr Tydfil,1843-1857_1861-1896,LR54507/Images/LR-5450-7_v3_00144.jpg","29-Merthyr Tydfil,1843-1857_1861-1896,LR54507/Images/LR-5450-7_v3_00144.jpg",766648,75f97be1ebaa57ec7e33274d7e22a638,63cef5ed7913adb68c6c8b0ed087c58d14acc012,,,already-present-matching
membership-image,"resources/source-cds/29-Merthyr Tydfil,1843-1857_1861-1896,LR54507/Images/LR-5450-7_v3_00145.jpg","29-Merthyr Tydfil,1843-1857_1861-1896,LR54507/Images/LR-5450-7_v3_00145.jpg",748818,3ff1a44963dc523fda5bfabbad9ebc29,e26ddd7512a0caf56a57983431e474b6e974beb4,,,already-present-matching
membership-image,"resources/source-cds/29-Merthyr Tydfil,1843-1857_1861-1896,LR54507/Images/LR-5450-7_v3_00146.jpg","29-Merthyr Tydfil,1843-1857_1861-1896,LR54507/Images/LR-5450-7_v3_00146.jpg",795924,0e88a27fc689caf99cf4f3892b02c7e9,d412a1c14cf03c7a0bb14c33f7e526d524948435,,,already-present-matching
membership-image,"resources/source-cds/29-Merthyr Tydfil,1843-1857_1861-1896,LR54507/Images/LR-5450-7_v3_00147.jpg","29-Merthyr Tydfil,1843-1857_1861-1896,LR54507/Images/LR-5450-7_v3_00147.jpg",735464,ead91e0cc005f1684d967b67470aba5e,7c96ef63fff6254b9881c9cb1ec736c4770d979a,,,already-present-matching
membership-image,"resources/source-cds/29-Merthyr Tydfil,1843-1857_1861-1896,LR54507/Images/LR-5450-7_v3_00148.jpg","29-Merthyr Tydfil,1843-1857_1861-1896,LR54507/Images/LR-5450-7_v3_00148.jpg",712057,c2975b533cae19fa131eb907e92edc4b,562a66f2870057b77a13e1a2b11045edd7b416a7,,,already-present-matching
membership-image,"resources/source-cds/29-Merthyr Tydfil,1843-1857_1861-1896,LR54507/Images/LR-5450-7_v3_00149.jpg","29-Merthyr Tydfil,1843-1857_1861-1896,LR54507/Images/LR-5450-7_v3_00149.jpg",666287,6cc5b20be073faa9334a52340f0e9cf9,cad135fc4ff0b13d3e14a3b3cf84f772ca3aa543,,,already-present-matching
membership-image,"resources/source-cds/29-Merthyr Tydfil,1843-1857_1861-1896,LR54507/Images/LR-5450-7_v3_00150.jpg","29-Merthyr Tydfil,1843-1857_1861-1896,LR54507/Images/LR-5450-7_v3_00150.jpg",558880,4ef7596d809e3f9e4a556832e284fcec,9e6d228880856f0f2490c51cb234266c724373f6,,,already-present-matching
membership-image,"resources/source-cds/29-Merthyr Tydfil,1843-1857_1861-1896,LR54507/Images/LR-5450-7_v3_00151.jpg","29-Merthyr Tydfil,1843-1857_1861-1896,LR54507/Images/LR-5450-7_v3_00151.jpg",556728,b3411875d66137c198762518ef0dc262,acfb421bcba121e75bb0e28a69458bae18eb72e6,,,already-present-matching
membership-image,"resources/source-cds/29-Merthyr Tydfil,1843-1857_1861-1896,LR54507/Images/LR-5450-7_v3_00152.jpg","29-Merthyr Tydfil,1843-1857_1861-1896,LR54507/Images/LR-5450-7_v3_00152.jpg",583334,1cabbffd4b23f3928c72d54fe3cf53a0,477896624548690eb0fd92988c103d94bafc9bc2,,,already-present-matching
membership-image,"resources/source-cds/29-Merthyr Tydfil,1843-1857_1861-1896,LR54507/Images/LR-5450-7_v3_00153.jpg","29-Merthyr Tydfil,1843-1857_1861-1896,LR54507/Images/LR-5450-7_v3_00153.jpg",552679,fac3109c2d086f5e277ef16bdf73adf0,2bdd27be3e8abd7196e9be30ca53bb2be8bed03d,,,already-present-matching
membership-image,"resources/source-cds/29-Merthyr Tydfil,1843-1857_1861-1896,LR54507/Images/LR-5450-7_v3_00154.jpg","29-Merthyr Tydfil,1843-1857_1861-1896,LR54507/Images/LR-5450-7_v3_00154.jpg",581196,e6b8d813d478d1a801d4e93f105c70f2,c5c58e53f3b7c2002708d812e96274f92313ce29,,,already-present-matching
membership-image,"resources/source-cds/29-Merthyr Tydfil,1843-1857_1861-1896,LR54507/Images/LR-5450-7_v3_00155.jpg","29-Merthyr Tydfil,1843-1857_1861-1896,LR54507/Images/LR-5450-7_v3_00155.jpg",565538,8f108349001bc9b32e8b3b356f571440,0496c8481c9d52fb2486b8d3dff5e304d015a8d4,,,already-present-matching
membership-image,"resources/source-cds/29-Merthyr Tydfil,1843-1857_1861-1896,LR54507/Images/LR-5450-7_v3_00156.jpg","29-Merthyr Tydfil,1843-1857_1861-1896,LR54507/Images/LR-5450-7_v3_00156.jpg",559589,e45211749da00219567e95c2edb7236b,e4fed4d99dd2e1574c7237b5977b2596e629731f,,,already-present-matching
membership-image,"resources/source-cds/29-Merthyr Tydfil,1843-1857_1861-1896,LR54507/Images/LR-5450-7_v3_00157.jpg","29-Merthyr Tydfil,1843-1857_1861-1896,LR54507/Images/LR-5450-7_v3_00157.jpg",551309,2f420a6f66d7fc80d8d14886f1cdd7f7,a178542228944e401c2d4c8095a2c9039f65a686,,,already-present-matching
membership-image,"resources/source-cds/29-Merthyr Tydfil,1843-1857_1861-1896,LR54507/Images/LR-5450-7_v3_00158.jpg","29-Merthyr Tydfil,1843-1857_1861-1896,LR54507/Images/LR-5450-7_v3_00158.jpg",986025,0756f89f52edbe3b1d30cade4fec84fd,075454dccfaaefd688918f7681ba215e33afd177,,,already-present-matching
membership-image,"resources/source-cds/29-Merthyr Tydfil,1843-1857_1861-1896,LR54507/Images/LR-5450-7_v3_00159.jpg","29-Merthyr Tydfil,1843-1857_1861-1896,LR54507/Images/LR-5450-7_v3_00159.jpg",994378,c78c4b1383a14d65b0448d5696b882e6,14e5bd045f86fc8c12223c5838ddbc9565162110,,,already-present-matching
membership-image,"resources/source-cds/33-Twynyrodyn,1852-1892,LR1657/Images/LR 165 7_00101.jpg","33-Twynyrodyn,1852-1892,LR1657/Images/LR 165 7_00101.jpg",872698,af9bb3ea441363610dcf3da8e1f6da59,e40297fe2714537ec45983de19ac45281a831a0d,,,already-present-matching
membership-image,"resources/source-cds/33-Twynyrodyn,1852-1892,LR1657/Images/LR 165 7_00102.jpg","33-Twynyrodyn,1852-1892,LR1657/Images/LR 165 7_00102.jpg",778993,469f257ad787d4b127de5f99bb126fd2,f0350ec213d5575aa8211d3083977f83cb476a67,,,already-present-matching
membership-image,"resources/source-cds/33-Twynyrodyn,1852-1892,LR1657/Images/LR 165 7_00103.jpg","33-Twynyrodyn,1852-1892,LR1657/Images/LR 165 7_00103.jpg",639456,050f3f32d68ad2913474375c2dd02b64,2eaf59f0cea7944830dd787620e3cc2f4f1537f4,,,already-present-matching
membership-image,"resources/source-cds/33-Twynyrodyn,1852-1892,LR1657/Images/LR 165 7_00104.jpg","33-Twynyrodyn,1852-1892,LR1657/Images/LR 165 7_00104.jpg",722109,26fc29aef89267c5a55e4d71e2167216,432898f40e215859438ee3b01b7ba42c083270fe,,,already-present-matching
membership-image,"resources/source-cds/33-Twynyrodyn,1852-1892,LR1657/Images/LR 165 7_00105.jpg","33-Twynyrodyn,1852-1892,LR1657/Images/LR 165 7_00105.jpg",603148,f6843e01c093874683d0e9455841021f,c65e39a07ee6997289ec8fa45d46821c7afdda94,,,already-present-matching
membership-image,"resources/source-cds/33-Twynyrodyn,1852-1892,LR1657/Images/LR 165 7_00106.jpg","33-Twynyrodyn,1852-1892,LR1657/Images/LR 165 7_00106.jpg",639403,ec90704e3d1ecf402d816837c2fc5c25,4f76e6b1bcdbc9fa479e3d39921ad6a4fa90fc0e,,,already-present-matching
membership-image,"resources/source-cds/33-Twynyrodyn,1852-1892,LR1657/Images/LR 165 7_00107.jpg","33-Twynyrodyn,1852-1892,LR1657/Images/LR 165 7_00107.jpg",589067,78c3def4e0ab54a3d316f236b64e866f,0a41a80b2da5caec0095fc1c066993b8d7b74daf,,,already-present-matching
membership-image,"resources/source-cds/33-Twynyrodyn,1852-1892,LR1657/Images/LR 165 7_00108.jpg","33-Twynyrodyn,1852-1892,LR1657/Images/LR 165 7_00108.jpg",631050,6c8a414c070b9cfeaed0a0dfddcfee1b,9f3114b050353cc6207b48501edd4be540dbba61,,,already-present-matching
membership-image,"resources/source-cds/33-Twynyrodyn,1852-1892,LR1657/Images/LR 165 7_00109.jpg","33-Twynyrodyn,1852-1892,LR1657/Images/LR 165 7_00109.jpg",601393,1675006cf64f9cfd1309daa50a0a20c9,0d0eecd504daa006f3c4e476cb6c7dd4eacf6be6,,,already-present-matching
membership-image,"resources/source-cds/33-Twynyrodyn,1852-1892,LR1657/Images/LR 165 7_00110.jpg","33-Twynyrodyn,1852-1892,LR1657/Images/LR 165 7_00110.jpg",613053,723ccc905d62dafe7cca8d2da3dffec4,3b7f03442afa2b3ee17cb8e06ca07fc30223fb3d,,,already-present-matching
membership-image,"resources/source-cds/33-Twynyrodyn,1852-1892,LR1657/Images/LR 165 7_00111.jpg","33-Twynyrodyn,1852-1892,LR1657/Images/LR 165 7_00111.jpg",593690,bb93c4e9768904861c95df395076f56a,634e316ad5ce82c90ae01231aaeaf0d194892396,,,already-present-matching
membership-image,"resources/source-cds/33-Twynyrodyn,1852-1892,LR1657/Images/LR 165 7_00112.jpg","33-Twynyrodyn,1852-1892,LR1657/Images/LR 165 7_00112.jpg",623903,c028eb260742c8f3bc425fa440b69f79,8f1b57ed7090485dbeb4c06cf0179e5f2f0bbc4a,,,already-present-matching
membership-image,"resources/source-cds/33-Twynyrodyn,1852-1892,LR1657/Images/LR 165 7_00113.jpg","33-Twynyrodyn,1852-1892,LR1657/Images/LR 165 7_00113.jpg",627104,b01e6d09adc4257e32157c5f04853b7a,23f0f66e42c3f1507aa68ff4cd21d2152273a110,,,already-present-matching
membership-image,"resources/source-cds/33-Twynyrodyn,1852-1892,LR1657/Images/LR 165 7_00114.jpg","33-Twynyrodyn,1852-1892,LR1657/Images/LR 165 7_00114.jpg",613102,303c1c262005751da3c4c2447134d446,08a186e399c40da16ec648098f627e8c8b8a79d7,,,already-present-matching
membership-image,"resources/source-cds/33-Twynyrodyn,1852-1892,LR1657/Images/LR 165 7_00115.jpg","33-Twynyrodyn,1852-1892,LR1657/Images/LR 165 7_00115.jpg",643361,96002ccad2263b30404f720b9d6c855d,879f4c4c684d4d840b7a8a10af58d84f2e8ec3b0,,,already-present-matching
membership-image,"resources/source-cds/33-Twynyrodyn,1852-1892,LR1657/Images/LR 165 7_00116.jpg","33-Twynyrodyn,1852-1892,LR1657/Images/LR 165 7_00116.jpg",601097,51e7f33737b5a21e9889f01dbf60f684,828a761837c6d62cf34a4f80de1a69ba14dd656c,,,already-present-matching
membership-image,"resources/source-cds/33-Twynyrodyn,1852-1892,LR1657/Images/LR 165 7_00117.jpg","33-Twynyrodyn,1852-1892,LR1657/Images/LR 165 7_00117.jpg",637911,c41f69de964f1d4878ce0a54190e17ce,dcf711ba1d57900a90f8514c5c110ee85e57b56f,,,already-present-matching
membership-image,"resources/source-cds/33-Twynyrodyn,1852-1892,LR1657/Images/LR 165 7_00118.jpg","33-Twynyrodyn,1852-1892,LR1657/Images/LR 165 7_00118.jpg",619362,843815d6a1a7c507b177032f8998bc6d,36f858d8b19d625c3e73b832cc5de8024c20804c,,,already-present-matching
membership-image,"resources/source-cds/33-Twynyrodyn,1852-1892,LR1657/Images/LR 165 7_00119.jpg","33-Twynyrodyn,1852-1892,LR1657/Images/LR 165 7_00119.jpg",584008,ea1ecdffd6094016fd59b70715c53fec,f6194ab19f54bef03b8be5057fadcca295b9255e,,,already-present-matching
membership-image,"resources/source-cds/33-Twynyrodyn,1852-1892,LR1657/Images/LR 165 7_00120.jpg","33-Twynyrodyn,1852-1892,LR1657/Images/LR 165 7_00120.jpg",591041,d113b2c2581b36d1f80efeb9e26c8bf9,c663e579b99665d6fe1ce618cd3004e5094a9e19,,,already-present-matching
membership-image,"resources/source-cds/33-Twynyrodyn,1852-1892,LR1657/Images/LR 165 7_00121.jpg","33-Twynyrodyn,1852-1892,LR1657/Images/LR 165 7_00121.jpg",1129259,254eba4f59ab1aed2624a457f0a44331,705e933a4fd61b5b3e90da159a7cac655cf3fd63,,,already-present-matching
membership-image,"resources/source-cds/33-Twynyrodyn,1852-1892,LR1657/Images/LR 165 7_00122.jpg","33-Twynyrodyn,1852-1892,LR1657/Images/LR 165 7_00122.jpg",1030410,9a918810e771aabc05a5645999f59e44,303e3b7e55628611be33ca2d82862a64b6fa64a1,,,already-present-matching
membership-image,"resources/source-cds/33-Twynyrodyn,1852-1892,LR1657/Images/LR 165 7_00124.jpg","33-Twynyrodyn,1852-1892,LR1657/Images/LR 165 7_00124.jpg",365288,6b4619b13e3faf0c11703a6f8a18a85c,9417d03b4b54aecb883a656138dcb63576981e69,,,already-present-matching
membership-image,"resources/source-cds/34-Llanelltyd,1850-1882,LR1727/images/LR-1175710_v1574_M_00102.jpg","34-Llanelltyd,1850-1882,LR1727/images/LR-1175710_v1574_M_00102.jpg",680749,7ce72755ddc7738df52fa0a7f25cf527,7394cabcf3da3dec63ed233e57779d4be63bcfba,,,already-present-matching
membership-image,"resources/source-cds/34-Llanelltyd,1850-1882,LR1727/images/LR-1175710_v1574_M_00103.jpg","34-Llanelltyd,1850-1882,LR1727/images/LR-1175710_v1574_M_00103.jpg",664316,372d808544f3e360eb26bd92d8055f4d,0cae79b692b1a7ebbbec5d736cb5d6399d5c154b,,,already-present-matching
membership-image,"resources/source-cds/34-Llanelltyd,1850-1882,LR1727/images/LR-1175710_v1574_M_00104.jpg","34-Llanelltyd,1850-1882,LR1727/images/LR-1175710_v1574_M_00104.jpg",625672,ae6a5d882509f9b4eb80b82005c56f74,17a61dd1ae65c254911f90b63f97e558aa51ae92,,,already-present-matching
membership-image,"resources/source-cds/34-Llanelltyd,1850-1882,LR1727/images/LR-1175710_v1574_M_00105.jpg","34-Llanelltyd,1850-1882,LR1727/images/LR-1175710_v1574_M_00105.jpg",630005,bef2ff0b5d915523bfcf57bbe3f09c90,47b0987c1304b54cde6fc15cdbfdf3def3b76a89,,,already-present-matching
membership-image,"resources/source-cds/34-Llanelltyd,1850-1882,LR1727/images/LR-1175710_v1574_M_00106.jpg","34-Llanelltyd,1850-1882,LR1727/images/LR-1175710_v1574_M_00106.jpg",605769,80dfc5a79da74d941023ddc17f790d93,2cac2d282e9d040b4b91f3501e4407b6b1344c8b,,,already-present-matching
membership-image,"resources/source-cds/34-Llanelltyd,1850-1882,LR1727/images/LR-1175710_v1574_M_00107.jpg","34-Llanelltyd,1850-1882,LR1727/images/LR-1175710_v1574_M_00107.jpg",636233,d1bf92e23e21a79ff7ed5edc3926017b,58ef427bf39952e6450a4d523f0971044df39222,,,already-present-matching
membership-image,"resources/source-cds/34-Llanelltyd,1850-1882,LR1727/images/LR-1175710_v1574_M_00108.jpg","34-Llanelltyd,1850-1882,LR1727/images/LR-1175710_v1574_M_00108.jpg",526933,4521608aecbdafa00703cd49d2a75ec8,db42ed9714d7e5d119aced2699e178f1c0f33b0b,,,already-present-matching
membership-image,"resources/source-cds/34-Llanelltyd,1850-1882,LR1727/images/LR-1175710_v1574_M_00109.jpg","34-Llanelltyd,1850-1882,LR1727/images/LR-1175710_v1574_M_00109.jpg",671929,ea815c87d68da3623a30d047727fec90,a2aab7be19e0e7ba289769ba906eee76ba5ccc0f,,,already-present-matching
membership-image,"resources/source-cds/34-Llanelltyd,1850-1882,LR1727/images/LR-1175710_v1574_M_00110.jpg","34-Llanelltyd,1850-1882,LR1727/images/LR-1175710_v1574_M_00110.jpg",561801,62cf2f2d1f0e950e22e91eb377a949dd,e09cbb6c6bd834eb0a99c9ba9a04f7df1d73c9c1,,,already-present-matching
membership-image,"resources/source-cds/34-Llanelltyd,1850-1882,LR1727/images/LR-1175710_v1574_M_00111.jpg","34-Llanelltyd,1850-1882,LR1727/images/LR-1175710_v1574_M_00111.jpg",610869,d22eb8115701bf99f3e6e9375145edb1,ca6ab4ef06440960a13a852118022e278acc09ef,,,already-present-matching
membership-image,"resources/source-cds/34-Llanelltyd,1850-1882,LR1727/images/LR-1175710_v1574_M_00112.jpg","34-Llanelltyd,1850-1882,LR1727/images/LR-1175710_v1574_M_00112.jpg",973144,1d784bf020f14f1193621b69079b852b,8c2204b3477a7523daec260af8c0df2cf0fd4619,,,already-present-matching
membership-image,"resources/source-cds/34-Llanelltyd,1850-1882,LR1727/images/LR-1175710_v1574_M_00113.jpg","34-Llanelltyd,1850-1882,LR1727/images/LR-1175710_v1574_M_00113.jpg",898114,8e8d150723ab8bde29e27c7b4db20857,ddad9d5f72de9f42afa5e34720542c75047f6ea1,,,already-present-matching
membership-image,"resources/source-cds/34-Llanelltyd,1850-1882,LR1727/images/LR-1175710_v1574_M_00114.jpg","34-Llanelltyd,1850-1882,LR1727/images/LR-1175710_v1574_M_00114.jpg",936695,0744bbfb2d8baad7394311ce807cacfb,3f2f438febc8be9d33efc600e71b9d47675db083,,,already-present-matching
membership-image,"resources/source-cds/34-Llanelltyd,1850-1882,LR1727/images/LR-1175710_v1574_M_00115.jpg","34-Llanelltyd,1850-1882,LR1727/images/LR-1175710_v1574_M_00115.jpg",968917,0695416e909533f0a7699b9950c2a8d1,3d7f5c60f801a596fce29813b8d60ff944204396,,,already-present-matching
membership-image,"resources/source-cds/34-Llanelltyd,1850-1882,LR1727/images/LR-1175710_v1574_M_00116.jpg","34-Llanelltyd,1850-1882,LR1727/images/LR-1175710_v1574_M_00116.jpg",672224,1e9bb279aa7fa1e19c15feba70b32e76,a77313f44d9d39187e387fc431ec27a38d385887,,,already-present-matching
membership-image,"resources/source-cds/34-Llanelltyd,1850-1882,LR1727/images/LR-1175710_v1574_M_00117.jpg","34-Llanelltyd,1850-1882,LR1727/images/LR-1175710_v1574_M_00117.jpg",582319,e4e2460bbd23ae71a70ecc2ada0caf68,2d8ae990a2919cb241f8fa960e2aee773b06c2f0,,,already-present-matching
membership-image,"resources/source-cds/34-Llanelltyd,1850-1882,LR1727/images/LR-1175710_v1574_M_00118.jpg","34-Llanelltyd,1850-1882,LR1727/images/LR-1175710_v1574_M_00118.jpg",656780,69a84437a3a310927d67c26d487fb188,9565524e4f68fdf2db8e03c4c3c15e3c7cd7bd89,,,already-present-matching
membership-image,"resources/source-cds/34-Llanelltyd,1850-1882,LR1727/images/LR-1175710_v1574_M_00119.jpg","34-Llanelltyd,1850-1882,LR1727/images/LR-1175710_v1574_M_00119.jpg",660020,6809b0f137323a2d739c9e96756e6e8b,5e305ff972530a74d71bb821cbb4d0df698964ab,,,already-present-matching
membership-image,"resources/source-cds/34-Llanelltyd,1850-1882,LR1727/images/LR-1175710_v1574_M_00120.jpg","34-Llanelltyd,1850-1882,LR1727/images/LR-1175710_v1574_M_00120.jpg",475607,a5a4c506ed1b5b372d079b221cce8306,9ac5fc7d38221a2b7cba6057e2091c79adac8a6b,,,already-present-matching
membership-image,"resources/source-cds/34-Llanelltyd,1850-1882,LR1727/images/LR-1175710_v1574_M_00121.jpg","34-Llanelltyd,1850-1882,LR1727/images/LR-1175710_v1574_M_00121.jpg",1164464,1ce93593833cab285cf8b33df646d067,ec49313631d3efe979585d85784636f5a338e155,,,already-present-matching
membership-image,"resources/source-cds/34-Llanelltyd,1850-1882,LR1727/images/LR-1175710_v1574_M_colo2.jpg","34-Llanelltyd,1850-1882,LR1727/images/LR-1175710_v1574_M_colo2.jpg",89436,de8a3296e1dd97c54e50b8f126c456a1,1a12d7b5b6897e13b1008b1f57cdad8eda19c6f8,,,already-present-matching
membership-image,"resources/source-cds/37-Cardiff Confererence,1857-1869,LR241210/Images/LR-2412-10_v1_M_00099.jpg","37-Cardiff Confererence,1857-1869,LR241210/Images/LR-2412-10_v1_M_00099.jpg",591138,896d135e8c88252ffca5affde16bf9eb,3d3e52d00ce605c0d12ebda9efe6bf75a30637e3,,,already-present-matching
membership-image,"resources/source-cds/37-Cardiff Confererence,1857-1869,LR241210/Images/LR-2412-10_v1_M_00100.jpg","37-Cardiff Confererence,1857-1869,LR241210/Images/LR-2412-10_v1_M_00100.jpg",669787,ecf221fd39c2ad3f19e4607cc83b6299,3909dee24e01359ad621995e8754f0d910ab2f1c,,,already-present-matching
membership-image,"resources/source-cds/37-Cardiff Confererence,1857-1869,LR241210/Images/LR-2412-10_v1_M_00101.jpg","37-Cardiff Confererence,1857-1869,LR241210/Images/LR-2412-10_v1_M_00101.jpg",597671,7e8a8ffc4108d98b4c5cffd6b0ee4936,4b300fa742ce351759a9921e8c3db187e73892ed,,,already-present-matching
membership-image,"resources/source-cds/37-Cardiff Confererence,1857-1869,LR241210/Images/LR-2412-10_v1_M_00102.jpg","37-Cardiff Confererence,1857-1869,LR241210/Images/LR-2412-10_v1_M_00102.jpg",695994,3ed198fc9f28fee3a1bb94d429f5989e,87dd16583060c16a6bd3bbaa44582510a4489c16,,,already-present-matching
membership-image,"resources/source-cds/37-Cardiff Confererence,1857-1869,LR241210/Images/LR-2412-10_v1_M_00103.jpg","37-Cardiff Confererence,1857-1869,LR241210/Images/LR-2412-10_v1_M_00103.jpg",597682,2dcbf1f401231fe6008b0ae28330dd22,586cc612ecb19c322da61d068b8ef4d4ac718b50,,,already-present-matching
membership-image,"resources/source-cds/37-Cardiff Confererence,1857-1869,LR241210/Images/LR-2412-10_v1_M_00104.jpg","37-Cardiff Confererence,1857-1869,LR241210/Images/LR-2412-10_v1_M_00104.jpg",635474,24bc9d4dbe0a3883e25bb180bcefbd33,7d664a895750ea8f0bd453cde9ee4edef6b30732,,,already-present-matching
membership-image,"resources/source-cds/37-Cardiff Confererence,1857-1869,LR241210/Images/LR-2412-10_v1_M_00105.jpg","37-Cardiff Confererence,1857-1869,LR241210/Images/LR-2412-10_v1_M_00105.jpg",610976,8f5f91c246acc71224f1a2e631c8ac4f,84fff696ef09ddbdbf8d02da684e71becd46eeab,,,already-present-matching
membership-image,"resources/source-cds/37-Cardiff Confererence,1857-1869,LR241210/Images/LR-2412-10_v1_M_00106.jpg","37-Cardiff Confererence,1857-1869,LR241210/Images/LR-2412-10_v1_M_00106.jpg",701016,c641cd1f7c8e020e3026b79537e84b88,c1d5ee1bcf37ef07640d4da8b28f2c51887e302a,,,already-present-matching
membership-image,"resources/source-cds/37-Cardiff Confererence,1857-1869,LR241210/Images/LR-2412-10_v1_M_00107.jpg","37-Cardiff Confererence,1857-1869,LR241210/Images/LR-2412-10_v1_M_00107.jpg",640655,b1760f2ddd8fd0593a63a5030c07d5be,fbc55febe39113f6977ac0642d101b12b512e296,,,already-present-matching
membership-image,"resources/source-cds/37-Cardiff Confererence,1857-1869,LR241210/Images/LR-2412-10_v1_M_00108.jpg","37-Cardiff Confererence,1857-1869,LR241210/Images/LR-2412-10_v1_M_00108.jpg",687204,9c1ad8087e2b1e55735a5a95d05ee52c,39249739f07045c90b8c8a522dd2b360af8020ac,,,already-present-matching
membership-image,"resources/source-cds/37-Cardiff Confererence,1857-1869,LR241210/Images/LR-2412-10_v1_M_00109.jpg","37-Cardiff Confererence,1857-1869,LR241210/Images/LR-2412-10_v1_M_00109.jpg",660427,89e9f33c7454701cd193eb71f07da1a3,2dc594305a411743ac36b21d8aa49cb76b555431,,,already-present-matching
membership-image,"resources/source-cds/37-Cardiff Confererence,1857-1869,LR241210/Images/LR-2412-10_v1_M_00110.jpg","37-Cardiff Confererence,1857-1869,LR241210/Images/LR-2412-10_v1_M_00110.jpg",748676,b1f8ad8566feedbe53d4dfae98465ab3,e5eb913813697519676de91bb21e974518cc887a,,,already-present-matching
membership-image,"resources/source-cds/37-Cardiff Confererence,1857-1869,LR241210/Images/LR-2412-10_v1_M_00111.jpg","37-Cardiff Confererence,1857-1869,LR241210/Images/LR-2412-10_v1_M_00111.jpg",649725,7cd0f348e352c0eadfcb68bb6e052dd6,5c4936751f5305e8e774511b82d99ecc1701fdf8,,,already-present-matching
membership-image,"resources/source-cds/37-Cardiff Confererence,1857-1869,LR241210/Images/LR-2412-10_v1_M_00112.jpg","37-Cardiff Confererence,1857-1869,LR241210/Images/LR-2412-10_v1_M_00112.jpg",655001,31cb2c05d8cc5bcb65998a84b23c997d,3aab55167242013b1e8a77cd05643dabd3af1b75,,,already-present-matching
membership-image,"resources/source-cds/37-Cardiff Confererence,1857-1869,LR241210/Images/LR-2412-10_v1_M_00113.jpg","37-Cardiff Confererence,1857-1869,LR241210/Images/LR-2412-10_v1_M_00113.jpg",619779,f537aae37d8112ce9477c33c259660e7,5d85ff70524521b940fd02af134f76cc1282d35f,,,already-present-matching
membership-image,"resources/source-cds/37-Cardiff Confererence,1857-1869,LR241210/Images/LR-2412-10_v1_M_00114.jpg","37-Cardiff Confererence,1857-1869,LR241210/Images/LR-2412-10_v1_M_00114.jpg",686699,0587dd795e6dbbe41face02e5621425d,0e46922f86c009b351703cba8dfc5f749686ea8f,,,already-present-matching
membership-image,"resources/source-cds/37-Cardiff Confererence,1857-1869,LR241210/Images/LR-2412-10_v1_M_00115.jpg","37-Cardiff Confererence,1857-1869,LR241210/Images/LR-2412-10_v1_M_00115.jpg",548003,e5ab6f4c31cd0641dbef35f91d36018d,631ed28f628d1618bab1385fdb06f64cc04d1391,,,already-present-matching
membership-image,"resources/source-cds/37-Cardiff Confererence,1857-1869,LR241210/Images/LR-2412-10_v1_M_00116.jpg","37-Cardiff Confererence,1857-1869,LR241210/Images/LR-2412-10_v1_M_00116.jpg",696093,cb39a06f841631dc1b5e02b0f1249d4c,9b1308e5cf0740fb3e0f9fd32933766119dbc258,,,already-present-matching
membership-image,"resources/source-cds/37-Cardiff Confererence,1857-1869,LR241210/Images/LR-2412-10_v1_M_00117.jpg","37-Cardiff Confererence,1857-1869,LR241210/Images/LR-2412-10_v1_M_00117.jpg",658425,957b4377849213ff43f463ec7ad68544,96d02d8950c795e924b94865a7d95db39260dafa,,,already-present-matching
membership-image,"resources/source-cds/37-Cardiff Confererence,1857-1869,LR241210/Images/LR-2412-10_v1_M_00118.jpg","37-Cardiff Confererence,1857-1869,LR241210/Images/LR-2412-10_v1_M_00118.jpg",679087,a5f31e8e89393cc776dfc5ac936f1fd8,cb5b92012bc402d3cca3dc7652e0372f06f363f3,,,already-present-matching
membership-image,"resources/source-cds/37-Cardiff Confererence,1857-1869,LR241210/Images/LR-2412-10_v1_M_00119.jpg","37-Cardiff Confererence,1857-1869,LR241210/Images/LR-2412-10_v1_M_00119.jpg",530506,ff1be1f93ad6637081058e2e380dbf13,28905f85dc68c94f53d1a1ccc7a55c0e8b447fc2,,,already-present-matching
membership-image,"resources/source-cds/37-Cardiff Confererence,1857-1869,LR241210/Images/LR-2412-10_v1_M_00120.jpg","37-Cardiff Confererence,1857-1869,LR241210/Images/LR-2412-10_v1_M_00120.jpg",622839,88d599163f82b289bd859b3a2fd52af5,10e0d913c6610b0fb2881c4f6c327cbcbb85cff5,,,already-present-matching
membership-image,"resources/source-cds/37-Cardiff Confererence,1857-1869,LR241210/Images/LR-2412-10_v1_M_00121.jpg","37-Cardiff Confererence,1857-1869,LR241210/Images/LR-2412-10_v1_M_00121.jpg",493968,1c5c7bf2b390862c873ae5a1b6e36e19,3d13cafe79cc7ff72e3c085bf0a248f141cada08,,,already-present-matching
membership-image,"resources/source-cds/37-Cardiff Confererence,1857-1869,LR241210/Images/LR-2412-10_v1_M_00122.jpg","37-Cardiff Confererence,1857-1869,LR241210/Images/LR-2412-10_v1_M_00122.jpg",607492,9364dc296a60690580d6f414f9c3f439,88a52a161cb8c695a49d811ebe28f7548de836e1,,,already-present-matching
membership-image,"resources/source-cds/37-Cardiff Confererence,1857-1869,LR241210/Images/LR-2412-10_v1_M_00123.jpg","37-Cardiff Confererence,1857-1869,LR241210/Images/LR-2412-10_v1_M_00123.jpg",543322,76c47599fd31537b90692dc3fce870b0,039fdd7745ce46e920ce3d5ff96726a6a07945ed,,,already-present-matching
membership-image,"resources/source-cds/37-Cardiff Confererence,1857-1869,LR241210/Images/LR-2412-10_v1_M_00124.jpg","37-Cardiff Confererence,1857-1869,LR241210/Images/LR-2412-10_v1_M_00124.jpg",582121,2eac23bfc3fb9222f7ddcd06ec71711f,6ba08b6807b844d3b1e8140e37bf8afc4d416f47,,,already-present-matching
membership-image,"resources/source-cds/37-Cardiff Confererence,1857-1869,LR241210/Images/LR-2412-10_v1_M_00125.jpg","37-Cardiff Confererence,1857-1869,LR241210/Images/LR-2412-10_v1_M_00125.jpg",551234,9b85f709175c76d94e7be3c9f5487368,d86d3cec9a463300a84a10a5194c6e137da19972,,,already-present-matching
membership-image,"resources/source-cds/37-Cardiff Confererence,1857-1869,LR241210/Images/LR-2412-10_v1_M_00126.jpg","37-Cardiff Confererence,1857-1869,LR241210/Images/LR-2412-10_v1_M_00126.jpg",609828,ab63ea7f896f01d5b4bbbd5cbd7d4a0e,0054b9a66dfd44806338c801c700e461430f0782,,,already-present-matching
membership-image,"resources/source-cds/37-Cardiff Confererence,1857-1869,LR241210/Images/LR-2412-10_v1_M_00127.jpg","37-Cardiff Confererence,1857-1869,LR241210/Images/LR-2412-10_v1_M_00127.jpg",640310,d4c36b02e9d4373cd17e41c53d14bc34,24e4bdb54d0a2cbe6f8056bf9182efda6be60fb4,,,already-present-matching
membership-image,"resources/source-cds/37-Cardiff Confererence,1857-1869,LR241210/Images/LR-2412-10_v1_M_00128.jpg","37-Cardiff Confererence,1857-1869,LR241210/Images/LR-2412-10_v1_M_00128.jpg",568719,9b6e3f700eab8273b42d9aca88982f90,293597e97e946e168846d735d90b6f1fbaa26abc,,,already-present-matching
membership-image,"resources/source-cds/37-Cardiff Confererence,1857-1869,LR241210/Images/LR-2412-10_v1_M_00129.jpg","37-Cardiff Confererence,1857-1869,LR241210/Images/LR-2412-10_v1_M_00129.jpg",661429,f7513dcfbca400629690001aaa2740ae,89359ef8c24949e7f5f6854d4c6db7d93ec5349b,,,already-present-matching
membership-image,"resources/source-cds/37-Cardiff Confererence,1857-1869,LR241210/Images/LR-2412-10_v1_M_00130.jpg","37-Cardiff Confererence,1857-1869,LR241210/Images/LR-2412-10_v1_M_00130.jpg",713866,3dd4cd5e847c79f98749c0753ad447bd,049396977bf8cdc6a1848cf47c042073d3313ad6,,,already-present-matching
membership-image,"resources/source-cds/37-Cardiff Confererence,1857-1869,LR241210/Images/LR-2412-10_v1_M_00131.jpg","37-Cardiff Confererence,1857-1869,LR241210/Images/LR-2412-10_v1_M_00131.jpg",676941,f4c4486da4d502792c41b47defaea9c9,0d5f7b0e01610e5ef241052bccf73f2ac530c35b,,,already-present-matching
membership-image,"resources/source-cds/37-Cardiff Confererence,1857-1869,LR241210/Images/LR-2412-10_v1_M_00132.jpg","37-Cardiff Confererence,1857-1869,LR241210/Images/LR-2412-10_v1_M_00132.jpg",704816,34f764263b7ea0619425fbef431bef73,950a0a17267253f23fb7a8d297ff3b240dc1b5bb,,,already-present-matching
membership-image,"resources/source-cds/37-Cardiff Confererence,1857-1869,LR241210/Images/LR-2412-10_v1_M_00133.jpg","37-Cardiff Confererence,1857-1869,LR241210/Images/LR-2412-10_v1_M_00133.jpg",529785,192680572fbc322f3e8752ee81287956,e12d886b16659d1e335305cb8a0552eeabfbcc21,,,already-present-matching
membership-image,"resources/source-cds/37-Cardiff Confererence,1857-1869,LR241210/Images/LR-2412-10_v1_M_00134.jpg","37-Cardiff Confererence,1857-1869,LR241210/Images/LR-2412-10_v1_M_00134.jpg",673792,91e486a1e209694ca592fc2c4941faa9,1facac2130811e32ff2fe4a8f4a1d2aeb2dda3fe,,,already-present-matching
membership-image,"resources/source-cds/37-Cardiff Confererence,1857-1869,LR241210/Images/LR-2412-10_v1_M_00135.jpg","37-Cardiff Confererence,1857-1869,LR241210/Images/LR-2412-10_v1_M_00135.jpg",666222,fc033d412adaac51a5b11cd86e9c8a3d,49c1f5d7c2200f44916d058df27ee991956d6f81,,,already-present-matching
membership-image,"resources/source-cds/37-Cardiff Confererence,1857-1869,LR241210/Images/LR-2412-10_v1_M_00136.jpg","37-Cardiff Confererence,1857-1869,LR241210/Images/LR-2412-10_v1_M_00136.jpg",792778,ce8b288060b5069a1dab7ab7b45747ef,f4af185f8b39c2ad08a227f3b3029b344676b65b,,,already-present-matching
membership-image,"resources/source-cds/37-Cardiff Confererence,1857-1869,LR241210/Images/LR-2412-10_v1_M_00137.jpg","37-Cardiff Confererence,1857-1869,LR241210/Images/LR-2412-10_v1_M_00137.jpg",597378,6392b846e094dc501ce30e030b9a308c,64305c2cab25caf176e42a2fafa36d260c06f85d,,,already-present-matching
membership-image,"resources/source-cds/37-Cardiff Confererence,1857-1869,LR241210/Images/LR-2412-10_v1_M_00138.jpg","37-Cardiff Confererence,1857-1869,LR241210/Images/LR-2412-10_v1_M_00138.jpg",512009,e3a9d7a2190768993a17fa39d6dc8328,a3077ee900369cf9a3c69f482c15c1d6011e5543,,,already-present-matching
membership-image,"resources/source-cds/37-Cardiff Confererence,1857-1869,LR241210/Images/LR-2412-10_v1_M_00139.jpg","37-Cardiff Confererence,1857-1869,LR241210/Images/LR-2412-10_v1_M_00139.jpg",621212,456b1f75268f6b1ccd2170353ca521a9,20ecfe3530e97d2d6943d82cef21e49c1b1546be,,,already-present-matching
membership-image,"resources/source-cds/37-Cardiff Confererence,1857-1869,LR241210/Images/LR-2412-10_v1_M_00140.jpg","37-Cardiff Confererence,1857-1869,LR241210/Images/LR-2412-10_v1_M_00140.jpg",516846,e4a9679a1ae8c4a99d28deed7fe86802,dd756c7424a5be581f61dff94edcaa032a68432f,,,already-present-matching
membership-image,"resources/source-cds/37-Cardiff Confererence,1857-1869,LR241210/Images/LR-2412-10_v1_M_00141.jpg","37-Cardiff Confererence,1857-1869,LR241210/Images/LR-2412-10_v1_M_00141.jpg",745858,712c10132a74fd673f824c905350f964,9cb1ab695e334a65908b4f802392218b27acf7a4,,,already-present-matching
membership-image,"resources/source-cds/37-Cardiff Confererence,1857-1869,LR241210/Images/LR-2412-10_v1_M_00142.jpg","37-Cardiff Confererence,1857-1869,LR241210/Images/LR-2412-10_v1_M_00142.jpg",828507,213aeee22145bb2b2ecbc1dc31266cb1,718a3225c44fbf69f1b41ddea4813e4143cc2f60,,,already-present-matching
membership-image,"resources/source-cds/37-Cardiff Confererence,1857-1869,LR241210/Images/LR-2412-10_v1_M_00143.jpg","37-Cardiff Confererence,1857-1869,LR241210/Images/LR-2412-10_v1_M_00143.jpg",685299,1d957cc2007934ea5f84bc31a0c6541b,19c0fdd5d45e6e0e0919167c5adcb92daed3f218,,,already-present-matching
membership-image,"resources/source-cds/37-Cardiff Confererence,1857-1869,LR241210/Images/LR-2412-10_v1_M_00144.jpg","37-Cardiff Confererence,1857-1869,LR241210/Images/LR-2412-10_v1_M_00144.jpg",497411,7fe2e9cf31f8a80834bdcd53c581d95b,c2c375f1d6e01f4d8e7624ff15399a20216127c5,,,already-present-matching
membership-image,"resources/source-cds/37-Cardiff Confererence,1857-1869,LR241210/Images/LR-2412-10_v1_M_00145.jpg","37-Cardiff Confererence,1857-1869,LR241210/Images/LR-2412-10_v1_M_00145.jpg",841244,7c2c107e5f87ea575be8cf685b157dfb,ba18924e0d6990a7a040071578146e4252f538b0,,,already-present-matching
membership-image,"resources/source-cds/37-Cardiff Confererence,1857-1869,LR241210/Images/LR-2412-10_v1_M_00145a.jpg","37-Cardiff Confererence,1857-1869,LR241210/Images/LR-2412-10_v1_M_00145a.jpg",645472,5bb49dd9c3b8859466ea9059fbe1f9e0,ff0651e3a36e569ece971da9aa306646c162ae4f,,,already-present-matching
membership-image,"resources/source-cds/37-Cardiff Confererence,1857-1869,LR241210/Images/LR-2412-10_v1_M_00146.jpg","37-Cardiff Confererence,1857-1869,LR241210/Images/LR-2412-10_v1_M_00146.jpg",495939,a90a68437d45907f063bd8ca8c53483f,689e7e807f509202673d7b46fa1cd81becaece3c,,,already-present-matching
membership-image,"resources/source-cds/37-Cardiff Confererence,1857-1869,LR241210/Images/LR-2412-10_v1_M_00147.jpg","37-Cardiff Confererence,1857-1869,LR241210/Images/LR-2412-10_v1_M_00147.jpg",601473,84126b5a1210f8d22cbaaac44813cc3f,d384d12b2c981d332859f07ac1fe254e8484c950,,,already-present-matching
membership-image,"resources/source-cds/37-Cardiff Confererence,1857-1869,LR241210/Images/LR-2412-10_v1_M_00148.jpg","37-Cardiff Confererence,1857-1869,LR241210/Images/LR-2412-10_v1_M_00148.jpg",453841,ba07b909d2238762222fe1523bdde18b,db6d7a0d9e38ef64d36c6098915389f30160b083,,,already-present-matching
membership-image,"resources/source-cds/37-Cardiff Confererence,1857-1869,LR241210/Images/LR-2412-10_v1_M_00149.jpg","37-Cardiff Confererence,1857-1869,LR241210/Images/LR-2412-10_v1_M_00149.jpg",581626,564bdca1d5cba44a0efbaa44e0d9a234,452265ea6173ce4bf041cffa176ffabefa5a16ed,,,already-present-matching
membership-image,"resources/source-cds/37-Cardiff Confererence,1857-1869,LR241210/Images/LR-2412-10_v1_M_00150.jpg","37-Cardiff Confererence,1857-1869,LR241210/Images/LR-2412-10_v1_M_00150.jpg",493885,5616c580d5a437ef5dcf0ec580b85544,f0fc9b25fb0b63d844076c2cf114342d16fb983a,,,already-present-matching
membership-image,"resources/source-cds/37-Cardiff Confererence,1857-1869,LR241210/Images/LR-2412-10_v1_M_00151.jpg","37-Cardiff Confererence,1857-1869,LR241210/Images/LR-2412-10_v1_M_00151.jpg",694121,4999692014b22a25dabe6daae6f04ce7,3deecb31f1f046766b0fcc452cf76aefb1b685d1,,,already-present-matching
membership-image,"resources/source-cds/37-Cardiff Confererence,1857-1869,LR241210/Images/LR-2412-10_v1_M_00152.jpg","37-Cardiff Confererence,1857-1869,LR241210/Images/LR-2412-10_v1_M_00152.jpg",489700,f6ea31af5c5f9544a34449e1919e5a44,161ce88750838f562da52b795fd436355de42936,,,already-present-matching
membership-image,"resources/source-cds/37-Cardiff Confererence,1857-1869,LR241210/Images/LR-2412-10_v1_M_00153.jpg","37-Cardiff Confererence,1857-1869,LR241210/Images/LR-2412-10_v1_M_00153.jpg",587083,7bdff8cd8d620dc1e11432025d88c60c,a349a622329b4cb7e306a1b8343899a55e217c67,,,already-present-matching
membership-image,"resources/source-cds/37-Cardiff Confererence,1857-1869,LR241210/Images/LR-2412-10_v1_M_00154.jpg","37-Cardiff Confererence,1857-1869,LR241210/Images/LR-2412-10_v1_M_00154.jpg",616082,02ab27c4021f8f41de628c65bfba2cae,d0e943b44eafba6ee988831e4ba167d57d839564,,,already-present-matching
membership-image,"resources/source-cds/37-Cardiff Confererence,1857-1869,LR241210/Images/LR-2412-10_v1_M_00155.jpg","37-Cardiff Confererence,1857-1869,LR241210/Images/LR-2412-10_v1_M_00155.jpg",281476,f146fc43bef2cafe068ca49d10c09739,993c539ec5898eefe115b30fa4dea327dc612574,,,already-present-matching
membership-image,"resources/source-cds/37-Cardiff Confererence,1857-1869,LR241210/Images/LR-2412-10_v1_M_00155a.jpg","37-Cardiff Confererence,1857-1869,LR241210/Images/LR-2412-10_v1_M_00155a.jpg",555487,06fb85e1115f239c81787def7327075d,3526288e5d8dccf91a1c6c2cbb9e21db8a377d82,,,already-present-matching
membership-image,"resources/source-cds/37-Cardiff Confererence,1857-1869,LR241210/Images/LR-2412-10_v1_M_00156.jpg","37-Cardiff Confererence,1857-1869,LR241210/Images/LR-2412-10_v1_M_00156.jpg",600499,712186f74e2dcd9bc993d19ba10bff96,07e5ba1d3015ef87061749d8bf63e3a0254b4c6c,,,already-present-matching
membership-image,"resources/source-cds/37-Cardiff Confererence,1857-1869,LR241210/Images/LR-2412-10_v1_M_00157.jpg","37-Cardiff Confererence,1857-1869,LR241210/Images/LR-2412-10_v1_M_00157.jpg",639914,db4574e5546d52b8b5c5e66c12d1f58b,0ae31b30d5b4755e297868404cdfd951b524ff90,,,already-present-matching
membership-image,"resources/source-cds/37-Cardiff Confererence,1857-1869,LR241210/Images/LR-2412-10_v1_M_00158.jpg","37-Cardiff Confererence,1857-1869,LR241210/Images/LR-2412-10_v1_M_00158.jpg",494201,128df5d0be2dd064371e9364496c3155,5a9108b301885998d5e4f94469e979dbc8028954,,,already-present-matching
membership-image,"resources/source-cds/37-Cardiff Confererence,1857-1869,LR241210/Images/LR-2412-10_v1_M_00159.jpg","37-Cardiff Confererence,1857-1869,LR241210/Images/LR-2412-10_v1_M_00159.jpg",664122,fad24e6c6bf6d983f75d93485ecd1094,8a92fb5146c33a60b4367aa0e7af41de6f01e1d1,,,already-present-matching
membership-image,"resources/source-cds/37-Cardiff Confererence,1857-1869,LR241210/Images/LR-2412-10_v1_M_00160.jpg","37-Cardiff Confererence,1857-1869,LR241210/Images/LR-2412-10_v1_M_00160.jpg",496435,2cbe23b50bc50c07f13cb671505a5b49,34d7c828250b4ca9ea10071d236c19f5b7ba8fc3,,,already-present-matching
membership-image,"resources/source-cds/37-Cardiff Confererence,1857-1869,LR241210/Images/LR-2412-10_v1_M_00161.jpg","37-Cardiff Confererence,1857-1869,LR241210/Images/LR-2412-10_v1_M_00161.jpg",690023,9440eeb1f9593fa6667dfce52d5cc779,c732c37b78a0377838009ecf5949c90d3780d7ca,,,already-present-matching
membership-image,"resources/source-cds/37-Cardiff Confererence,1857-1869,LR241210/Images/LR-2412-10_v1_M_00162.jpg","37-Cardiff Confererence,1857-1869,LR241210/Images/LR-2412-10_v1_M_00162.jpg",510146,3dcb9ad213ea1a7504d0ea6a05df2b04,085c9178f585badf71e2ad296f8ec8839a2d76e2,,,already-present-matching
membership-image,"resources/source-cds/37-Cardiff Confererence,1857-1869,LR241210/Images/LR-2412-10_v1_M_00163.jpg","37-Cardiff Confererence,1857-1869,LR241210/Images/LR-2412-10_v1_M_00163.jpg",518322,55c798d615899fdc71db33f59bf2041c,d46e212870b02d0e4bc51ead1f082cc3368afa6e,,,already-present-matching
membership-image,"resources/source-cds/37-Cardiff Confererence,1857-1869,LR241210/Images/LR-2412-10_v1_M_00164.jpg","37-Cardiff Confererence,1857-1869,LR241210/Images/LR-2412-10_v1_M_00164.jpg",583778,46b40170f5a162fea09be04d3df9123e,bd50ab4919138cbae88596b2298320b32a3c5a50,,,already-present-matching
membership-image,"resources/source-cds/37-Cardiff Confererence,1857-1869,LR241210/Images/LR-2412-10_v1_M_00165.jpg","37-Cardiff Confererence,1857-1869,LR241210/Images/LR-2412-10_v1_M_00165.jpg",520930,a8506e1f5add488faaedd26472dca915,3879fb8091f5541e48fa70f8e6a539bc1573f74c,,,already-present-matching
membership-image,"resources/source-cds/37-Cardiff Confererence,1857-1869,LR241210/Images/LR-2412-10_v1_M_00166.jpg","37-Cardiff Confererence,1857-1869,LR241210/Images/LR-2412-10_v1_M_00166.jpg",559559,b91db5164de84c633dfee7ade6d57f81,0ab39d2719bd4c3d0ac344dda26e38f30f7c6796,,,already-present-matching
membership-image,"resources/source-cds/37-Cardiff Confererence,1857-1869,LR241210/Images/LR-2412-10_v1_M_00167.jpg","37-Cardiff Confererence,1857-1869,LR241210/Images/LR-2412-10_v1_M_00167.jpg",444351,0b463377907757b621475e076b1b0434,b33976f9731c12473bfb42b636e8aa0d9543f87a,,,already-present-matching
membership-image,"resources/source-cds/37-Cardiff Confererence,1857-1869,LR241210/Images/LR-2412-10_v1_M_00168.jpg","37-Cardiff Confererence,1857-1869,LR241210/Images/LR-2412-10_v1_M_00168.jpg",633335,f019b3dcece3f091ff331863bbd5f997,a8e95199bd1ecf86e818dbf7e0064d9fdaebdeca,,,already-present-matching
membership-image,"resources/source-cds/37-Cardiff Confererence,1857-1869,LR241210/Images/LR-2412-10_v1_M_00169.jpg","37-Cardiff Confererence,1857-1869,LR241210/Images/LR-2412-10_v1_M_00169.jpg",548759,e986cdb4ecdc94794b0e6b8129e0412a,ba5e92d4d5db0a6742b698cc9263805bd0464488,,,already-present-matching
membership-image,"resources/source-cds/37-Cardiff Confererence,1857-1869,LR241210/Images/LR-2412-10_v1_M_00170.jpg","37-Cardiff Confererence,1857-1869,LR241210/Images/LR-2412-10_v1_M_00170.jpg",558223,aba25149aa32824829c1f1a4ca2206cb,c8cb7c381cf1bc3d9291c20219fc4094f49848a5,,,already-present-matching
membership-image,"resources/source-cds/37-Cardiff Confererence,1857-1869,LR241210/Images/LR-2412-10_v1_M_00171.jpg","37-Cardiff Confererence,1857-1869,LR241210/Images/LR-2412-10_v1_M_00171.jpg",446321,a7bb24efbc2ad980e3542f87bfdbfb20,9c6a861d4d604b82abd484cb4000a73d68ac0098,,,already-present-matching
membership-image,"resources/source-cds/37-Cardiff Confererence,1857-1869,LR241210/Images/LR-2412-10_v1_M_00172.jpg","37-Cardiff Confererence,1857-1869,LR241210/Images/LR-2412-10_v1_M_00172.jpg",566422,26f04c5b291b5cf40f76a98b845dad6a,8bf4dac694b34a2bf1763ec027ec1cd07444fe3e,,,already-present-matching
membership-image,"resources/source-cds/37-Cardiff Confererence,1857-1869,LR241210/Images/LR-2412-10_v1_M_00173.jpg","37-Cardiff Confererence,1857-1869,LR241210/Images/LR-2412-10_v1_M_00173.jpg",485485,a50f5023077429f782ae636708fc9dda,23e092d52c7d3858795716ac1c274a67d0a06727,,,already-present-matching
membership-image,"resources/source-cds/37-Cardiff Confererence,1857-1869,LR241210/Images/LR-2412-10_v1_M_00174.jpg","37-Cardiff Confererence,1857-1869,LR241210/Images/LR-2412-10_v1_M_00174.jpg",514189,5ed1e64b2cf9a1d4e46aacf421566d0a,ab383d7ff240ce3b248769658edfce807c25da56,,,already-present-matching
membership-image,"resources/source-cds/37-Cardiff Confererence,1857-1869,LR241210/Images/LR-2412-10_v1_M_00175.jpg","37-Cardiff Confererence,1857-1869,LR241210/Images/LR-2412-10_v1_M_00175.jpg",553400,2dfa74205793e7c2782b60b051e34a09,b0f2100f489582248aad421ca8bc8cf7425352a7,,,already-present-matching
membership-image,"resources/source-cds/37-Cardiff Confererence,1857-1869,LR241210/Images/LR-2412-10_v1_M_00176.jpg","37-Cardiff Confererence,1857-1869,LR241210/Images/LR-2412-10_v1_M_00176.jpg",638630,50b973dba8a3bcc7469f1cc9d6bf4405,d1f31bd4545580470acca0760e1d897794421201,,,already-present-matching
membership-image,"resources/source-cds/37-Cardiff Confererence,1857-1869,LR241210/Images/LR-2412-10_v1_M_00177.jpg","37-Cardiff Confererence,1857-1869,LR241210/Images/LR-2412-10_v1_M_00177.jpg",501186,60ebc346731abe4c486a5c08e63d2106,278de56efcfa2f09a8b59fe850875c00ef6def8f,,,already-present-matching
membership-image,"resources/source-cds/37-Cardiff Confererence,1857-1869,LR241210/Images/LR-2412-10_v1_M_00178.jpg","37-Cardiff Confererence,1857-1869,LR241210/Images/LR-2412-10_v1_M_00178.jpg",570434,a50a517b3f9af75093055d2a0e94d195,86b34aeb05df8cc758b672708cc169e56238b95e,,,already-present-matching
membership-image,"resources/source-cds/37-Cardiff Confererence,1857-1869,LR241210/Images/LR-2412-10_v1_M_00179.jpg","37-Cardiff Confererence,1857-1869,LR241210/Images/LR-2412-10_v1_M_00179.jpg",581765,b050c329b44eea19b57b55ec994384c5,64fba06b3edb441eee0e95d2b2801d28e58b05ee,,,already-present-matching
membership-image,"resources/source-cds/37-Cardiff Confererence,1857-1869,LR241210/Images/LR-2412-10_v1_M_00180.jpg","37-Cardiff Confererence,1857-1869,LR241210/Images/LR-2412-10_v1_M_00180.jpg",643851,7afcedd53a8bb7553d31c3d523d8886f,251d38d85940ddaa2de158d83dc5b3bc0bcbf036,,,already-present-matching
membership-image,"resources/source-cds/37-Cardiff Confererence,1857-1869,LR241210/Images/LR-2412-10_v1_M_00181.jpg","37-Cardiff Confererence,1857-1869,LR241210/Images/LR-2412-10_v1_M_00181.jpg",495491,0978f5275add26e721f9840e49b5e9f6,bc68249d73b0c7fe6e97285fd671fc952ec2331b,,,already-present-matching
membership-image,"resources/source-cds/37-Cardiff Confererence,1857-1869,LR241210/Images/LR-2412-10_v1_M_00182.jpg","37-Cardiff Confererence,1857-1869,LR241210/Images/LR-2412-10_v1_M_00182.jpg",550053,c031c8aa890e52f1a047d87acc3db4ca,795f91255991c10f2f86a0120315fa0aaa259727,,,already-present-matching
membership-image,"resources/source-cds/37-Cardiff Confererence,1857-1869,LR241210/Images/LR-2412-10_v1_M_00183.jpg","37-Cardiff Confererence,1857-1869,LR241210/Images/LR-2412-10_v1_M_00183.jpg",572874,2acb37cdb0a40f3bc02dd3da51fcd4ba,40d3d6aa0f0beecd7b460978ea03b15919bf9082,,,already-present-matching
membership-image,"resources/source-cds/37-Cardiff Confererence,1857-1869,LR241210/Images/LR-2412-10_v1_M_00184.jpg","37-Cardiff Confererence,1857-1869,LR241210/Images/LR-2412-10_v1_M_00184.jpg",561328,de36ff10ccf4f01966a815f0bd94613c,5979ace2cf50d3bbf3ad98ee67a57c7c9301d296,,,already-present-matching
membership-image,"resources/source-cds/37-Cardiff Confererence,1857-1869,LR241210/Images/LR-2412-10_v1_M_00185.jpg","37-Cardiff Confererence,1857-1869,LR241210/Images/LR-2412-10_v1_M_00185.jpg",589203,e4230546a67172fa2d5010bab48f20fe,0397799b7358257b1a9c2701ab508208b8f1becd,,,already-present-matching
membership-image,"resources/source-cds/37-Cardiff Confererence,1857-1869,LR241210/Images/LR-2412-10_v1_M_00186.jpg","37-Cardiff Confererence,1857-1869,LR241210/Images/LR-2412-10_v1_M_00186.jpg",597115,fb7cffbc28cb651862fdfce421d49fc1,a7c425f9542422cadd8e9ebb10e1f84f7563d47d,,,already-present-matching
membership-image,"resources/source-cds/37-Cardiff Confererence,1857-1869,LR241210/Images/LR-2412-10_v1_M_00187.jpg","37-Cardiff Confererence,1857-1869,LR241210/Images/LR-2412-10_v1_M_00187.jpg",577329,98f0af3617abafa52bb21c3437c73e0e,dd6900b6b395e165ba7946b68003dd0ce4823b74,,,already-present-matching
membership-image,"resources/source-cds/37-Cardiff Confererence,1857-1869,LR241210/Images/LR-2412-10_v1_M_00188.jpg","37-Cardiff Confererence,1857-1869,LR241210/Images/LR-2412-10_v1_M_00188.jpg",562217,cc2077529ec32744db8424e23234c609,2e7442cb6455c0d718757f17bb4e13f5bf3545d9,,,already-present-matching
membership-image,"resources/source-cds/37-Cardiff Confererence,1857-1869,LR241210/Images/LR-2412-10_v1_M_00189.jpg","37-Cardiff Confererence,1857-1869,LR241210/Images/LR-2412-10_v1_M_00189.jpg",468812,bff2c871d2f3d96bbaf17b0c0d3af9f5,7da65419119e276204c65a830c7f31518da324cc,,,already-present-matching
membership-image,"resources/source-cds/37-Cardiff Confererence,1857-1869,LR241210/Images/LR-2412-10_v1_M_00190.jpg","37-Cardiff Confererence,1857-1869,LR241210/Images/LR-2412-10_v1_M_00190.jpg",620166,e9fc6de05a86a6b5305cf830ce34d879,80dfb1e426fcfe43d329dad35982d26e96610ae4,,,already-present-matching
membership-image,"resources/source-cds/37-Cardiff Confererence,1857-1869,LR241210/Images/LR-2412-10_v1_M_00191.jpg","37-Cardiff Confererence,1857-1869,LR241210/Images/LR-2412-10_v1_M_00191.jpg",512548,cc43fc68ff94234b15d5e48586efa004,1879b2bd950e44e15f8519c04faf3bf33b873b87,,,already-present-matching
membership-image,"resources/source-cds/37-Cardiff Confererence,1857-1869,LR241210/Images/LR-2412-10_v1_M_00192.jpg","37-Cardiff Confererence,1857-1869,LR241210/Images/LR-2412-10_v1_M_00192.jpg",512729,78fe15a9d1929894e349dbb62db5abcd,b9f57b28d465cfa8a2fe7e106aff71b6198d0d8b,,,already-present-matching
membership-image,"resources/source-cds/37-Cardiff Confererence,1857-1869,LR241210/Images/LR-2412-10_v1_M_00193.jpg","37-Cardiff Confererence,1857-1869,LR241210/Images/LR-2412-10_v1_M_00193.jpg",562007,5a4508f723576f8d12d20307a64afada,d4b2ffe763ed9a9338705808fd54676c73e0b3d2,,,already-present-matching
membership-image,"resources/source-cds/37-Cardiff Confererence,1857-1869,LR241210/Images/LR-2412-10_v1_M_00194.jpg","37-Cardiff Confererence,1857-1869,LR241210/Images/LR-2412-10_v1_M_00194.jpg",604108,3d85e5bb4ca51fdfc4c176a43831d2cb,e2d86e2e546e0c98229dd05e00de1af68b49c008,,,already-present-matching
membership-image,"resources/source-cds/37-Cardiff Confererence,1857-1869,LR241210/Images/LR-2412-10_v1_M_00195.jpg","37-Cardiff Confererence,1857-1869,LR241210/Images/LR-2412-10_v1_M_00195.jpg",560431,f01209b7b35ebc465ced23b544ef4e06,85a081ac86bfca2f60887d901cb2920e9ae76f5e,,,already-present-matching
membership-image,"resources/source-cds/37-Cardiff Confererence,1857-1869,LR241210/Images/LR-2412-10_v1_M_00196.jpg","37-Cardiff Confererence,1857-1869,LR241210/Images/LR-2412-10_v1_M_00196.jpg",626451,b2ec2da5ff099c0af030f56788de9e1b,80720d0f1a87cd4b5c98a89f9608a834ff690143,,,already-present-matching
membership-image,"resources/source-cds/37-Cardiff Confererence,1857-1869,LR241210/Images/LR-2412-10_v1_M_00197.jpg","37-Cardiff Confererence,1857-1869,LR241210/Images/LR-2412-10_v1_M_00197.jpg",473429,2cf7077d293d93fc811a9eca9f24986d,615fd9186df01676bac8a1e0698d2c8de9132599,,,already-present-matching
membership-image,"resources/source-cds/37-Cardiff Confererence,1857-1869,LR241210/Images/LR-2412-10_v1_M_00198.jpg","37-Cardiff Confererence,1857-1869,LR241210/Images/LR-2412-10_v1_M_00198.jpg",621821,2097661bf475eee4bf58a14308b8b0a4,341c04ad33edf4e0c53d5de93039b4c601218a54,,,already-present-matching
membership-image,"resources/source-cds/37-Cardiff Confererence,1857-1869,LR241210/Images/LR-2412-10_v1_M_00199.jpg","37-Cardiff Confererence,1857-1869,LR241210/Images/LR-2412-10_v1_M_00199.jpg",489537,6b15ea712dc190c5944b7ec306238603,6e1e4650642381c3517c22d772240125b9ff828d,,,already-present-matching
membership-image,"resources/source-cds/37-Cardiff Confererence,1857-1869,LR241210/Images/LR-2412-10_v1_M_00200.jpg","37-Cardiff Confererence,1857-1869,LR241210/Images/LR-2412-10_v1_M_00200.jpg",656003,ad8f9a128e33c5a33c593a81c55ddb1a,20b800eee46c84a3049f703df17b1f7df1a4ca11,,,already-present-matching
membership-image,"resources/source-cds/37-Cardiff Confererence,1857-1869,LR241210/Images/LR-2412-10_v1_M_00201.jpg","37-Cardiff Confererence,1857-1869,LR241210/Images/LR-2412-10_v1_M_00201.jpg",490407,629f2617b11990a71c34cc1d4ce9f16a,b9c13e7b601a02e9b906ddb47b75eeda2f7e9cee,,,already-present-matching
membership-image,"resources/source-cds/37-Cardiff Confererence,1857-1869,LR241210/Images/LR-2412-10_v1_M_00202.jpg","37-Cardiff Confererence,1857-1869,LR241210/Images/LR-2412-10_v1_M_00202.jpg",631763,2a2ca996cc8e1846a4c2e29d79ef03f1,05db3c9e4313546615f28da23f7bb934c9ac93da,,,already-present-matching
membership-image,"resources/source-cds/37-Cardiff Confererence,1857-1869,LR241210/Images/LR-2412-10_v1_M_00203.jpg","37-Cardiff Confererence,1857-1869,LR241210/Images/LR-2412-10_v1_M_00203.jpg",580721,dd21d401218b18df99b2ffbf30e0c90c,51f40299ce1d78819dc1c4cae2a4ebf4750ba483,,,already-present-matching
membership-image,"resources/source-cds/37-Cardiff Confererence,1857-1869,LR241210/Images/LR-2412-10_v1_M_00204.jpg","37-Cardiff Confererence,1857-1869,LR241210/Images/LR-2412-10_v1_M_00204.jpg",676554,a808135ad17c09d2d82f12157ec390d8,2a6bd689ddc5b665fd9628966daeaec1899a7d38,,,already-present-matching
membership-image,"resources/source-cds/37-Cardiff Confererence,1857-1869,LR241210/Images/LR-2412-10_v1_M_00205.jpg","37-Cardiff Confererence,1857-1869,LR241210/Images/LR-2412-10_v1_M_00205.jpg",544947,b1f47178533b51578c07a6a9a3503b68,83aa4aca40efb6c65741badc8c87f399ebc989b0,,,already-present-matching
membership-image,"resources/source-cds/37-Cardiff Confererence,1857-1869,LR241210/Images/LR-2412-10_v1_M_00206.jpg","37-Cardiff Confererence,1857-1869,LR241210/Images/LR-2412-10_v1_M_00206.jpg",566501,f6a241482a565fb8ce1baf25782873df,17b02e318b04769ae7942f089f7d32214965ce05,,,already-present-matching
membership-image,"resources/source-cds/37-Cardiff Confererence,1857-1869,LR241210/Images/LR-2412-10_v1_M_00207.jpg","37-Cardiff Confererence,1857-1869,LR241210/Images/LR-2412-10_v1_M_00207.jpg",519497,2c58f9684a9d6fd7528f0c7e06f250a0,64aab2996682e1f69411dddb35319692d3df5ad5,,,already-present-matching
membership-image,"resources/source-cds/37-Cardiff Confererence,1857-1869,LR241210/Images/LR-2412-10_v1_M_00208.jpg","37-Cardiff Confererence,1857-1869,LR241210/Images/LR-2412-10_v1_M_00208.jpg",543992,2e95571d60e4b252be55f318aeb0a419,fe4ea6616b59f3b77e338a34d35b7e99f1aecd2b,,,already-present-matching
membership-image,"resources/source-cds/37-Cardiff Confererence,1857-1869,LR241210/Images/LR-2412-10_v1_M_00209.jpg","37-Cardiff Confererence,1857-1869,LR241210/Images/LR-2412-10_v1_M_00209.jpg",643658,3f1c0e2bc47c56931210b8fb917b7f39,00832b60e02bb5d42e9018d3b891564ef9b194a2,,,already-present-matching
membership-image,"resources/source-cds/37-Cardiff Confererence,1857-1869,LR241210/Images/LR-2412-10_v1_M_00210.jpg","37-Cardiff Confererence,1857-1869,LR241210/Images/LR-2412-10_v1_M_00210.jpg",551189,dff06c28844401e17186fc905c829de4,358aceaf3cd9433798eac202396d4288bc848503,,,already-present-matching
membership-image,"resources/source-cds/37-Cardiff Confererence,1857-1869,LR241210/Images/LR-2412-10_v1_M_00211.jpg","37-Cardiff Confererence,1857-1869,LR241210/Images/LR-2412-10_v1_M_00211.jpg",613318,3315dd7552ec203af12e1cc65db878aa,94d43d9b4c70d8a64c35228cf533027ba3644201,,,already-present-matching
membership-image,"resources/source-cds/37-Cardiff Confererence,1857-1869,LR241210/Images/LR-2412-10_v1_M_00212.jpg","37-Cardiff Confererence,1857-1869,LR241210/Images/LR-2412-10_v1_M_00212.jpg",587897,8f309e3be39e433dbb9ea8ca512cdd35,bc205610822e80e0517104890d0174342b43dbb5,,,already-present-matching
membership-image,"resources/source-cds/37-Cardiff Confererence,1857-1869,LR241210/Images/LR-2412-10_v1_M_00213.jpg","37-Cardiff Confererence,1857-1869,LR241210/Images/LR-2412-10_v1_M_00213.jpg",647859,4f5ecb523c85ded81bafe71fababaaad,b260155f4ebc55cc00793ed5a8515b89b15765ba,,,already-present-matching
membership-image,"resources/source-cds/37-Cardiff Confererence,1857-1869,LR241210/Images/LR-2412-10_v1_M_00214.jpg","37-Cardiff Confererence,1857-1869,LR241210/Images/LR-2412-10_v1_M_00214.jpg",636285,ba082df642fafc47afe5534c9b7f2743,97db1f5ccd2caab4a92a7c7610780d837f5c28f9,,,already-present-matching
membership-image,"resources/source-cds/37-Cardiff Confererence,1857-1869,LR241210/Images/LR-2412-10_v1_M_00215.jpg","37-Cardiff Confererence,1857-1869,LR241210/Images/LR-2412-10_v1_M_00215.jpg",627667,b62eded35042569542eaac22a5749261,92e6b1594037aca6748fce3f414516ac1044ef51,,,already-present-matching
membership-image,"resources/source-cds/37-Cardiff Confererence,1857-1869,LR241210/Images/LR-2412-10_v1_M_00216.jpg","37-Cardiff Confererence,1857-1869,LR241210/Images/LR-2412-10_v1_M_00216.jpg",542893,5905948f54784e858a3b747f49f49a44,3847d31e47d6ce528e55f65c9f04e66a43c66aca,,,already-present-matching
membership-image,"resources/source-cds/37-Cardiff Confererence,1857-1869,LR241210/Images/LR-2412-10_v1_M_00217.jpg","37-Cardiff Confererence,1857-1869,LR241210/Images/LR-2412-10_v1_M_00217.jpg",524139,8a807e3b733264e34b5283777d3c54ec,349db88143b295eb3f1ca3d886e8bfc244d06f68,,,already-present-matching
membership-image,"resources/source-cds/37-Cardiff Confererence,1857-1869,LR241210/Images/LR-2412-10_v1_M_00218.jpg","37-Cardiff Confererence,1857-1869,LR241210/Images/LR-2412-10_v1_M_00218.jpg",564518,d286da06ea1c71c056e529d3f35c900b,2635979ea1235c60972f25832818e493ff454bae,,,already-present-matching
membership-image,"resources/source-cds/37-Cardiff Confererence,1857-1869,LR241210/Images/LR-2412-10_v1_M_00219.jpg","37-Cardiff Confererence,1857-1869,LR241210/Images/LR-2412-10_v1_M_00219.jpg",505112,d8dafc9cf9257c96c2b93d870b0ba97f,bbab059f36446f802e3215dea9c7d63ff443c335,,,already-present-matching
membership-image,"resources/source-cds/37-Cardiff Confererence,1857-1869,LR241210/Images/LR-2412-10_v1_M_00220.jpg","37-Cardiff Confererence,1857-1869,LR241210/Images/LR-2412-10_v1_M_00220.jpg",528512,2bed95eac628c84f079c827674937c23,ee0643adba5b849e3a40a3dffe34388c29529dae,,,already-present-matching
membership-image,"resources/source-cds/37-Cardiff Confererence,1857-1869,LR241210/Images/LR-2412-10_v1_M_00221.jpg","37-Cardiff Confererence,1857-1869,LR241210/Images/LR-2412-10_v1_M_00221.jpg",586529,0ada49f941878913299a435ca10ea4d1,7b84640445c3bbee9017286c0fd376a9dafe3fe4,,,already-present-matching
membership-image,"resources/source-cds/37-Cardiff Confererence,1857-1869,LR241210/Images/LR-2412-10_v1_M_00222.jpg","37-Cardiff Confererence,1857-1869,LR241210/Images/LR-2412-10_v1_M_00222.jpg",540495,38bbf7d6fe01f76a86e1b6ea03da51a3,2dd785c6021d749ede3029372b90d815156bd6bb,,,already-present-matching
membership-image,"resources/source-cds/37-Cardiff Confererence,1857-1869,LR241210/Images/LR-2412-10_v1_M_00223.jpg","37-Cardiff Confererence,1857-1869,LR241210/Images/LR-2412-10_v1_M_00223.jpg",548848,04c54e1fadfed3f447a74f91da010abb,0ff5b2d45979d55f042627e777e2c3924d392dc6,,,already-present-matching
membership-image,"resources/source-cds/37-Cardiff Confererence,1857-1869,LR241210/Images/LR-2412-10_v1_M_00224.jpg","37-Cardiff Confererence,1857-1869,LR241210/Images/LR-2412-10_v1_M_00224.jpg",635867,42a9fc382d9f33081d877c9e28af5505,56a4c545ab8c41b54addd164bcf61e5cc6127c5c,,,already-present-matching
membership-image,"resources/source-cds/37-Cardiff Confererence,1857-1869,LR241210/Images/LR-2412-10_v1_M_00225.jpg","37-Cardiff Confererence,1857-1869,LR241210/Images/LR-2412-10_v1_M_00225.jpg",475319,b34dc1e087978d003660494865526839,d3ae1aeba67a42f87244f3af8dc7edae7f713503,,,already-present-matching
membership-image,"resources/source-cds/37-Cardiff Confererence,1857-1869,LR241210/Images/LR-2412-10_v1_M_00226.jpg","37-Cardiff Confererence,1857-1869,LR241210/Images/LR-2412-10_v1_M_00226.jpg",654287,60d35029f442bece0eb1628fe31538b5,cc8f47580666c3e75b38a872a3ee943419f68a07,,,already-present-matching
membership-image,"resources/source-cds/37-Cardiff Confererence,1857-1869,LR241210/Images/LR-2412-10_v1_M_00227.jpg","37-Cardiff Confererence,1857-1869,LR241210/Images/LR-2412-10_v1_M_00227.jpg",533633,36c1beac5294b695fe72c15bc750b557,6a0951223fd10b4d9a82b997ba1921a81f4d7101,,,already-present-matching
membership-image,"resources/source-cds/37-Cardiff Confererence,1857-1869,LR241210/Images/LR-2412-10_v1_M_00228.jpg","37-Cardiff Confererence,1857-1869,LR241210/Images/LR-2412-10_v1_M_00228.jpg",606322,ca5d4f5fd0e3dc63d21e28f89de95e2b,f72efe6ecc648b13699b4876fd42f9b8881864f3,,,already-present-matching
membership-image,"resources/source-cds/37-Cardiff Confererence,1857-1869,LR241210/Images/LR-2412-10_v1_M_00229.jpg","37-Cardiff Confererence,1857-1869,LR241210/Images/LR-2412-10_v1_M_00229.jpg",590087,a45a2542f88a673856484d7cedddde6b,981ccd58a9eb983d459d589ae7e41e15ba578691,,,already-present-matching
membership-image,"resources/source-cds/37-Cardiff Confererence,1857-1869,LR241210/Images/LR-2412-10_v1_M_00230.jpg","37-Cardiff Confererence,1857-1869,LR241210/Images/LR-2412-10_v1_M_00230.jpg",627882,a407ddefbcaf7c4221817be59d2379c0,5f61f6b004e3aa5a0819614e13324afeeefe0b79,,,already-present-matching
membership-image,"resources/source-cds/37-Cardiff Confererence,1857-1869,LR241210/Images/LR-2412-10_v1_M_00231.jpg","37-Cardiff Confererence,1857-1869,LR241210/Images/LR-2412-10_v1_M_00231.jpg",548915,3525c5c80f2c88f219f0f7836d530a5c,c8665b95e5f869e4ffa03aaea081482072ae8ff5,,,already-present-matching
membership-image,"resources/source-cds/37-Cardiff Confererence,1857-1869,LR241210/Images/LR-2412-10_v1_M_00232.jpg","37-Cardiff Confererence,1857-1869,LR241210/Images/LR-2412-10_v1_M_00232.jpg",631025,c91de09eb2f4d4ad0d84ba4a7d046086,70bec331fb2c7425f10d67b15adb92c5e36aa180,,,already-present-matching
membership-image,"resources/source-cds/37-Cardiff Confererence,1857-1869,LR241210/Images/LR-2412-10_v1_M_00233.jpg","37-Cardiff Confererence,1857-1869,LR241210/Images/LR-2412-10_v1_M_00233.jpg",508007,5d4e01410e50e5d509dbb24216111cce,1b073b0f4f70f52dbfdcef86fe2e9e8cc1accad8,,,already-present-matching
membership-image,"resources/source-cds/37-Cardiff Confererence,1857-1869,LR241210/Images/LR-2412-10_v1_M_00234.jpg","37-Cardiff Confererence,1857-1869,LR241210/Images/LR-2412-10_v1_M_00234.jpg",636167,e10ff6038756a88de6d49eddfae2c763,50c75f39ca17aab86ea48ffc99807e5c27c15ed4,,,already-present-matching
membership-image,"resources/source-cds/37-Cardiff Confererence,1857-1869,LR241210/Images/LR-2412-10_v1_M_00235.jpg","37-Cardiff Confererence,1857-1869,LR241210/Images/LR-2412-10_v1_M_00235.jpg",595049,6ded78d3b4174723bb50ff2fac9bfb97,160f67ee1ed5ef4b9e26ccbdf80f1692e7327350,,,already-present-matching
membership-image,"resources/source-cds/37-Cardiff Confererence,1857-1869,LR241210/Images/LR-2412-10_v1_M_00236.jpg","37-Cardiff Confererence,1857-1869,LR241210/Images/LR-2412-10_v1_M_00236.jpg",612968,c84a79161bd8932347819b62e9efd2f6,4f7b73379b2f3dfc6b78a10347de9463bc85a39d,,,already-present-matching
membership-image,"resources/source-cds/37-Cardiff Confererence,1857-1869,LR241210/Images/LR-2412-10_v1_M_00237.jpg","37-Cardiff Confererence,1857-1869,LR241210/Images/LR-2412-10_v1_M_00237.jpg",525801,8013ea2903cb95c767f2cd96eebfe7b4,f79d4fd44a977d542a4ba4de025ef17af8c8fc2f,,,already-present-matching
membership-image,"resources/source-cds/37-Cardiff Confererence,1857-1869,LR241210/Images/LR-2412-10_v1_M_00238.jpg","37-Cardiff Confererence,1857-1869,LR241210/Images/LR-2412-10_v1_M_00238.jpg",609748,97b21c35ef5e012d929c4ac7368fd51b,33967972f03682cfeebe1216205fb85a89158562,,,already-present-matching
membership-image,"resources/source-cds/37-Cardiff Confererence,1857-1869,LR241210/Images/LR-2412-10_v1_M_00239.jpg","37-Cardiff Confererence,1857-1869,LR241210/Images/LR-2412-10_v1_M_00239.jpg",551583,a91c1ee129158c35941df743a6b09791,6ec690d6ea6a1d1f0f6408e0ca9e97669925b960,,,already-present-matching
membership-image,"resources/source-cds/37-Cardiff Confererence,1857-1869,LR241210/Images/LR-2412-10_v1_M_00240.jpg","37-Cardiff Confererence,1857-1869,LR241210/Images/LR-2412-10_v1_M_00240.jpg",615260,17e63fbefb5d3960d2f4dcf050502726,c98343d73311fa28287f8787fa24cf8ce9ca50d4,,,already-present-matching
membership-image,"resources/source-cds/37-Cardiff Confererence,1857-1869,LR241210/Images/LR-2412-10_v1_M_00241.jpg","37-Cardiff Confererence,1857-1869,LR241210/Images/LR-2412-10_v1_M_00241.jpg",471500,2ebb82ab0be327019077831045866baa,c324dc130cf368e15676e98e00c89bab9fa8fce1,,,already-present-matching
membership-image,"resources/source-cds/37-Cardiff Confererence,1857-1869,LR241210/Images/LR-2412-10_v1_M_00242.jpg","37-Cardiff Confererence,1857-1869,LR241210/Images/LR-2412-10_v1_M_00242.jpg",677506,9a50c345d1b90e766ac8c22651bb83c9,eadbe72121d3b7237cd8ec9d89cd63a81aa1c581,,,already-present-matching
membership-image,"resources/source-cds/37-Cardiff Confererence,1857-1869,LR241210/Images/LR-2412-10_v1_M_00243.jpg","37-Cardiff Confererence,1857-1869,LR241210/Images/LR-2412-10_v1_M_00243.jpg",594709,921f221deb6b3006505bd11ae60fbc80,5ed3fac88bb9ed187ec382e7a7aa73cc34e1960c,,,already-present-matching
membership-image,"resources/source-cds/37-Cardiff Confererence,1857-1869,LR241210/Images/LR-2412-10_v1_M_00244.jpg","37-Cardiff Confererence,1857-1869,LR241210/Images/LR-2412-10_v1_M_00244.jpg",576800,af72e6001e8e78f97aa37ac5f9d07cc2,09e0668a24db46854c4b04584704dcf0cbf5ae08,,,already-present-matching
membership-image,"resources/source-cds/37-Cardiff Confererence,1857-1869,LR241210/Images/LR-2412-10_v1_M_00245.jpg","37-Cardiff Confererence,1857-1869,LR241210/Images/LR-2412-10_v1_M_00245.jpg",458104,b8d57d4380e8537ab5c79e07ad25a890,588aaf2fb6dc9734949399dbac2a52a06b80feae,,,already-present-matching
membership-image,"resources/source-cds/37-Cardiff Confererence,1857-1869,LR241210/Images/LR-2412-10_v1_M_00246.jpg","37-Cardiff Confererence,1857-1869,LR241210/Images/LR-2412-10_v1_M_00246.jpg",637944,f7dc85def474f59475f166c8b816f125,3143d6d4c03b8eecf87e873cc451c11af7867e0a,,,already-present-matching
membership-image,"resources/source-cds/37-Cardiff Confererence,1857-1869,LR241210/Images/LR-2412-10_v1_M_00247.jpg","37-Cardiff Confererence,1857-1869,LR241210/Images/LR-2412-10_v1_M_00247.jpg",572905,1d331d20c711defb8dd5a4910c502956,a34f77a3c62b8ff9f2b259d6b5e435dcfd71f7fd,,,already-present-matching
membership-image,"resources/source-cds/37-Cardiff Confererence,1857-1869,LR241210/Images/LR-2412-10_v1_M_00248.jpg","37-Cardiff Confererence,1857-1869,LR241210/Images/LR-2412-10_v1_M_00248.jpg",636415,e433a8940df075d0e56168a69e40ba54,d4c6c5b1eb5f564a51b401d14deaf52b66dbd0c1,,,already-present-matching
membership-image,"resources/source-cds/37-Cardiff Confererence,1857-1869,LR241210/Images/LR-2412-10_v1_M_00249.jpg","37-Cardiff Confererence,1857-1869,LR241210/Images/LR-2412-10_v1_M_00249.jpg",515999,6377265d119fdfd93ecb424b5270ed98,c3b0d8a65cfe3e7ff661b72c742559cc4860a15b,,,already-present-matching
membership-image,"resources/source-cds/37-Cardiff Confererence,1857-1869,LR241210/Images/LR-2412-10_v1_M_00250.jpg","37-Cardiff Confererence,1857-1869,LR241210/Images/LR-2412-10_v1_M_00250.jpg",714738,cb2e526965d4c7b2ac2183282422bc66,446b2dc3d4c2dacdfe8581a5417e587da08dfec1,,,already-present-matching
membership-image,"resources/source-cds/37-Cardiff Confererence,1857-1869,LR241210/Images/LR-2412-10_v1_M_00251.jpg","37-Cardiff Confererence,1857-1869,LR241210/Images/LR-2412-10_v1_M_00251.jpg",667440,3c3e87481aad197c4dc41d35e05d4422,b83bfcdf5f0a51616f48c3f71c0c7aca41d3f194,,,already-present-matching
membership-image,"resources/source-cds/37-Cardiff Confererence,1857-1869,LR241210/Images/LR-2412-10_v1_M_00252.jpg","37-Cardiff Confererence,1857-1869,LR241210/Images/LR-2412-10_v1_M_00252.jpg",630496,5636230f25df5686830f97e1156adabc,99cbb8ce4d3718455861240744097f7a0093e952,,,already-present-matching
membership-image,"resources/source-cds/37-Cardiff Confererence,1857-1869,LR241210/Images/LR-2412-10_v1_M_00253.jpg","37-Cardiff Confererence,1857-1869,LR241210/Images/LR-2412-10_v1_M_00253.jpg",577326,22ce2cfd48de0c9ef1cdd95641be6db3,eb1903e6cd64702c0938b360f8e48b4f9af8040d,,,already-present-matching
membership-image,"resources/source-cds/37-Cardiff Confererence,1857-1869,LR241210/Images/LR-2412-10_v1_M_00254.jpg","37-Cardiff Confererence,1857-1869,LR241210/Images/LR-2412-10_v1_M_00254.jpg",701641,6f2d000adf72a7073d51856d2f979993,5ac05f4f662b0f23d03c0b9e426b20cbb7d60d47,,,already-present-matching
membership-image,"resources/source-cds/37-Cardiff Confererence,1857-1869,LR241210/Images/LR-2412-10_v1_M_00255.jpg","37-Cardiff Confererence,1857-1869,LR241210/Images/LR-2412-10_v1_M_00255.jpg",614851,82bb20b751ac6477e6d84f51a487ba70,b1128e46f9be9c1098e46034fad93ca736ddb9a9,,,already-present-matching
membership-image,"resources/source-cds/37-Cardiff Confererence,1857-1869,LR241210/Images/LR-2412-10_v1_M_00256.jpg","37-Cardiff Confererence,1857-1869,LR241210/Images/LR-2412-10_v1_M_00256.jpg",646019,ef0afe8595329a8c7e750b0183925cf4,4c0fee0b40de0f7297ef4f6791cdcfda9d820ee9,,,already-present-matching
membership-image,"resources/source-cds/37-Cardiff Confererence,1857-1869,LR241210/Images/LR-2412-10_v1_M_00257.jpg","37-Cardiff Confererence,1857-1869,LR241210/Images/LR-2412-10_v1_M_00257.jpg",616451,9f8f73f67e67b0147d63f1095c94579d,acdad723aaea8379795b57259a05d5d6a8b24d61,,,already-present-matching
membership-image,"resources/source-cds/37-Cardiff Confererence,1857-1869,LR241210/Images/LR-2412-10_v1_M_00258.jpg","37-Cardiff Confererence,1857-1869,LR241210/Images/LR-2412-10_v1_M_00258.jpg",676610,673bae3b39d7da16419d50d4a9aeca2c,e76f8e2f2aa560c43beac0b60e73bb2d0478dd8f,,,already-present-matching
membership-image,"resources/source-cds/37-Cardiff Confererence,1857-1869,LR241210/Images/LR-2412-10_v1_M_00259.jpg","37-Cardiff Confererence,1857-1869,LR241210/Images/LR-2412-10_v1_M_00259.jpg",611545,54e1024811d0c6769d0a5d357d97fb5e,a32c2722804b8605272b7802e1976363a58a2411,,,already-present-matching
membership-image,"resources/source-cds/37-Cardiff Confererence,1857-1869,LR241210/Images/LR-2412-10_v1_M_00260.jpg","37-Cardiff Confererence,1857-1869,LR241210/Images/LR-2412-10_v1_M_00260.jpg",628056,a5b4159adb5806f34c6b3acab8361e7f,2bd757075f1c4782e7b0d08700f6eda19ae5e010,,,already-present-matching
membership-image,"resources/source-cds/37-Cardiff Confererence,1857-1869,LR241210/Images/LR-2412-10_v1_M_00261.jpg","37-Cardiff Confererence,1857-1869,LR241210/Images/LR-2412-10_v1_M_00261.jpg",617212,786c28d6cac67a36c12c7118f1127c73,4f218eda67b1c484045098b126dbe8e546465def,,,already-present-matching
membership-image,"resources/source-cds/37-Cardiff Confererence,1857-1869,LR241210/Images/LR-2412-10_v1_M_00262.jpg","37-Cardiff Confererence,1857-1869,LR241210/Images/LR-2412-10_v1_M_00262.jpg",617482,67b90b5aabe28bc8e2ec8900cd868bb5,78b5b4ce5969db724aa5b954595ce799fe455d8e,,,already-present-matching
membership-image,"resources/source-cds/37-Cardiff Confererence,1857-1869,LR241210/Images/LR-2412-10_v1_M_00263.jpg","37-Cardiff Confererence,1857-1869,LR241210/Images/LR-2412-10_v1_M_00263.jpg",621095,dd216f8754413af86f698cbd98e6913a,e2ab1974a4a46fb137ec1010033b39337fe9e5a1,,,already-present-matching
membership-image,"resources/source-cds/37-Cardiff Confererence,1857-1869,LR241210/Images/LR-2412-10_v1_M_00264.jpg","37-Cardiff Confererence,1857-1869,LR241210/Images/LR-2412-10_v1_M_00264.jpg",586060,2adaac720a316b820a74d552acb35013,5bb1c0fe1e285877377d3e43526c7e5bef46e578,,,already-present-matching
membership-image,"resources/source-cds/37-Cardiff Confererence,1857-1869,LR241210/Images/LR-2412-10_v1_M_00265.jpg","37-Cardiff Confererence,1857-1869,LR241210/Images/LR-2412-10_v1_M_00265.jpg",586473,a0368b0780d18d0acd0c69361e388f51,3185a6afcf430928488530d42e04843e19bf1e43,,,already-present-matching
membership-image,"resources/source-cds/37-Cardiff Confererence,1857-1869,LR241210/Images/LR-2412-10_v1_M_00266.jpg","37-Cardiff Confererence,1857-1869,LR241210/Images/LR-2412-10_v1_M_00266.jpg",562581,ce4853f499b573bc9ed47ce4b411e6a4,53e16c01d55cba1b3e0b71f40552f2aa70fde87d,,,already-present-matching
membership-image,"resources/source-cds/37-Cardiff Confererence,1857-1869,LR241210/Images/LR-2412-10_v1_M_00267.jpg","37-Cardiff Confererence,1857-1869,LR241210/Images/LR-2412-10_v1_M_00267.jpg",534257,f75eede1d395827d58d1ec5848d2b5b5,8597f6b2df7e11667aea343b96f006c824ad00eb,,,already-present-matching
membership-image,"resources/source-cds/37-Cardiff Confererence,1857-1869,LR241210/Images/LR-2412-10_v1_M_00268.jpg","37-Cardiff Confererence,1857-1869,LR241210/Images/LR-2412-10_v1_M_00268.jpg",595967,d67aa6648c160861cb6b68c0603969a5,9a81e6ce48bbd1d179c0dfb598766b26006a5349,,,already-present-matching
membership-image,"resources/source-cds/37-Cardiff Confererence,1857-1869,LR241210/Images/LR-2412-10_v1_M_00269.jpg","37-Cardiff Confererence,1857-1869,LR241210/Images/LR-2412-10_v1_M_00269.jpg",504303,d7fc1779756a8d43ba39b803942c9ba2,02d1f9771c4d6cdf9940e319328838c39d3c70c5,,,already-present-matching
membership-image,"resources/source-cds/37-Cardiff Confererence,1857-1869,LR241210/Images/LR-2412-10_v1_M_00270.jpg","37-Cardiff Confererence,1857-1869,LR241210/Images/LR-2412-10_v1_M_00270.jpg",580280,a4e0bf5783ff4cb2832087ba8e52629f,6e3854ac4a83c9a233cfc988f313c62846455aa1,,,already-present-matching
membership-image,"resources/source-cds/37-Cardiff Confererence,1857-1869,LR241210/Images/LR-2412-10_v1_M_00271.jpg","37-Cardiff Confererence,1857-1869,LR241210/Images/LR-2412-10_v1_M_00271.jpg",542563,f86633f94c31b33a7ce1774f79681d80,e9d2716ec026d49878d7ea0f8bcdf1b688e811b0,,,already-present-matching
membership-image,"resources/source-cds/37-Cardiff Confererence,1857-1869,LR241210/Images/LR-2412-10_v1_M_00272.jpg","37-Cardiff Confererence,1857-1869,LR241210/Images/LR-2412-10_v1_M_00272.jpg",577304,07233eaa047b2e3dc65bdcc1c1614372,c16249860b27d77c0905a38be29d76bf0c3818da,,,already-present-matching
membership-image,"resources/source-cds/37-Cardiff Confererence,1857-1869,LR241210/Images/LR-2412-10_v1_M_00273.jpg","37-Cardiff Confererence,1857-1869,LR241210/Images/LR-2412-10_v1_M_00273.jpg",534191,d3840e41f44bc58c918b4e4d996413a9,e4427d2500879ace9ffc922ec4cd6b4575d1b8d0,,,already-present-matching
membership-image,"resources/source-cds/37-Cardiff Confererence,1857-1869,LR241210/Images/LR-2412-10_v1_M_00274.jpg","37-Cardiff Confererence,1857-1869,LR241210/Images/LR-2412-10_v1_M_00274.jpg",618526,9467666112a15c20c154a0ada9240f62,cda63f2ff23d9d1fdf6563ec2875128518a5f25c,,,already-present-matching
membership-image,"resources/source-cds/37-Cardiff Confererence,1857-1869,LR241210/Images/LR-2412-10_v1_M_00275.jpg","37-Cardiff Confererence,1857-1869,LR241210/Images/LR-2412-10_v1_M_00275.jpg",523450,e3ff85ed6c0ffb53b02b7c2de712454d,5ecc1e754f6de845c35eca9a464ff4031e72b6b3,,,already-present-matching
membership-image,"resources/source-cds/37-Cardiff Confererence,1857-1869,LR241210/Images/LR-2412-10_v1_M_00276.jpg","37-Cardiff Confererence,1857-1869,LR241210/Images/LR-2412-10_v1_M_00276.jpg",602438,6609d5cfd496668fb009c831a7344d1d,229a4f2ebce8a67789730f919a3428c5f27b7b44,,,already-present-matching
membership-image,"resources/source-cds/37-Cardiff Confererence,1857-1869,LR241210/Images/LR-2412-10_v1_M_00277.jpg","37-Cardiff Confererence,1857-1869,LR241210/Images/LR-2412-10_v1_M_00277.jpg",464919,75e425116652c6c7be5a86449f67d6ea,58bca723e58846c66cf1ae6cdcccaa91371caaa3,,,already-present-matching
membership-image,"resources/source-cds/37-Cardiff Confererence,1857-1869,LR241210/Images/LR-2412-10_v1_M_00278.jpg","37-Cardiff Confererence,1857-1869,LR241210/Images/LR-2412-10_v1_M_00278.jpg",489338,3b4473c43bb8cc6f60cd9ea52ab542cb,838d33a32c2610d4afef0d17c78f1ac3a4e5ae45,,,already-present-matching
membership-image,"resources/source-cds/37-Cardiff Confererence,1857-1869,LR241210/Images/LR-2412-10_v1_M_00279.jpg","37-Cardiff Confererence,1857-1869,LR241210/Images/LR-2412-10_v1_M_00279.jpg",516390,9e941b96726e428e306edb2f3bf238b0,ec54958d992a994664459e5f16330aa1c39d7fd3,,,already-present-matching
membership-image,"resources/source-cds/37-Cardiff Confererence,1857-1869,LR241210/Images/LR-2412-10_v1_M_00280.jpg","37-Cardiff Confererence,1857-1869,LR241210/Images/LR-2412-10_v1_M_00280.jpg",613716,76e6387bd8e2fa76cb47488fc697f12c,6514943f4b255e915f94b8c2452ce78e0a523e8f,,,already-present-matching
membership-image,"resources/source-cds/37-Cardiff Confererence,1857-1869,LR241210/Images/LR-2412-10_v1_M_00281.jpg","37-Cardiff Confererence,1857-1869,LR241210/Images/LR-2412-10_v1_M_00281.jpg",505152,1ee2df5e7c51c9343782cefd62ede77d,edd762b9fcf1ed926b9ea29d8e47a6a89b3bd88a,,,already-present-matching
membership-image,"resources/source-cds/37-Cardiff Confererence,1857-1869,LR241210/Images/LR-2412-10_v1_M_00282.jpg","37-Cardiff Confererence,1857-1869,LR241210/Images/LR-2412-10_v1_M_00282.jpg",606225,5d8c7cc736ac19d1435d94ab88d583b4,c95d972b3d0b47ff0caa5fb125b57467e2f58cd0,,,already-present-matching
membership-image,"resources/source-cds/37-Cardiff Confererence,1857-1869,LR241210/Images/LR-2412-10_v1_M_00283.jpg","37-Cardiff Confererence,1857-1869,LR241210/Images/LR-2412-10_v1_M_00283.jpg",588042,f41c8d724b025e9b048cedf2141f21ae,147070b05eba27879db5ba2299d846f86845493d,,,already-present-matching
membership-image,"resources/source-cds/37-Cardiff Confererence,1857-1869,LR241210/Images/LR-2412-10_v1_M_00284.jpg","37-Cardiff Confererence,1857-1869,LR241210/Images/LR-2412-10_v1_M_00284.jpg",608582,77c7bd7723ea4fe956ac55888e779e97,9ed1cb44345bca3520e5daf5e0c0d78eb55f2699,,,already-present-matching
membership-image,"resources/source-cds/37-Cardiff Confererence,1857-1869,LR241210/Images/LR-2412-10_v1_M_00285.jpg","37-Cardiff Confererence,1857-1869,LR241210/Images/LR-2412-10_v1_M_00285.jpg",496702,2da902333568217906c806134390b6b7,ef1bdd54444372ff752e5533085ad8a19993dac5,,,already-present-matching
membership-image,"resources/source-cds/37-Cardiff Confererence,1857-1869,LR241210/Images/LR-2412-10_v1_M_00286.jpg","37-Cardiff Confererence,1857-1869,LR241210/Images/LR-2412-10_v1_M_00286.jpg",594565,ed1822aa8de18382cc377cdc67056362,19942556a7b1c6249852cb9f0748bc7d9b16ca63,,,already-present-matching
membership-image,"resources/source-cds/37-Cardiff Confererence,1857-1869,LR241210/Images/LR-2412-10_v1_M_00287.jpg","37-Cardiff Confererence,1857-1869,LR241210/Images/LR-2412-10_v1_M_00287.jpg",579683,09bed1699379a3c4e7e3ebfbb3be9604,626f31d345dcd17ab2d557f126df2a788dd0ec54,,,already-present-matching
membership-image,"resources/source-cds/37-Cardiff Confererence,1857-1869,LR241210/Images/LR-2412-10_v1_M_00288.jpg","37-Cardiff Confererence,1857-1869,LR241210/Images/LR-2412-10_v1_M_00288.jpg",590395,f515cafe635cefc6c5b96bc0084c418e,fa78c55bd8d0207726c438e24a89a7ffa5a82646,,,already-present-matching
membership-image,"resources/source-cds/37-Cardiff Confererence,1857-1869,LR241210/Images/LR-2412-10_v1_M_00289.jpg","37-Cardiff Confererence,1857-1869,LR241210/Images/LR-2412-10_v1_M_00289.jpg",500007,ffc26d57288cd94bc8640811294e5cab,bf803d4859bfddb6735a3c66a00937f95b64c45c,,,already-present-matching
membership-image,"resources/source-cds/37-Cardiff Confererence,1857-1869,LR241210/Images/LR-2412-10_v1_M_00290.jpg","37-Cardiff Confererence,1857-1869,LR241210/Images/LR-2412-10_v1_M_00290.jpg",574404,f8027643e17d063bd5e73dd865952fcd,a1cef43e45f77e3a82089b6f1968388bd4fd6895,,,already-present-matching
membership-image,"resources/source-cds/37-Cardiff Confererence,1857-1869,LR241210/Images/LR-2412-10_v1_M_00291.jpg","37-Cardiff Confererence,1857-1869,LR241210/Images/LR-2412-10_v1_M_00291.jpg",567833,3eccdb3e293cad9a1212a1a382429e59,a8579c8ab4beaa3c538940bef9e9dd9b7fbe1cd3,,,already-present-matching
membership-image,"resources/source-cds/37-Cardiff Confererence,1857-1869,LR241210/Images/LR-2412-10_v1_M_00292.jpg","37-Cardiff Confererence,1857-1869,LR241210/Images/LR-2412-10_v1_M_00292.jpg",591869,150bc62c3908bfa0862454f9cbff4196,17ac57b752c143915085d02e6521a635d2a1df4b,,,already-present-matching
membership-image,"resources/source-cds/37-Cardiff Confererence,1857-1869,LR241210/Images/LR-2412-10_v1_M_00293.jpg","37-Cardiff Confererence,1857-1869,LR241210/Images/LR-2412-10_v1_M_00293.jpg",570147,29a215bc1711ca9a63400ed82ef3a06d,c26fbf8e238e93808f216d950c1579656d6ff561,,,already-present-matching
membership-image,"resources/source-cds/37-Cardiff Confererence,1857-1869,LR241210/Images/LR-2412-10_v1_M_00294.jpg","37-Cardiff Confererence,1857-1869,LR241210/Images/LR-2412-10_v1_M_00294.jpg",564082,6ede1f6b7a1499be6522e81e8316e671,c967a5ea54f556fbf93eeb7aaf92ada3c9b5625a,,,already-present-matching
membership-image,"resources/source-cds/37-Cardiff Confererence,1857-1869,LR241210/Images/LR-2412-10_v1_M_00295.jpg","37-Cardiff Confererence,1857-1869,LR241210/Images/LR-2412-10_v1_M_00295.jpg",611665,7b95ba135112936b9b6e8a93fa38d783,1c178c5a5efe7875069bf46cb049ae81b2beff33,,,already-present-matching
membership-image,"resources/source-cds/37-Cardiff Confererence,1857-1869,LR241210/Images/LR-2412-10_v1_M_00296.jpg","37-Cardiff Confererence,1857-1869,LR241210/Images/LR-2412-10_v1_M_00296.jpg",590482,e75ff7a41f24d3b1be0daee2d6c7d4d8,dbcb3c226ebb128ffda69dab28890b2782107f9a,,,already-present-matching
membership-image,"resources/source-cds/37-Cardiff Confererence,1857-1869,LR241210/Images/LR-2412-10_v1_M_00297.jpg","37-Cardiff Confererence,1857-1869,LR241210/Images/LR-2412-10_v1_M_00297.jpg",506026,53074354810cea2680f4b4fff21258b7,29fdbcde5a68b7aad0a8fc9a5056b61eba17dc94,,,already-present-matching
membership-image,"resources/source-cds/37-Cardiff Confererence,1857-1869,LR241210/Images/LR-2412-10_v1_M_00298.jpg","37-Cardiff Confererence,1857-1869,LR241210/Images/LR-2412-10_v1_M_00298.jpg",549929,0b9ed05db43e26051d74226dfdc72a9c,3d3676c3ab2542bec88fb29466b8d018617064a4,,,already-present-matching
membership-image,"resources/source-cds/37-Cardiff Confererence,1857-1869,LR241210/Images/LR-2412-10_v1_M_00299.jpg","37-Cardiff Confererence,1857-1869,LR241210/Images/LR-2412-10_v1_M_00299.jpg",545374,47d4b8d50b7e8cb0554e5f81374b9c0b,9323322fef756373a4a8925a06c3e56f6afe2946,,,already-present-matching
membership-image,"resources/source-cds/37-Cardiff Confererence,1857-1869,LR241210/Images/LR-2412-10_v1_M_00300.jpg","37-Cardiff Confererence,1857-1869,LR241210/Images/LR-2412-10_v1_M_00300.jpg",576361,0cbffa33a50dcea282a9a4d0742582a9,7ed9f2dbf55687677abb5441b4b332f4a56c6aa0,,,already-present-matching
membership-image,"resources/source-cds/37-Cardiff Confererence,1857-1869,LR241210/Images/LR-2412-10_v1_M_00301.jpg","37-Cardiff Confererence,1857-1869,LR241210/Images/LR-2412-10_v1_M_00301.jpg",545765,0691ecfe5f334501964367605bf310a4,e77080c5640e0fcb4b8d4a3ed4d5efe11ac195f1,,,already-present-matching
membership-image,"resources/source-cds/37-Cardiff Confererence,1857-1869,LR241210/Images/LR-2412-10_v1_M_00302.jpg","37-Cardiff Confererence,1857-1869,LR241210/Images/LR-2412-10_v1_M_00302.jpg",603400,5ed65e90bfe5daad1f5662d69726a667,08027375f787cbd2a248f4cd287e58db5ce07812,,,already-present-matching
membership-image,"resources/source-cds/37-Cardiff Confererence,1857-1869,LR241210/Images/LR-2412-10_v1_M_00303.jpg","37-Cardiff Confererence,1857-1869,LR241210/Images/LR-2412-10_v1_M_00303.jpg",586752,c0dad2a4df6c55784923b61ef0fb45a9,a92e3b17ecde76cf651598b59297a2ad746f82e6,,,already-present-matching
membership-image,"resources/source-cds/37-Cardiff Confererence,1857-1869,LR241210/Images/LR-2412-10_v1_M_00304.jpg","37-Cardiff Confererence,1857-1869,LR241210/Images/LR-2412-10_v1_M_00304.jpg",786432,2cc6e0c1fd51aebf0076d2a1789a81c0,c92af1acce7eab97f350963dc2aa37b23125ddd6,,,already-present-matching
membership-image,"resources/source-cds/37-Cardiff Confererence,1857-1869,LR241210/Images/LR-2412-10_v1_M_00305.jpg","37-Cardiff Confererence,1857-1869,LR241210/Images/LR-2412-10_v1_M_00305.jpg",533445,b5e662a24ec955a2eb3f38c892150f04,81c9c1274266584ff9267c62ee706059e01b359f,,,already-present-matching
membership-image,"resources/source-cds/37-Cardiff Confererence,1857-1869,LR241210/Images/LR-2412-10_v1_M_00306.jpg","37-Cardiff Confererence,1857-1869,LR241210/Images/LR-2412-10_v1_M_00306.jpg",577543,762e2b1a27442d85870b1a7149b5621c,b6fd0ff05a44ce3860c07222540d2ca74b032153,,,already-present-matching
membership-image,"resources/source-cds/37-Cardiff Confererence,1857-1869,LR241210/Images/LR-2412-10_v1_M_00307.jpg","37-Cardiff Confererence,1857-1869,LR241210/Images/LR-2412-10_v1_M_00307.jpg",567349,35d408d4fb28753239dd5a7ea1dc69bb,44c96cc8011f73870a1262e90bfddc5b3e6e7678,,,already-present-matching
membership-image,"resources/source-cds/37-Cardiff Confererence,1857-1869,LR241210/Images/LR-2412-10_v1_M_00308.jpg","37-Cardiff Confererence,1857-1869,LR241210/Images/LR-2412-10_v1_M_00308.jpg",463512,4b24b9232a69cf8b87a045c62ee78543,2c4340a6be8ceeea1a3666416a47bd55672801ab,,,already-present-matching
membership-image,"resources/source-cds/37-Cardiff Confererence,1857-1869,LR241210/Images/LR-2412-10_v1_M_00309.jpg","37-Cardiff Confererence,1857-1869,LR241210/Images/LR-2412-10_v1_M_00309.jpg",404862,805200e760ef50148a0e332a37af5478,b3548b72235910b8aef08deeb0482dd4bd88e514,,,already-present-matching
membership-image,"resources/source-cds/37-Cardiff Confererence,1857-1869,LR241210/Images/LR-2412-10_v1_M_00310.jpg","37-Cardiff Confererence,1857-1869,LR241210/Images/LR-2412-10_v1_M_00310.jpg",560177,7e1be0fc7f86c645d5045e6073ad2533,f5d6b013b153196d9d3fc166c73775d9d99785bd,,,already-present-matching
membership-image,"resources/source-cds/37-Cardiff Confererence,1857-1869,LR241210/Images/LR-2412-10_v1_M_00311.jpg","37-Cardiff Confererence,1857-1869,LR241210/Images/LR-2412-10_v1_M_00311.jpg",526817,8b9db15af94571ca82825530838d9fa1,be86d9e241b65128365ad540d431204965cdd9a7,,,already-present-matching
membership-image,"resources/source-cds/37-Cardiff Confererence,1857-1869,LR241210/Images/LR-2412-10_v1_M_00312.jpg","37-Cardiff Confererence,1857-1869,LR241210/Images/LR-2412-10_v1_M_00312.jpg",475437,f6a122fad8b749f60fa3a12e1093cb73,f532a98aebfcf4c5358c1d5643150a9c8a0346c1,,,already-present-matching
membership-image,"resources/source-cds/37-Cardiff Confererence,1857-1869,LR241210/Images/LR-2412-10_v1_M_00313.jpg","37-Cardiff Confererence,1857-1869,LR241210/Images/LR-2412-10_v1_M_00313.jpg",431900,d52c75334184dc06c7bb109380ec5a51,78a8df4dcea8b1b07d6de3d991cfabbc6462203a,,,already-present-matching
membership-image,"resources/source-cds/37-Cardiff Confererence,1857-1869,LR241210/Images/LR-2412-10_v1_M_00314.jpg","37-Cardiff Confererence,1857-1869,LR241210/Images/LR-2412-10_v1_M_00314.jpg",602176,e1c34cd1b24cf9005f10525cdf7262db,9918a8ff3eed6ca0c337211776d857c5faa59409,,,already-present-matching
membership-image,"resources/source-cds/37-Cardiff Confererence,1857-1869,LR241210/Images/LR-2412-10_v1_M_00315.jpg","37-Cardiff Confererence,1857-1869,LR241210/Images/LR-2412-10_v1_M_00315.jpg",517661,087324df29a0349fc36e0c9dd6bb4f72,99e81c02acafd6a61462e492d1bc562a164ee93c,,,already-present-matching
membership-image,"resources/source-cds/37-Cardiff Confererence,1857-1869,LR241210/Images/LR-2412-10_v1_M_00316.jpg","37-Cardiff Confererence,1857-1869,LR241210/Images/LR-2412-10_v1_M_00316.jpg",548979,fb268b6fd1f84384cbce3ebad164e0bd,18c3218811c8350ce7d905dbe0df4cfa27a3790a,,,already-present-matching
membership-image,"resources/source-cds/37-Cardiff Confererence,1857-1869,LR241210/Images/LR-2412-10_v1_M_00317.jpg","37-Cardiff Confererence,1857-1869,LR241210/Images/LR-2412-10_v1_M_00317.jpg",581274,47792f563e1741e9851038d51bde24f2,ca4135f8f4f795ac6dc4cb361456881fd3b17d92,,,already-present-matching
membership-image,"resources/source-cds/37-Cardiff Confererence,1857-1869,LR241210/Images/LR-2412-10_v1_M_00318.jpg","37-Cardiff Confererence,1857-1869,LR241210/Images/LR-2412-10_v1_M_00318.jpg",580707,4fe775fd07cffc51f079204abfbdb544,34f8739c51681deb662b5ff375977a1b2a3e41b8,,,already-present-matching
membership-image,"resources/source-cds/37-Cardiff Confererence,1857-1869,LR241210/Images/LR-2412-10_v1_M_00319.jpg","37-Cardiff Confererence,1857-1869,LR241210/Images/LR-2412-10_v1_M_00319.jpg",558948,86f11f79e3784762dfe9355d2ef81697,21536c757ce0f0c579a2580ec965188374ffd5fc,,,already-present-matching
membership-image,"resources/source-cds/37-Cardiff Confererence,1857-1869,LR241210/Images/LR-2412-10_v1_M_00320.jpg","37-Cardiff Confererence,1857-1869,LR241210/Images/LR-2412-10_v1_M_00320.jpg",571233,41018c2380a230423882f8b1336db582,aa9b86f60a5366ebd943f1c97e8aa9481530e837,,,already-present-matching
membership-image,"resources/source-cds/37-Cardiff Confererence,1857-1869,LR241210/Images/LR-2412-10_v1_M_00321.jpg","37-Cardiff Confererence,1857-1869,LR241210/Images/LR-2412-10_v1_M_00321.jpg",530648,c5bfa61462330b23d444718b83a5c28e,d7d8c04e877d3f0187f59d820d47eda17551a011,,,already-present-matching
membership-image,"resources/source-cds/37-Cardiff Confererence,1857-1869,LR241210/Images/LR-2412-10_v1_M_00322.jpg","37-Cardiff Confererence,1857-1869,LR241210/Images/LR-2412-10_v1_M_00322.jpg",538363,1e96261afc228d7f542c270dd000528d,f54bcc21cb217bd3f6b926dbe6f67d23b30cada4,,,already-present-matching
membership-image,"resources/source-cds/37-Cardiff Confererence,1857-1869,LR241210/Images/LR-2412-10_v1_M_00323.jpg","37-Cardiff Confererence,1857-1869,LR241210/Images/LR-2412-10_v1_M_00323.jpg",552066,33a35ff584795d8edadf4ec4b8f04a6f,e7854c07ef48add685acb804fe234af3369a6541,,,already-present-matching
membership-image,"resources/source-cds/37-Cardiff Confererence,1857-1869,LR241210/Images/LR-2412-10_v1_M_00324.jpg","37-Cardiff Confererence,1857-1869,LR241210/Images/LR-2412-10_v1_M_00324.jpg",586623,c68f1f16d0d6fbc413f57206a5a42804,c4fc524519e4a7d6d2a07e40f341a9b05d189788,,,already-present-matching
membership-image,"resources/source-cds/37-Cardiff Confererence,1857-1869,LR241210/Images/LR-2412-10_v1_M_00325.jpg","37-Cardiff Confererence,1857-1869,LR241210/Images/LR-2412-10_v1_M_00325.jpg",556980,45ff522838d759917e7e67d67562e66c,f4b7f54530811cd5beb6965ed611f5f5b8d9cfef,,,already-present-matching
membership-image,"resources/source-cds/37-Cardiff Confererence,1857-1869,LR241210/Images/LR-2412-10_v1_M_00326.jpg","37-Cardiff Confererence,1857-1869,LR241210/Images/LR-2412-10_v1_M_00326.jpg",554630,728b70476b23628683bf532405b3b188,33964fc857df385e81e1087e3e2f6fbe8fb2f083,,,already-present-matching
membership-image,"resources/source-cds/37-Cardiff Confererence,1857-1869,LR241210/Images/LR-2412-10_v1_M_00327.jpg","37-Cardiff Confererence,1857-1869,LR241210/Images/LR-2412-10_v1_M_00327.jpg",543648,cfb1929c197513d1ab2843364aad8d0d,f6d8a0e9048d55cb8951fe21d4628fc9d4b220ec,,,already-present-matching
membership-image,"resources/source-cds/37-Cardiff Confererence,1857-1869,LR241210/Images/LR-2412-10_v1_M_00328.jpg","37-Cardiff Confererence,1857-1869,LR241210/Images/LR-2412-10_v1_M_00328.jpg",520619,fdfebe0098301eb83438d435ac2046bd,7a62867bbaa65ba1a3090ab89d4f81ba57a1f6ab,,,already-present-matching
membership-image,"resources/source-cds/37-Cardiff Confererence,1857-1869,LR241210/Images/LR-2412-10_v1_M_00329.jpg","37-Cardiff Confererence,1857-1869,LR241210/Images/LR-2412-10_v1_M_00329.jpg",496988,28ac13bebe5baf397f79eb683395fb46,f9772ecde39664d814ff7208dc5b0f03bd8e99aa,,,already-present-matching
membership-image,"resources/source-cds/37-Cardiff Confererence,1857-1869,LR241210/Images/LR-2412-10_v1_M_00330.jpg","37-Cardiff Confererence,1857-1869,LR241210/Images/LR-2412-10_v1_M_00330.jpg",526324,9b7f27677d7a5c678d491730cdfdc56f,559a861b1ca3dd363f0d7c71bf97fa57c291e008,,,already-present-matching
membership-image,"resources/source-cds/37-Cardiff Confererence,1857-1869,LR241210/Images/LR-2412-10_v1_M_00331.jpg","37-Cardiff Confererence,1857-1869,LR241210/Images/LR-2412-10_v1_M_00331.jpg",487237,0b635c904d4b8cd9559f00f6e114d5f6,df7f3868d186a5df488d092a7a1a8be6722f9681,,,already-present-matching
membership-image,"resources/source-cds/37-Cardiff Confererence,1857-1869,LR241210/Images/LR-2412-10_v1_M_00332.jpg","37-Cardiff Confererence,1857-1869,LR241210/Images/LR-2412-10_v1_M_00332.jpg",550998,85af3efd4358c95f708d8f8b2f51bbcc,8b0dca6c1242f23608eff25104024eb51363ca44,,,already-present-matching
membership-image,"resources/source-cds/37-Cardiff Confererence,1857-1869,LR241210/Images/LR-2412-10_v1_M_00333.jpg","37-Cardiff Confererence,1857-1869,LR241210/Images/LR-2412-10_v1_M_00333.jpg",224036,9fadc5ce6030a67606e408db00ba1b31,117e776802fab1facada2b36d39d69d78fce628c,,,already-present-matching
membership-image,"resources/source-cds/37-Cardiff Confererence,1857-1869,LR241210/Images/LR-2412-10_v1_M_00334.jpg","37-Cardiff Confererence,1857-1869,LR241210/Images/LR-2412-10_v1_M_00334.jpg",564767,c67cc6062c0bdf3e326622e360d7c676,5a0c0e6c1c4cb54033f84d85387efd273df994f4,,,already-present-matching
membership-image,"resources/source-cds/37-Cardiff Confererence,1857-1869,LR241210/Images/LR-2412-10_v1_M_00335.jpg","37-Cardiff Confererence,1857-1869,LR241210/Images/LR-2412-10_v1_M_00335.jpg",492838,d2b9afebde817213e778b93e49d94e59,8167a95f92b0674472065503903a305d5882af29,,,already-present-matching
membership-image,"resources/source-cds/37-Cardiff Confererence,1857-1869,LR241210/Images/LR-2412-10_v1_M_00336.jpg","37-Cardiff Confererence,1857-1869,LR241210/Images/LR-2412-10_v1_M_00336.jpg",583912,a0a8d42c266284d59912c83db6a5f72f,da2963c522bd093c9f52e79ffa2dd42adfce377a,,,already-present-matching
membership-image,"resources/source-cds/37-Cardiff Confererence,1857-1869,LR241210/Images/LR-2412-10_v1_M_00337.jpg","37-Cardiff Confererence,1857-1869,LR241210/Images/LR-2412-10_v1_M_00337.jpg",546390,d7feea1359062dbcbe80e022e2d888b0,05afc6ba4568b6abcfe6359d09cc380f6818d0ac,,,already-present-matching
membership-image,"resources/source-cds/37-Cardiff Confererence,1857-1869,LR241210/Images/LR-2412-10_v1_M_00338.jpg","37-Cardiff Confererence,1857-1869,LR241210/Images/LR-2412-10_v1_M_00338.jpg",570283,fe0bbe08f4513b6e34a4c0a7987a94b2,94cfa552a10e3f065aaddff755b1c894e1114a91,,,already-present-matching
membership-image,"resources/source-cds/37-Cardiff Confererence,1857-1869,LR241210/Images/LR-2412-10_v1_M_00339.jpg","37-Cardiff Confererence,1857-1869,LR241210/Images/LR-2412-10_v1_M_00339.jpg",556286,0a990cb66335284bc6f051b7f78cac6d,a05838a54b84877e1ce2a9bfa60fb523cf9721b8,,,already-present-matching
membership-image,"resources/source-cds/37-Cardiff Confererence,1857-1869,LR241210/Images/LR-2412-10_v1_M_00340.jpg","37-Cardiff Confererence,1857-1869,LR241210/Images/LR-2412-10_v1_M_00340.jpg",583481,5d3e3c3e89500a6134a702c189854e17,cdb50d7784ebc6cf3dfb39a55847b3b54bd59490,,,already-present-matching
membership-image,"resources/source-cds/37-Cardiff Confererence,1857-1869,LR241210/Images/LR-2412-10_v1_M_00341.jpg","37-Cardiff Confererence,1857-1869,LR241210/Images/LR-2412-10_v1_M_00341.jpg",476488,4769a224cd8928af7bfe7d11a744a76a,2e99d64ec71ef59113ec24cecf2bcebbd0d6f3fd,,,already-present-matching
membership-image,"resources/source-cds/37-Cardiff Confererence,1857-1869,LR241210/Images/LR-2412-10_v1_M_00342.jpg","37-Cardiff Confererence,1857-1869,LR241210/Images/LR-2412-10_v1_M_00342.jpg",565783,f6729b825746c07ebd792987cd4e0668,cccf17c54f1ff167bf02a612150e504736cbfede,,,already-present-matching
membership-image,"resources/source-cds/37-Cardiff Confererence,1857-1869,LR241210/Images/LR-2412-10_v1_M_00343.jpg","37-Cardiff Confererence,1857-1869,LR241210/Images/LR-2412-10_v1_M_00343.jpg",469156,1cf69763f06742006cabe962d1bd43a9,4e4ce5cb57fcc6404ea7585c1eec5cc1ffdbed9f,,,already-present-matching
membership-image,"resources/source-cds/37-Cardiff Confererence,1857-1869,LR241210/Images/LR-2412-10_v1_M_00344.jpg","37-Cardiff Confererence,1857-1869,LR241210/Images/LR-2412-10_v1_M_00344.jpg",583240,8ace07620645907ccd4ec3e42df1c7c2,7524c1bb5d5b08e6189f7f8d4edc81aa7f9efa25,,,already-present-matching
membership-image,"resources/source-cds/37-Cardiff Confererence,1857-1869,LR241210/Images/LR-2412-10_v1_M_00345.jpg","37-Cardiff Confererence,1857-1869,LR241210/Images/LR-2412-10_v1_M_00345.jpg",512063,300d510fb6b6b8b58ed81590aefdbb92,a694c726d1d95880edc573e703dcbe88df023afe,,,already-present-matching
membership-image,"resources/source-cds/37-Cardiff Confererence,1857-1869,LR241210/Images/LR-2412-10_v1_M_00346.jpg","37-Cardiff Confererence,1857-1869,LR241210/Images/LR-2412-10_v1_M_00346.jpg",574311,4ac02a92989084c6ee0145def838ad17,d54c8caa338a28de173098bb5049397683303beb,,,already-present-matching
membership-image,"resources/source-cds/37-Cardiff Confererence,1857-1869,LR241210/Images/LR-2412-10_v1_M_00347.jpg","37-Cardiff Confererence,1857-1869,LR241210/Images/LR-2412-10_v1_M_00347.jpg",594159,01793134da4e05e3f23488d4c7d9010a,72b4b8f50059d5d8cd9a0e2b20bcf1a53efcd240,,,already-present-matching
membership-image,"resources/source-cds/37-Cardiff Confererence,1857-1869,LR241210/Images/LR-2412-10_v1_M_00348.jpg","37-Cardiff Confererence,1857-1869,LR241210/Images/LR-2412-10_v1_M_00348.jpg",576538,f5e903f1274f54ccad02fdb5c899e4f1,bda8595ab305a69fd224b6cccb54303f3093b0b4,,,already-present-matching
membership-image,"resources/source-cds/38-Glamorgan East Conference,1853-1863,LR1761621/Images/LR-1761621_v1_M_00101.jpg","38-Glamorgan East Conference,1853-1863,LR1761621/Images/LR-1761621_v1_M_00101.jpg",1198954,c36d6f318c5185ffa4178b84ed7bc0c2,11e37f6dd197b8912921c8e6fb3f2602794ee607,,,already-present-matching
membership-image,"resources/source-cds/38-Glamorgan East Conference,1853-1863,LR1761621/Images/LR-1761621_v1_M_00102.jpg","38-Glamorgan East Conference,1853-1863,LR1761621/Images/LR-1761621_v1_M_00102.jpg",1208641,71ebd80cde5927af91f201ae31563b91,af5c641d00dc078fa4e785e7237e3bcb9ddeb7f8,,,already-present-matching
membership-image,"resources/source-cds/38-Glamorgan East Conference,1853-1863,LR1761621/Images/LR-1761621_v1_M_00103.jpg","38-Glamorgan East Conference,1853-1863,LR1761621/Images/LR-1761621_v1_M_00103.jpg",1196633,aa6ee62d0d7390102bbe7934fdce2554,287bb13f461d8b362f27008fa4999a8bb0631e90,,,already-present-matching
membership-image,"resources/source-cds/38-Glamorgan East Conference,1853-1863,LR1761621/Images/LR-1761621_v1_M_00104.jpg","38-Glamorgan East Conference,1853-1863,LR1761621/Images/LR-1761621_v1_M_00104.jpg",1242017,e8cb7cc7c1f7915dac250bcc653d047c,083f78867d6ad8d3956b840fcdf63159932dc0b1,,,already-present-matching
membership-image,"resources/source-cds/38-Glamorgan East Conference,1853-1863,LR1761621/Images/LR-1761621_v1_M_00105.jpg","38-Glamorgan East Conference,1853-1863,LR1761621/Images/LR-1761621_v1_M_00105.jpg",1210179,ac465d12002143641a9c445f8efe7d76,64a20e8b9dd51adf69f7b9b5ce138677e30171f4,,,already-present-matching
membership-image,"resources/source-cds/38-Glamorgan East Conference,1853-1863,LR1761621/Images/LR-1761621_v1_M_00106.jpg","38-Glamorgan East Conference,1853-1863,LR1761621/Images/LR-1761621_v1_M_00106.jpg",1256075,338e85204113d99ba144fe232d83b851,9ae624577cb368a06f396e423e1361b0b2619b9c,,,already-present-matching
membership-image,"resources/source-cds/38-Glamorgan East Conference,1853-1863,LR1761621/Images/LR-1761621_v1_M_00107.jpg","38-Glamorgan East Conference,1853-1863,LR1761621/Images/LR-1761621_v1_M_00107.jpg",1223532,80ae76c7f73f2d4a6b561782d35a4c0d,e5ac65ccb03c137275b7a733fdf6720dad84482b,,,already-present-matching
membership-image,"resources/source-cds/38-Glamorgan East Conference,1853-1863,LR1761621/Images/LR-1761621_v1_M_00108.jpg","38-Glamorgan East Conference,1853-1863,LR1761621/Images/LR-1761621_v1_M_00108.jpg",1285370,e7efe9a7d08ff896c120bb7d4adc2093,92f0927ad7164470ac4c1ff06226d42e613d7d9e,,,already-present-matching
membership-image,"resources/source-cds/38-Glamorgan East Conference,1853-1863,LR1761621/Images/LR-1761621_v1_M_00109.jpg","38-Glamorgan East Conference,1853-1863,LR1761621/Images/LR-1761621_v1_M_00109.jpg",1233583,aad753919825502627102e306f4e8b30,9a5975dda08a895eb8adb09b13e62ca80611112d,,,already-present-matching
membership-image,"resources/source-cds/38-Glamorgan East Conference,1853-1863,LR1761621/Images/LR-1761621_v1_M_00110.jpg","38-Glamorgan East Conference,1853-1863,LR1761621/Images/LR-1761621_v1_M_00110.jpg",1205633,ed7e4b3248f10feb172b4c388d6f0f62,dbb9dc9c9dea1668d2139fa015fa43b304bbd404,,,already-present-matching
membership-image,"resources/source-cds/38-Glamorgan East Conference,1853-1863,LR1761621/Images/LR-1761621_v1_M_00111.jpg","38-Glamorgan East Conference,1853-1863,LR1761621/Images/LR-1761621_v1_M_00111.jpg",1183526,ee2aff5c351442bfd7becb72aeb4c55d,de3a68ede8a731aeffa17a20c183eede36f5ba2d,,,already-present-matching
membership-image,"resources/source-cds/38-Glamorgan East Conference,1853-1863,LR1761621/Images/LR-1761621_v1_M_00112.jpg","38-Glamorgan East Conference,1853-1863,LR1761621/Images/LR-1761621_v1_M_00112.jpg",1295454,688f219059995a93b3615022274963d9,d221d6370fa73f42086568bab632d06a8c2a8a8b,,,already-present-matching
membership-image,"resources/source-cds/38-Glamorgan East Conference,1853-1863,LR1761621/Images/LR-1761621_v1_M_00113.jpg","38-Glamorgan East Conference,1853-1863,LR1761621/Images/LR-1761621_v1_M_00113.jpg",1236791,6857dda4a8768c8a0b0e1f44c17f204d,1b4ade70ac0255752d489a3160ec290672bb6a82,,,already-present-matching
membership-image,"resources/source-cds/38-Glamorgan East Conference,1853-1863,LR1761621/Images/LR-1761621_v1_M_00114.jpg","38-Glamorgan East Conference,1853-1863,LR1761621/Images/LR-1761621_v1_M_00114.jpg",1241361,e0cb7c6081c9b3a0b1e77a56f7965733,9f998abafa6ab928677f725a21c2b2f2411281b0,,,already-present-matching
membership-image,"resources/source-cds/38-Glamorgan East Conference,1853-1863,LR1761621/Images/LR-1761621_v1_M_00115.jpg","38-Glamorgan East Conference,1853-1863,LR1761621/Images/LR-1761621_v1_M_00115.jpg",1192460,fb00fde19d60394b4a0f1e9d2f6409e5,04df425aef181d66b0d142576b6c9e6c433e7f7b,,,already-present-matching
membership-image,"resources/source-cds/38-Glamorgan East Conference,1853-1863,LR1761621/Images/LR-1761621_v1_M_00116.jpg","38-Glamorgan East Conference,1853-1863,LR1761621/Images/LR-1761621_v1_M_00116.jpg",1258065,d1c8d50fc2a03655054e46c5b9130454,fb91b1b611058ad57dc0865ad145a67216437c82,,,already-present-matching
membership-image,"resources/source-cds/38-Glamorgan East Conference,1853-1863,LR1761621/Images/LR-1761621_v1_M_00117.jpg","38-Glamorgan East Conference,1853-1863,LR1761621/Images/LR-1761621_v1_M_00117.jpg",1167166,df484001b090dd6b7232edd72cae1821,fbf81ef89e2063d616c8678bfb1781dd93685a07,,,already-present-matching
membership-image,"resources/source-cds/38-Glamorgan East Conference,1853-1863,LR1761621/Images/LR-1761621_v1_M_00118.jpg","38-Glamorgan East Conference,1853-1863,LR1761621/Images/LR-1761621_v1_M_00118.jpg",1236291,524ac9faab2b94da136434d771a69456,e6ff8cba94aa6eb31708f56e8a4a503b2fed57bf,,,already-present-matching
membership-image,"resources/source-cds/38-Glamorgan East Conference,1853-1863,LR1761621/Images/LR-1761621_v1_M_00119.jpg","38-Glamorgan East Conference,1853-1863,LR1761621/Images/LR-1761621_v1_M_00119.jpg",1208790,88548689ca762d05c9e46be551629071,21c8dd33f42655005e5ddde02a8b02cbc8fc387a,,,already-present-matching
membership-image,"resources/source-cds/38-Glamorgan East Conference,1853-1863,LR1761621/Images/LR-1761621_v1_M_00120.jpg","38-Glamorgan East Conference,1853-1863,LR1761621/Images/LR-1761621_v1_M_00120.jpg",1239574,c4bfbd0720ae2dc23952f89259114a33,f333a0ccbf73faabb5f6794dfde78fc74a1be1fb,,,already-present-matching
membership-image,"resources/source-cds/38-Glamorgan East Conference,1853-1863,LR1761621/Images/LR-1761621_v1_M_00121.jpg","38-Glamorgan East Conference,1853-1863,LR1761621/Images/LR-1761621_v1_M_00121.jpg",1190252,58319aedc2543f08d9d10e367d768fee,1f5af980378e5cd43a01eef9a6b99de97e70b7f7,,,already-present-matching
membership-image,"resources/source-cds/38-Glamorgan East Conference,1853-1863,LR1761621/Images/LR-1761621_v1_M_00122.jpg","38-Glamorgan East Conference,1853-1863,LR1761621/Images/LR-1761621_v1_M_00122.jpg",1222885,3ae2a45a9d1c8c70cf9f323869a65349,4742c6dbf1f8fcabca37dc87a72dff67c358ae23,,,already-present-matching
membership-image,"resources/source-cds/38-Glamorgan East Conference,1853-1863,LR1761621/Images/LR-1761621_v1_M_00123.jpg","38-Glamorgan East Conference,1853-1863,LR1761621/Images/LR-1761621_v1_M_00123.jpg",1163024,ff64e660486227d9c8e8404a8609d4de,7db3aa74a20d2f853cda0c668c6549c7368e0974,,,already-present-matching
membership-image,"resources/source-cds/38-Glamorgan East Conference,1853-1863,LR1761621/Images/LR-1761621_v1_M_00124.jpg","38-Glamorgan East Conference,1853-1863,LR1761621/Images/LR-1761621_v1_M_00124.jpg",1150437,05fe1251161e47a22cfdec43fcdb2ca7,ddfc933a6aedbbd21e6ba877c758263c01e96eff,,,already-present-matching
membership-image,"resources/source-cds/38-Glamorgan East Conference,1853-1863,LR1761621/Images/LR-1761621_v1_M_00125.jpg","38-Glamorgan East Conference,1853-1863,LR1761621/Images/LR-1761621_v1_M_00125.jpg",1213048,66a9200ecae0480939c18f74c5f8b435,bd97d0057a8f78e18f6c68804e5b185a48029f32,,,already-present-matching
membership-image,"resources/source-cds/38-Glamorgan East Conference,1853-1863,LR1761621/Images/LR-1761621_v1_M_00126.jpg","38-Glamorgan East Conference,1853-1863,LR1761621/Images/LR-1761621_v1_M_00126.jpg",1156700,2312293170871cb39d87c874dbbf3111,8f8f91c4bca85308eb2ce9cdd3e4a9f2f7d8740c,,,already-present-matching
membership-image,"resources/source-cds/38-Glamorgan East Conference,1853-1863,LR1761621/Images/LR-1761621_v1_M_00127.jpg","38-Glamorgan East Conference,1853-1863,LR1761621/Images/LR-1761621_v1_M_00127.jpg",1190522,a1cf11a30959f2dfb08b65fa26add700,f0bd483985cf1fe298f2695acfbbdf30f877cb21,,,already-present-matching
membership-image,"resources/source-cds/38-Glamorgan East Conference,1853-1863,LR1761621/Images/LR-1761621_v1_M_00128.jpg","38-Glamorgan East Conference,1853-1863,LR1761621/Images/LR-1761621_v1_M_00128.jpg",1098352,2b899d1f89937e76f2a598f719341f37,2c7efc2669c82dffec10d781abd3ca548528c8ad,,,already-present-matching
membership-image,"resources/source-cds/38-Glamorgan East Conference,1853-1863,LR1761621/Images/LR-1761621_v1_M_00129.jpg","38-Glamorgan East Conference,1853-1863,LR1761621/Images/LR-1761621_v1_M_00129.jpg",1200853,ffee95c213e43d3293fb44bd83c006ae,8ef0c1381bfb3c20f4c221ac278b136b1efc5b44,,,already-present-matching
membership-image,"resources/source-cds/38-Glamorgan East Conference,1853-1863,LR1761621/Images/LR-1761621_v1_M_00130.jpg","38-Glamorgan East Conference,1853-1863,LR1761621/Images/LR-1761621_v1_M_00130.jpg",1179105,e348b45670237b10f0de100c78665012,1d0f86195e1e088000efc9cc42d9ef1b1e2fd657,,,already-present-matching
membership-image,"resources/source-cds/38-Glamorgan East Conference,1853-1863,LR1761621/Images/LR-1761621_v1_M_00131.jpg","38-Glamorgan East Conference,1853-1863,LR1761621/Images/LR-1761621_v1_M_00131.jpg",1203937,1eb040acfdb0b3d49721329ce1f5425b,50acca70b9019ab7b6a419e91266fb77d5b0203f,,,already-present-matching
membership-image,"resources/source-cds/38-Glamorgan East Conference,1853-1863,LR1761621/Images/LR-1761621_v1_M_00132.jpg","38-Glamorgan East Conference,1853-1863,LR1761621/Images/LR-1761621_v1_M_00132.jpg",1207212,32d89476707d64b7b83a3d5b9402de5d,87eaa6e0665f6dc13db014db787b88f0d772cd48,,,already-present-matching
membership-image,"resources/source-cds/38-Glamorgan East Conference,1853-1863,LR1761621/Images/LR-1761621_v1_M_00133.jpg","38-Glamorgan East Conference,1853-1863,LR1761621/Images/LR-1761621_v1_M_00133.jpg",1224182,69b45d044c1040b9ca2bb077a60f5f65,fbc5d3aea52b1ea4187ffa777238f5def56b0c28,,,already-present-matching
membership-image,"resources/source-cds/38-Glamorgan East Conference,1853-1863,LR1761621/Images/LR-1761621_v1_M_00134.jpg","38-Glamorgan East Conference,1853-1863,LR1761621/Images/LR-1761621_v1_M_00134.jpg",1218132,a09c16400851c3cf67ef1c6d4e0b21c9,480b42fd1c337cf7990aa6c27e3266b37cdb4dc7,,,already-present-matching
membership-image,"resources/source-cds/38-Glamorgan East Conference,1853-1863,LR1761621/Images/LR-1761621_v1_M_00135.jpg","38-Glamorgan East Conference,1853-1863,LR1761621/Images/LR-1761621_v1_M_00135.jpg",1226499,f0518a866ed54f1b374e43cc52a97ca6,e7c20fa1798b22c3060be18407f0cf37bd2b977a,,,already-present-matching
membership-image,"resources/source-cds/38-Glamorgan East Conference,1853-1863,LR1761621/Images/LR-1761621_v1_M_00136.jpg","38-Glamorgan East Conference,1853-1863,LR1761621/Images/LR-1761621_v1_M_00136.jpg",1249504,79ba3e735b0d1514a6ad03fdf0930bbf,9e3cbecc63d4ba2607ca680a124804debf4f30e5,,,already-present-matching
membership-image,"resources/source-cds/38-Glamorgan East Conference,1853-1863,LR1761621/Images/LR-1761621_v1_M_00137.jpg","38-Glamorgan East Conference,1853-1863,LR1761621/Images/LR-1761621_v1_M_00137.jpg",1209171,0e61d245c3084fac0dac82c0c8cbe087,fc8188d8d442dbe1fa09ed9ce2ecebc2d30b9f26,,,already-present-matching
membership-image,"resources/source-cds/38-Glamorgan East Conference,1853-1863,LR1761621/Images/LR-1761621_v1_M_00138.jpg","38-Glamorgan East Conference,1853-1863,LR1761621/Images/LR-1761621_v1_M_00138.jpg",1265226,f397280af3fcbea65cb899cc2272ab22,6d0c0b7329c84aadb11403f056dde139417c6416,,,already-present-matching
membership-image,"resources/source-cds/38-Glamorgan East Conference,1853-1863,LR1761621/Images/LR-1761621_v1_M_00139.jpg","38-Glamorgan East Conference,1853-1863,LR1761621/Images/LR-1761621_v1_M_00139.jpg",1233813,1571e8ba6c630abb36616a280659679b,1780856da57e13ffafacc3f67733dcc7704c1be5,,,already-present-matching
membership-image,"resources/source-cds/38-Glamorgan East Conference,1853-1863,LR1761621/Images/LR-1761621_v1_M_00140.jpg","38-Glamorgan East Conference,1853-1863,LR1761621/Images/LR-1761621_v1_M_00140.jpg",1216938,00c458580daffb291ab2f24e1bdb9d7a,61963efcd6f839e59fd8203f390e557d1bb0ecac,,,already-present-matching
membership-image,"resources/source-cds/38-Glamorgan East Conference,1853-1863,LR1761621/Images/LR-1761621_v1_M_00141.jpg","38-Glamorgan East Conference,1853-1863,LR1761621/Images/LR-1761621_v1_M_00141.jpg",1292067,585bfdd04be72a7771c5ea751c05d681,157f17d126685c6c5f109f7b81b12a5f5760a987,,,already-present-matching
membership-image,"resources/source-cds/38-Glamorgan East Conference,1853-1863,LR1761621/Images/LR-1761621_v1_M_00142.jpg","38-Glamorgan East Conference,1853-1863,LR1761621/Images/LR-1761621_v1_M_00142.jpg",1187294,a765335384a42a6def809257e28604f0,6dab6e8caa4c452196149b45eb023e48b67200c9,,,already-present-matching
membership-image,"resources/source-cds/38-Glamorgan East Conference,1853-1863,LR1761621/Images/LR-1761621_v1_M_00143.jpg","38-Glamorgan East Conference,1853-1863,LR1761621/Images/LR-1761621_v1_M_00143.jpg",1224306,42539bd450c2bdfd07b48cc2774f0721,ced1f25c37673d20e556574bfccd8b2d125cbf7e,,,already-present-matching
membership-image,"resources/source-cds/38-Glamorgan East Conference,1853-1863,LR1761621/Images/LR-1761621_v1_M_00144.jpg","38-Glamorgan East Conference,1853-1863,LR1761621/Images/LR-1761621_v1_M_00144.jpg",1177156,eddfa69b19ea5e2fbbd2023ac3d01a36,05a342da3e834f775c6254c5bc30e15d719c23fe,,,already-present-matching
membership-image,"resources/source-cds/38-Glamorgan East Conference,1853-1863,LR1761621/Images/LR-1761621_v1_M_00145.jpg","38-Glamorgan East Conference,1853-1863,LR1761621/Images/LR-1761621_v1_M_00145.jpg",1033094,71a7daec91479f6b5c4401c22aee28a9,d728eebfea319589a576c88466de01274b1760bf,,,already-present-matching
membership-image,"resources/source-cds/38-Glamorgan East Conference,1853-1863,LR1761621/Images/LR-1761621_v1_M_00146.jpg","38-Glamorgan East Conference,1853-1863,LR1761621/Images/LR-1761621_v1_M_00146.jpg",1206217,3780b8f0dc18db596128688dd18168af,b4c5f140806fc411dbccf13b7d66b2450b07eeaf,,,already-present-matching
membership-image,"resources/source-cds/38-Glamorgan East Conference,1853-1863,LR1761621/Images/LR-1761621_v1_M_00147.jpg","38-Glamorgan East Conference,1853-1863,LR1761621/Images/LR-1761621_v1_M_00147.jpg",1237525,e88d06feeb508ce1457ce629784e91e3,6045dc9f9043c4f4811a0ebd3494b070718cb7fe,,,already-present-matching
membership-image,"resources/source-cds/38-Glamorgan East Conference,1853-1863,LR1761621/Images/LR-1761621_v1_M_00148.jpg","38-Glamorgan East Conference,1853-1863,LR1761621/Images/LR-1761621_v1_M_00148.jpg",1196506,520beb7a568507cfa60d273e07508491,75969c70c0e006a0f7cb1923205893e27a406f45,,,already-present-matching
membership-image,"resources/source-cds/38-Glamorgan East Conference,1853-1863,LR1761621/Images/LR-1761621_v1_M_00149.jpg","38-Glamorgan East Conference,1853-1863,LR1761621/Images/LR-1761621_v1_M_00149.jpg",1238868,7519741525b08f89942606a11f778176,414529a3d25d43e0a53c3a8803f37431c67afbea,,,already-present-matching
membership-image,"resources/source-cds/38-Glamorgan East Conference,1853-1863,LR1761621/Images/LR-1761621_v1_M_00150.jpg","38-Glamorgan East Conference,1853-1863,LR1761621/Images/LR-1761621_v1_M_00150.jpg",1171414,2c16ed95592be354efc7a6c7101cef2a,c338de150ffdd005c3127df8cbc0982f93ab8d5b,,,already-present-matching
membership-image,"resources/source-cds/38-Glamorgan East Conference,1853-1863,LR1761621/Images/LR-1761621_v1_M_00151.jpg","38-Glamorgan East Conference,1853-1863,LR1761621/Images/LR-1761621_v1_M_00151.jpg",1190442,9b67b054e601d80b96c080b4e4519cb1,635abb6f34e0eeb2826ced4499599ca2f401db0f,,,already-present-matching
membership-image,"resources/source-cds/38-Glamorgan East Conference,1853-1863,LR1761621/Images/LR-1761621_v1_M_00152.jpg","38-Glamorgan East Conference,1853-1863,LR1761621/Images/LR-1761621_v1_M_00152.jpg",1199207,57da8f066259e817d576df71daf4568c,748a06737544099d72e29178d81985e868923f06,,,already-present-matching
membership-image,"resources/source-cds/38-Glamorgan East Conference,1853-1863,LR1761621/Images/LR-1761621_v1_M_00153.jpg","38-Glamorgan East Conference,1853-1863,LR1761621/Images/LR-1761621_v1_M_00153.jpg",1287560,5a4eb6d998f357ad753a9b8e2677f4f8,ef291cc5c76bf32e12ae90e740286a2905e56f59,,,already-present-matching
membership-image,"resources/source-cds/38-Glamorgan East Conference,1853-1863,LR1761621/Images/LR-1761621_v1_M_00154.jpg","38-Glamorgan East Conference,1853-1863,LR1761621/Images/LR-1761621_v1_M_00154.jpg",1222874,dfaf4491baf01aea72db55f651a2269f,caea8ac91ffc57abd1092a8dd6bdd723743ab562,,,already-present-matching
membership-image,"resources/source-cds/38-Glamorgan East Conference,1853-1863,LR1761621/Images/LR-1761621_v1_M_00155.jpg","38-Glamorgan East Conference,1853-1863,LR1761621/Images/LR-1761621_v1_M_00155.jpg",1297862,e8e276b4595534c7118cdebbddad5307,7da016fd3d2b048cfd9852102d20aa2171dee542,,,already-present-matching
membership-image,"resources/source-cds/38-Glamorgan East Conference,1853-1863,LR1761621/Images/LR-1761621_v1_M_00156.jpg","38-Glamorgan East Conference,1853-1863,LR1761621/Images/LR-1761621_v1_M_00156.jpg",1180572,a9cd2a4c279d29ba1e9759e000939dfb,e6df75abaf47ff28e2c96e45dada52094a35286e,,,already-present-matching
membership-image,"resources/source-cds/38-Glamorgan East Conference,1853-1863,LR1761621/Images/LR-1761621_v1_M_00157.jpg","38-Glamorgan East Conference,1853-1863,LR1761621/Images/LR-1761621_v1_M_00157.jpg",1304590,d8581afe9dcdfb1682c5e93402d4ddb7,3541c56cf855d2b59dd7fd6270bfdb1c545d1987,,,already-present-matching
membership-image,"resources/source-cds/38-Glamorgan East Conference,1853-1863,LR1761621/Images/LR-1761621_v1_M_00158.jpg","38-Glamorgan East Conference,1853-1863,LR1761621/Images/LR-1761621_v1_M_00158.jpg",1144533,d47fad777c6571918801943c881091f9,0b5774d9fe7141e655807b59f8bf39457ff0d47a,,,already-present-matching
membership-image,"resources/source-cds/38-Glamorgan East Conference,1853-1863,LR1761621/Images/LR-1761621_v1_M_00159.jpg","38-Glamorgan East Conference,1853-1863,LR1761621/Images/LR-1761621_v1_M_00159.jpg",1028918,9ba0788d6c1c30882671f8a0cb69f5c3,8be6a8ad6777c99068effba979f2d1d9230c169d,,,already-present-matching
membership-image,"resources/source-cds/38-Glamorgan East Conference,1853-1863,LR1761621/Images/LR-1761621_v1_M_00160.jpg","38-Glamorgan East Conference,1853-1863,LR1761621/Images/LR-1761621_v1_M_00160.jpg",1197554,3643964a2b3fb751358c52b0fe63ccd0,34c6e38b452ff49f53ff4a51b5cdd4da894b80ef,,,already-present-matching
membership-image,"resources/source-cds/38-Glamorgan East Conference,1853-1863,LR1761621/Images/LR-1761621_v1_M_00161.jpg","38-Glamorgan East Conference,1853-1863,LR1761621/Images/LR-1761621_v1_M_00161.jpg",1272987,3941b36b9e4ef0a7610c827ef4d1dd2a,7805dc8bc69de560068623b5fcda48170e4ee5fb,,,already-present-matching
membership-image,"resources/source-cds/38-Glamorgan East Conference,1853-1863,LR1761621/Images/LR-1761621_v1_M_00162.jpg","38-Glamorgan East Conference,1853-1863,LR1761621/Images/LR-1761621_v1_M_00162.jpg",1184090,f5460e21815aa94b53d3bc5dd7644b47,fa2d85d76c3df26c735b5d76e9873eecdc91bd19,,,already-present-matching
membership-image,"resources/source-cds/38-Glamorgan East Conference,1853-1863,LR1761621/Images/LR-1761621_v1_M_00163.jpg","38-Glamorgan East Conference,1853-1863,LR1761621/Images/LR-1761621_v1_M_00163.jpg",1263719,2a8e4de30f41e83352dbb4ca543295d3,a0c7be6d62af4e960bd1e0d415eeb41d3d54eca7,,,already-present-matching
membership-image,"resources/source-cds/38-Glamorgan East Conference,1853-1863,LR1761621/Images/LR-1761621_v1_M_00164.jpg","38-Glamorgan East Conference,1853-1863,LR1761621/Images/LR-1761621_v1_M_00164.jpg",1219451,76312b74cd00dc408e1fea3bd050ba14,57557776205de0d2c2d2c081d72fbe8d157a416c,,,already-present-matching
membership-image,"resources/source-cds/38-Glamorgan East Conference,1853-1863,LR1761621/Images/LR-1761621_v1_M_00165.jpg","38-Glamorgan East Conference,1853-1863,LR1761621/Images/LR-1761621_v1_M_00165.jpg",1290340,62dbb159e2bf3aca3ad2b5bd71ee7462,160657e460d15dc5e52f826cdd5efb82c321cd9a,,,already-present-matching
membership-image,"resources/source-cds/38-Glamorgan East Conference,1853-1863,LR1761621/Images/LR-1761621_v1_M_00166.jpg","38-Glamorgan East Conference,1853-1863,LR1761621/Images/LR-1761621_v1_M_00166.jpg",1195328,d02a100d8ad5d4f09078f5481ccb9e65,77b3c76956d6a740bdddeb3139149ff80fa69500,,,already-present-matching
membership-image,"resources/source-cds/38-Glamorgan East Conference,1853-1863,LR1761621/Images/LR-1761621_v1_M_00167.jpg","38-Glamorgan East Conference,1853-1863,LR1761621/Images/LR-1761621_v1_M_00167.jpg",1250112,b72dd87591a02397e780d75acbd70cab,9201ba2aff1c567474bda1bff21a79710a49d919,,,already-present-matching
membership-image,"resources/source-cds/38-Glamorgan East Conference,1853-1863,LR1761621/Images/LR-1761621_v1_M_00168.jpg","38-Glamorgan East Conference,1853-1863,LR1761621/Images/LR-1761621_v1_M_00168.jpg",1188767,561196a72df988c554640d010c915732,c42419267a54afcab0d6b07d8d213198c500b8fd,,,already-present-matching
membership-image,"resources/source-cds/38-Glamorgan East Conference,1853-1863,LR1761621/Images/LR-1761621_v1_M_00169.jpg","38-Glamorgan East Conference,1853-1863,LR1761621/Images/LR-1761621_v1_M_00169.jpg",1286261,c6ccd920b6a458e2f3126f61a22d9dd1,eec0d7b5dafe0f05353bc338a3a4adcbc371a766,,,already-present-matching
membership-image,"resources/source-cds/38-Glamorgan East Conference,1853-1863,LR1761621/Images/LR-1761621_v1_M_00170.jpg","38-Glamorgan East Conference,1853-1863,LR1761621/Images/LR-1761621_v1_M_00170.jpg",1068400,b612ae827e5065caf23231af7f933bf1,cfa2396d2c21530a1faa567fcf242b31322cbfeb,,,already-present-matching
membership-image,"resources/source-cds/38-Glamorgan East Conference,1853-1863,LR1761621/Images/LR-1761621_v1_M_00171.jpg","38-Glamorgan East Conference,1853-1863,LR1761621/Images/LR-1761621_v1_M_00171.jpg",1230707,9a1bb2eb46b1542580a37888fc39d305,409a6bac3b1c4c0a313521bb632c9c25d4be5424,,,already-present-matching
membership-image,"resources/source-cds/38-Glamorgan East Conference,1853-1863,LR1761621/Images/LR-1761621_v1_M_00172.jpg","38-Glamorgan East Conference,1853-1863,LR1761621/Images/LR-1761621_v1_M_00172.jpg",1165275,c1031f45b4512d177a92091bef58eb5f,3112385032b5643425e25514134b17ced773176a,,,already-present-matching
membership-image,"resources/source-cds/38-Glamorgan East Conference,1853-1863,LR1761621/Images/LR-1761621_v1_M_00173.jpg","38-Glamorgan East Conference,1853-1863,LR1761621/Images/LR-1761621_v1_M_00173.jpg",1256808,8f72379852d0c10e3392f34c9418f3a9,18aad47f5dca3d2ce2ba2b42ed65d0c4485f2343,,,already-present-matching
membership-image,"resources/source-cds/38-Glamorgan East Conference,1853-1863,LR1761621/Images/LR-1761621_v1_M_00174.jpg","38-Glamorgan East Conference,1853-1863,LR1761621/Images/LR-1761621_v1_M_00174.jpg",1183443,8b0d5486af5f96aa2b1c0b973e17af7b,31ffc7f7171908ab68ec42e70e83c67bde2db721,,,already-present-matching
membership-image,"resources/source-cds/38-Glamorgan East Conference,1853-1863,LR1761621/Images/LR-1761621_v1_M_00175.jpg","38-Glamorgan East Conference,1853-1863,LR1761621/Images/LR-1761621_v1_M_00175.jpg",1232844,036eacdc2f998097ac5a363886108bd8,64a13ec6b5083b8ef4180951ef0f810d0def5080,,,already-present-matching
membership-image,"resources/source-cds/38-Glamorgan East Conference,1853-1863,LR1761621/Images/LR-1761621_v1_M_00176.jpg","38-Glamorgan East Conference,1853-1863,LR1761621/Images/LR-1761621_v1_M_00176.jpg",1077674,684f28de8403f904c15ca503a30549aa,6d0933b385973811827473b6c03fabf9cbabd0d5,,,already-present-matching
membership-image,"resources/source-cds/38-Glamorgan East Conference,1853-1863,LR1761621/Images/LR-1761621_v1_M_00177.jpg","38-Glamorgan East Conference,1853-1863,LR1761621/Images/LR-1761621_v1_M_00177.jpg",1176215,756470e97c9c449df3af223f0a99de3f,b2a8a33a17f7dff69d02ae31aaff61cce46041ae,,,already-present-matching
membership-image,"resources/source-cds/38-Glamorgan East Conference,1853-1863,LR1761621/Images/LR-1761621_v1_M_00178.jpg","38-Glamorgan East Conference,1853-1863,LR1761621/Images/LR-1761621_v1_M_00178.jpg",1135742,7825f3cb667aced0597a215bffadc292,6ea12d4e59151e4488bbd2f7f5283600602ef374,,,already-present-matching
membership-image,"resources/source-cds/38-Glamorgan East Conference,1853-1863,LR1761621/Images/LR-1761621_v1_M_00179.jpg","38-Glamorgan East Conference,1853-1863,LR1761621/Images/LR-1761621_v1_M_00179.jpg",1237569,8548a5c5d2cdd1c95a0c825907ae6f89,0d7475af5881cd69f5d6079f322a8f7d0020b936,,,already-present-matching
membership-image,"resources/source-cds/38-Glamorgan East Conference,1853-1863,LR1761621/Images/LR-1761621_v1_M_00180.jpg","38-Glamorgan East Conference,1853-1863,LR1761621/Images/LR-1761621_v1_M_00180.jpg",1075351,cf3c481065fbff63eb378250e1e5d0fa,186efd459ad3d780d957384209363bb8a94c3b38,,,already-present-matching
membership-image,"resources/source-cds/38-Glamorgan East Conference,1853-1863,LR1761621/Images/LR-1761621_v1_M_00181.jpg","38-Glamorgan East Conference,1853-1863,LR1761621/Images/LR-1761621_v1_M_00181.jpg",1045136,c37d7b79d067e15b8555390dfb828c07,caea11aab8c140a1ffb98401233decb8169a5c3b,,,already-present-matching
membership-image,"resources/source-cds/38-Glamorgan East Conference,1853-1863,LR1761621/Images/LR-1761621_v1_M_00182.jpg","38-Glamorgan East Conference,1853-1863,LR1761621/Images/LR-1761621_v1_M_00182.jpg",988784,aed714fc9226871e944e026bd4f64d00,67bdd778c8bc25d5644721494ea7220850a55e8e,,,already-present-matching
membership-image,"resources/source-cds/38-Glamorgan East Conference,1853-1863,LR1761621/Images/LR-1761621_v1_M_00183.jpg","38-Glamorgan East Conference,1853-1863,LR1761621/Images/LR-1761621_v1_M_00183.jpg",1320960,f8c88ac12dcf09ba784e0c530f8e3d36,a76569d1366d9c202f5f7af9ef2d520b42bdbbdb,,,already-present-matching
membership-image,"resources/source-cds/38-Glamorgan East Conference,1853-1863,LR1761621/Images/LR-1761621_v1_M_00184.jpg","38-Glamorgan East Conference,1853-1863,LR1761621/Images/LR-1761621_v1_M_00184.jpg",1023448,262eced10dabd3e24aed0ef5cad5180f,ad0845324bc60ce859e6005efd41f5c11af9af12,,,already-present-matching
membership-image,"resources/source-cds/38-Glamorgan East Conference,1853-1863,LR1761621/Images/LR-1761621_v1_M_colort2.jpg","38-Glamorgan East Conference,1853-1863,LR1761621/Images/LR-1761621_v1_M_colort2.jpg",3887,7c3dc458fafbb1cac6821ac3bd10d5f9,0ea6c958e8adb9b494412f9b47112969c27b2b41,,,already-present-matching
membership-image,"resources/source-cds/38-Glamorgan East Conference,1853-1863,LR1761621/Images/LR-1761621_v2_M_00001.jpg","38-Glamorgan East Conference,1853-1863,LR1761621/Images/LR-1761621_v2_M_00001.jpg",502503,d4e0e0f0e05a47e221ebaa87b7f46f8a,ba59bfe2794ba89c6149342210a1c54c27890c71,,,already-present-matching
membership-image,"resources/source-cds/38-Glamorgan East Conference,1853-1863,LR1761621/Images/LR-1761621_v2_M_00002.jpg","38-Glamorgan East Conference,1853-1863,LR1761621/Images/LR-1761621_v2_M_00002.jpg",540106,c5aff5ab0be63fc02778bf6650cf5bba,ce73dfe5df1aeb7912be6ca1558583b3b8c28344,,,already-present-matching
membership-image,"resources/source-cds/38-Glamorgan East Conference,1853-1863,LR1761621/Images/LR-1761621_v2_M_00003.jpg","38-Glamorgan East Conference,1853-1863,LR1761621/Images/LR-1761621_v2_M_00003.jpg",465941,2715bbcddda4bf7959951b2ae600b1e7,6fba029d791d1886a7da6fdf24a3b7e337b1f70e,,,already-present-matching
membership-image,"resources/source-cds/38-Glamorgan East Conference,1853-1863,LR1761621/Images/LR-1761621_v2_M_00004.jpg","38-Glamorgan East Conference,1853-1863,LR1761621/Images/LR-1761621_v2_M_00004.jpg",449883,37a75e654f12272736b5d270b7621127,4bba665451cc97f471325a307c2e465f5e747111,,,already-present-matching
membership-image,"resources/source-cds/38-Glamorgan East Conference,1853-1863,LR1761621/Images/LR-1761621_v2_M_00005.jpg","38-Glamorgan East Conference,1853-1863,LR1761621/Images/LR-1761621_v2_M_00005.jpg",450316,2155698ea25bcede36a105158d688b98,65a9e2433645b5f67e31659d8a29f7be0922d367,,,already-present-matching
membership-image,"resources/source-cds/38-Glamorgan East Conference,1853-1863,LR1761621/Images/LR-1761621_v2_M_00006.jpg","38-Glamorgan East Conference,1853-1863,LR1761621/Images/LR-1761621_v2_M_00006.jpg",467709,3f0edade06a2eebcb24292590cec9241,411078ff163aae62131c10b06dfe14f16130e74c,,,already-present-matching
membership-image,"resources/source-cds/38-Glamorgan East Conference,1853-1863,LR1761621/Images/LR-1761621_v2_M_00007.jpg","38-Glamorgan East Conference,1853-1863,LR1761621/Images/LR-1761621_v2_M_00007.jpg",543085,ef7416ef550f6e5c1fcd380bc60959e7,2a27c29d1ec8bf47ddba9e1c2b5ecac62bbde45b,,,already-present-matching
membership-image,"resources/source-cds/38-Glamorgan East Conference,1853-1863,LR1761621/Images/LR-1761621_v2_M_00008.jpg","38-Glamorgan East Conference,1853-1863,LR1761621/Images/LR-1761621_v2_M_00008.jpg",448709,e3bcf5d97143294b448daae128c39413,409a239a358e1f6b70f4cbc149231eb0f430ce60,,,already-present-matching
membership-image,"resources/source-cds/38-Glamorgan East Conference,1853-1863,LR1761621/Images/LR-1761621_v2_M_00009.jpg","38-Glamorgan East Conference,1853-1863,LR1761621/Images/LR-1761621_v2_M_00009.jpg",607345,96f50a3cfaed9f729f793bf1c31efd39,fc5130c15e0ae09adcb70d8b07e9b6dc38b0d0cc,,,already-present-matching
membership-image,"resources/source-cds/38-Glamorgan East Conference,1853-1863,LR1761621/Images/LR-1761621_v2_M_00010.jpg","38-Glamorgan East Conference,1853-1863,LR1761621/Images/LR-1761621_v2_M_00010.jpg",663045,9f274722edd11a6c39d02cdfef806bc8,22fd7fa0890ebc1b366f0b6bfd26e842b3ad90e3,,,already-present-matching
membership-image,"resources/source-cds/38-Glamorgan East Conference,1853-1863,LR1761621/Images/LR-1761621_v2_M_00011.jpg","38-Glamorgan East Conference,1853-1863,LR1761621/Images/LR-1761621_v2_M_00011.jpg",604886,9298d54f0c4ce7b7c412447614794d5a,bd47826b550c4c3f7b692d843a2e54a8bfbd48e8,,,already-present-matching
membership-image,"resources/source-cds/38-Glamorgan East Conference,1853-1863,LR1761621/Images/LR-1761621_v2_M_00012.jpg","38-Glamorgan East Conference,1853-1863,LR1761621/Images/LR-1761621_v2_M_00012.jpg",614987,77b9e1b63b9f2eda8458249540e756ea,c2c07636bce54dd08f8f700b44a72b60f99203ca,,,already-present-matching
membership-image,"resources/source-cds/38-Glamorgan East Conference,1853-1863,LR1761621/Images/LR-1761621_v2_M_00013.jpg","38-Glamorgan East Conference,1853-1863,LR1761621/Images/LR-1761621_v2_M_00013.jpg",611970,52bf8279956a522edac808d3629d7729,5a79fc99172b5417426e763546d4f10a181d3186,,,already-present-matching
membership-image,"resources/source-cds/38-Glamorgan East Conference,1853-1863,LR1761621/Images/LR-1761621_v2_M_00014.jpg","38-Glamorgan East Conference,1853-1863,LR1761621/Images/LR-1761621_v2_M_00014.jpg",600274,5e7517415f2913d07f3ace9a20af5c2c,2588bdf2193b29665227175d48b109a7124f4424,,,already-present-matching
membership-image,"resources/source-cds/38-Glamorgan East Conference,1853-1863,LR1761621/Images/LR-1761621_v2_M_00015.jpg","38-Glamorgan East Conference,1853-1863,LR1761621/Images/LR-1761621_v2_M_00015.jpg",583790,a9bf8093ec3113666c1f92d0c4e003fd,85c8ea8f00fb83989a7446a23272cd3bbe723da0,,,already-present-matching
membership-image,"resources/source-cds/38-Glamorgan East Conference,1853-1863,LR1761621/Images/LR-1761621_v2_M_00016.jpg","38-Glamorgan East Conference,1853-1863,LR1761621/Images/LR-1761621_v2_M_00016.jpg",656118,034be4e16084bd32a241b99ca5e7d02a,a341a54081cc177955ce5b6b49c02685bf36e33b,,,already-present-matching
membership-image,"resources/source-cds/38-Glamorgan East Conference,1853-1863,LR1761621/Images/LR-1761621_v2_M_00017.jpg","38-Glamorgan East Conference,1853-1863,LR1761621/Images/LR-1761621_v2_M_00017.jpg",609866,8eed98982b1d2f860a971cb134c3f59c,2d084d76b16bd8f74a8e470ecd46c89fcb94b1b1,,,already-present-matching
membership-image,"resources/source-cds/38-Glamorgan East Conference,1853-1863,LR1761621/Images/LR-1761621_v2_M_00018.jpg","38-Glamorgan East Conference,1853-1863,LR1761621/Images/LR-1761621_v2_M_00018.jpg",649812,16bdc0a22ecadd6f07bf1319df711530,be152e26ae55213d44d3acf7b38987e938ebe25e,,,already-present-matching
membership-image,"resources/source-cds/38-Glamorgan East Conference,1853-1863,LR1761621/Images/LR-1761621_v2_M_00019.jpg","38-Glamorgan East Conference,1853-1863,LR1761621/Images/LR-1761621_v2_M_00019.jpg",626734,760f1af754e6fe2ce8633720692db0ee,100aafa797e128a7b8d883d87dccc98e35e09ea0,,,already-present-matching
membership-image,"resources/source-cds/38-Glamorgan East Conference,1853-1863,LR1761621/Images/LR-1761621_v2_M_00020.jpg","38-Glamorgan East Conference,1853-1863,LR1761621/Images/LR-1761621_v2_M_00020.jpg",663477,d1e4d615480c29917681274c66659fc4,6e2733981c403bb9be679ef900da6ca747ead8d9,,,already-present-matching
membership-image,"resources/source-cds/38-Glamorgan East Conference,1853-1863,LR1761621/Images/LR-1761621_v2_M_00021.jpg","38-Glamorgan East Conference,1853-1863,LR1761621/Images/LR-1761621_v2_M_00021.jpg",653258,5ec3c059cd4ba5c9e7cdf5838f7259bb,d7276c00f539e2d3a59d8c4ec7d697e0439956d5,,,already-present-matching
membership-image,"resources/source-cds/38-Glamorgan East Conference,1853-1863,LR1761621/Images/LR-1761621_v2_M_00022.jpg","38-Glamorgan East Conference,1853-1863,LR1761621/Images/LR-1761621_v2_M_00022.jpg",648398,ae28956116bc88f267175d64a79af333,87f0ee74a6b0715cc676b2ab19d5d2de173cb1d4,,,already-present-matching
membership-image,"resources/source-cds/38-Glamorgan East Conference,1853-1863,LR1761621/Images/LR-1761621_v2_M_00023.jpg","38-Glamorgan East Conference,1853-1863,LR1761621/Images/LR-1761621_v2_M_00023.jpg",577916,a0422f82062c5e8a10c234d87be95445,ad9b1ebf58f4d5ec8d1ef18bcdf8fb5368bd7be7,,,already-present-matching
membership-image,"resources/source-cds/38-Glamorgan East Conference,1853-1863,LR1761621/Images/LR-1761621_v2_M_00024.jpg","38-Glamorgan East Conference,1853-1863,LR1761621/Images/LR-1761621_v2_M_00024.jpg",620164,80d329e33b640e3db28d9f46582b4672,cd6779084862d291bb8ed2a2921bbb61203653a1,,,already-present-matching
membership-image,"resources/source-cds/38-Glamorgan East Conference,1853-1863,LR1761621/Images/LR-1761621_v2_M_00025.jpg","38-Glamorgan East Conference,1853-1863,LR1761621/Images/LR-1761621_v2_M_00025.jpg",591034,a21839196071d1ad6c07105f1800fa75,2b84cbb19320f05c698999cb68a8929d99ebd836,,,already-present-matching
membership-image,"resources/source-cds/38-Glamorgan East Conference,1853-1863,LR1761621/Images/LR-1761621_v2_M_00026.jpg","38-Glamorgan East Conference,1853-1863,LR1761621/Images/LR-1761621_v2_M_00026.jpg",635179,704e54bf185481eb02cd9a9c3c61692f,55f64a62bdf84993d0929503bab584d9c7e36163,,,already-present-matching
membership-image,"resources/source-cds/38-Glamorgan East Conference,1853-1863,LR1761621/Images/LR-1761621_v2_M_00027.jpg","38-Glamorgan East Conference,1853-1863,LR1761621/Images/LR-1761621_v2_M_00027.jpg",595003,189236a18d446d19417c8530675f92cc,962c609f64f784cd4d84279bcd96c4c844479b13,,,already-present-matching
membership-image,"resources/source-cds/38-Glamorgan East Conference,1853-1863,LR1761621/Images/LR-1761621_v2_M_00028.jpg","38-Glamorgan East Conference,1853-1863,LR1761621/Images/LR-1761621_v2_M_00028.jpg",610700,ba00b801400d95eb4765d0c01f556589,c9e96eee2bf61900e7ad8ff9129b749a3f2466b9,,,already-present-matching
membership-image,"resources/source-cds/38-Glamorgan East Conference,1853-1863,LR1761621/Images/LR-1761621_v2_M_00029.jpg","38-Glamorgan East Conference,1853-1863,LR1761621/Images/LR-1761621_v2_M_00029.jpg",613771,21bd518055b005bb0567f277f5a358af,1106def1d1c8a1ce03e188e4997bfeab9a473a1a,,,already-present-matching
membership-image,"resources/source-cds/38-Glamorgan East Conference,1853-1863,LR1761621/Images/LR-1761621_v2_M_00030.jpg","38-Glamorgan East Conference,1853-1863,LR1761621/Images/LR-1761621_v2_M_00030.jpg",628367,742148cefff34bf289956d5028afa4c9,569f1bd7eed4e395232263a91db2a5d0def093ee,,,already-present-matching
membership-image,"resources/source-cds/38-Glamorgan East Conference,1853-1863,LR1761621/Images/LR-1761621_v2_M_00031.jpg","38-Glamorgan East Conference,1853-1863,LR1761621/Images/LR-1761621_v2_M_00031.jpg",586091,88a51fcc4c5e0ad1aad1c341cb322f39,ea9335527bf9b821e6ef465af9a78f6bdafbcf2d,,,already-present-matching
membership-image,"resources/source-cds/38-Glamorgan East Conference,1853-1863,LR1761621/Images/LR-1761621_v2_M_00032.jpg","38-Glamorgan East Conference,1853-1863,LR1761621/Images/LR-1761621_v2_M_00032.jpg",633004,15420e803e1a0a1d1863f0c4b7fd9a38,da54f68235ca6f31414b3aa46fb3e9e365b9656e,,,already-present-matching
membership-image,"resources/source-cds/38-Glamorgan East Conference,1853-1863,LR1761621/Images/LR-1761621_v2_M_00033.jpg","38-Glamorgan East Conference,1853-1863,LR1761621/Images/LR-1761621_v2_M_00033.jpg",591658,c261271ddd6478fce59d6d63fa124895,856fa304441bd5a8fb3cbf4a02fcc91877985ebc,,,already-present-matching
membership-image,"resources/source-cds/38-Glamorgan East Conference,1853-1863,LR1761621/Images/LR-1761621_v2_M_00034.jpg","38-Glamorgan East Conference,1853-1863,LR1761621/Images/LR-1761621_v2_M_00034.jpg",630581,ce7f9d97b58a12ec8034b12a2e6ed429,de5b828f70fcbdbdf2bc825a09104ccd0e954fe4,,,already-present-matching
membership-image,"resources/source-cds/38-Glamorgan East Conference,1853-1863,LR1761621/Images/LR-1761621_v2_M_00035.jpg","38-Glamorgan East Conference,1853-1863,LR1761621/Images/LR-1761621_v2_M_00035.jpg",542746,5b0f4d60e2fccb131b634c6b0e4c005b,2ab8e7944c5defc24111998e170b2f2186b38461,,,already-present-matching
membership-image,"resources/source-cds/38-Glamorgan East Conference,1853-1863,LR1761621/Images/LR-1761621_v2_M_00036.jpg","38-Glamorgan East Conference,1853-1863,LR1761621/Images/LR-1761621_v2_M_00036.jpg",625493,fceddf4942b8c895e5d7ffaa1d320280,c478463efd8772104787f94b8d705714e9f01104,,,already-present-matching
membership-image,"resources/source-cds/38-Glamorgan East Conference,1853-1863,LR1761621/Images/LR-1761621_v2_M_00037.jpg","38-Glamorgan East Conference,1853-1863,LR1761621/Images/LR-1761621_v2_M_00037.jpg",595655,aab1b393723c861ba2ff4bb511651b9b,929677363fe1c11151075efbf80ca19e91c9d709,,,already-present-matching
membership-image,"resources/source-cds/38-Glamorgan East Conference,1853-1863,LR1761621/Images/LR-1761621_v2_M_00038.jpg","38-Glamorgan East Conference,1853-1863,LR1761621/Images/LR-1761621_v2_M_00038.jpg",642673,e1ad59858329ac25f17ba0b7e6ea1986,2547ee23c4a57704ad0496e0cf4ef5030f842023,,,already-present-matching
membership-image,"resources/source-cds/38-Glamorgan East Conference,1853-1863,LR1761621/Images/LR-1761621_v2_M_00039.jpg","38-Glamorgan East Conference,1853-1863,LR1761621/Images/LR-1761621_v2_M_00039.jpg",600544,74c4c2c7f58beb1c7a4c4e35bc2d8e04,41f33c29ed8b91400c145318955f4b682fdd36f7,,,already-present-matching
membership-image,"resources/source-cds/38-Glamorgan East Conference,1853-1863,LR1761621/Images/LR-1761621_v2_M_00040.jpg","38-Glamorgan East Conference,1853-1863,LR1761621/Images/LR-1761621_v2_M_00040.jpg",643594,d2b657053a30e90882c6f9e8aa6e40db,76543294a488e4101248ec8223101cd6092723c2,,,already-present-matching
membership-image,"resources/source-cds/38-Glamorgan East Conference,1853-1863,LR1761621/Images/LR-1761621_v2_M_00041.jpg","38-Glamorgan East Conference,1853-1863,LR1761621/Images/LR-1761621_v2_M_00041.jpg",585883,3953037625a40d0d147ef8b588ec6d4a,0e23b0bb99d99a582973fbbd75c3972fa5ee924e,,,already-present-matching
membership-image,"resources/source-cds/38-Glamorgan East Conference,1853-1863,LR1761621/Images/LR-1761621_v2_M_00042.jpg","38-Glamorgan East Conference,1853-1863,LR1761621/Images/LR-1761621_v2_M_00042.jpg",631481,d4485f62a531a1dc6931eb360abd5e03,1b2411f238d7d274256f301e6acaabfa69942357,,,already-present-matching
membership-image,"resources/source-cds/38-Glamorgan East Conference,1853-1863,LR1761621/Images/LR-1761621_v2_M_00043.jpg","38-Glamorgan East Conference,1853-1863,LR1761621/Images/LR-1761621_v2_M_00043.jpg",577832,b9aa830cd1e36029a1a7483dddc97cd9,c548008706507ed4b6f41427b4eff9eccb6436cc,,,already-present-matching
membership-image,"resources/source-cds/38-Glamorgan East Conference,1853-1863,LR1761621/Images/LR-1761621_v2_M_00044.jpg","38-Glamorgan East Conference,1853-1863,LR1761621/Images/LR-1761621_v2_M_00044.jpg",638820,a385efa5b27883cfd47f5ddbe44b69b7,89f36a3c2f0f297dea9300d1f4f1b498bb11ed8f,,,already-present-matching
membership-image,"resources/source-cds/38-Glamorgan East Conference,1853-1863,LR1761621/Images/LR-1761621_v2_M_00045.jpg","38-Glamorgan East Conference,1853-1863,LR1761621/Images/LR-1761621_v2_M_00045.jpg",584556,e630836e48e95167432bde3aa834b5ae,1636c0331cff8276700b0e331a110837d0d90b9f,,,already-present-matching
membership-image,"resources/source-cds/38-Glamorgan East Conference,1853-1863,LR1761621/Images/LR-1761621_v2_M_00046.jpg","38-Glamorgan East Conference,1853-1863,LR1761621/Images/LR-1761621_v2_M_00046.jpg",652412,8311061355c5fd36891e063e950fa705,2db15cbeeb19f8db793cfce8e0eced2284ff1797,,,already-present-matching
membership-image,"resources/source-cds/38-Glamorgan East Conference,1853-1863,LR1761621/Images/LR-1761621_v2_M_00047.jpg","38-Glamorgan East Conference,1853-1863,LR1761621/Images/LR-1761621_v2_M_00047.jpg",600597,343ecb30816f960dcb3768a475f34c38,53323f3553e98469e74c26a267506593ff223bef,,,already-present-matching
membership-image,"resources/source-cds/38-Glamorgan East Conference,1853-1863,LR1761621/Images/LR-1761621_v2_M_00048.jpg","38-Glamorgan East Conference,1853-1863,LR1761621/Images/LR-1761621_v2_M_00048.jpg",639049,d28939c3cdb33717f93c54d67e7ce672,f91ec8a398684fe27976bbf322b73dc46d1bb37a,,,already-present-matching
membership-image,"resources/source-cds/38-Glamorgan East Conference,1853-1863,LR1761621/Images/LR-1761621_v2_M_00049.jpg","38-Glamorgan East Conference,1853-1863,LR1761621/Images/LR-1761621_v2_M_00049.jpg",551667,8846653354eea0d1a6151c73adf6c987,b1db0484eb67d63f78e33c531af61b74797bc2dd,,,already-present-matching
membership-image,"resources/source-cds/38-Glamorgan East Conference,1853-1863,LR1761621/Images/LR-1761621_v2_M_00050.jpg","38-Glamorgan East Conference,1853-1863,LR1761621/Images/LR-1761621_v2_M_00050.jpg",652479,cf8f178a8269a3c3368ea7391403b83d,f804465434b7b26e93b7c495e60024a6ca485af1,,,already-present-matching
membership-image,"resources/source-cds/38-Glamorgan East Conference,1853-1863,LR1761621/Images/LR-1761621_v2_M_00051.jpg","38-Glamorgan East Conference,1853-1863,LR1761621/Images/LR-1761621_v2_M_00051.jpg",585152,56702ec63673fe81e1092b87773d4ae4,7c1e382f9c7e0c94368fcec6cd41eac381e85d7e,,,already-present-matching
membership-image,"resources/source-cds/38-Glamorgan East Conference,1853-1863,LR1761621/Images/LR-1761621_v2_M_00052.jpg","38-Glamorgan East Conference,1853-1863,LR1761621/Images/LR-1761621_v2_M_00052.jpg",637243,8be467fb5fd9d2be5169a05f023a6912,a6579fccc1d9a00b7afca38337145457c349177b,,,already-present-matching
membership-image,"resources/source-cds/38-Glamorgan East Conference,1853-1863,LR1761621/Images/LR-1761621_v2_M_00053.jpg","38-Glamorgan East Conference,1853-1863,LR1761621/Images/LR-1761621_v2_M_00053.jpg",606143,5b2be46a9c1d201dcdf61ff8ceaf7e4f,067684c65739d43f75fb357a16e0e6de215d6f9a,,,already-present-matching
membership-image,"resources/source-cds/38-Glamorgan East Conference,1853-1863,LR1761621/Images/LR-1761621_v2_M_00054.jpg","38-Glamorgan East Conference,1853-1863,LR1761621/Images/LR-1761621_v2_M_00054.jpg",672337,3a8e0d89e5e6629b7370e965e5fe1691,8767935b376e375052fbe1aa106ea94e22ba84a5,,,already-present-matching
membership-image,"resources/source-cds/38-Glamorgan East Conference,1853-1863,LR1761621/Images/LR-1761621_v2_M_00055.jpg","38-Glamorgan East Conference,1853-1863,LR1761621/Images/LR-1761621_v2_M_00055.jpg",611889,b6be68f1fa437244f4c57d81436bfb1d,a0e9a0afba937433405f3525c300ebed912068db,,,already-present-matching
membership-image,"resources/source-cds/38-Glamorgan East Conference,1853-1863,LR1761621/Images/LR-1761621_v2_M_00056.jpg","38-Glamorgan East Conference,1853-1863,LR1761621/Images/LR-1761621_v2_M_00056.jpg",631596,f310d40594ae02f41edd976bcee37822,d4a383758461b194f1fc5a2cbe35af4181dddfd6,,,already-present-matching
membership-image,"resources/source-cds/38-Glamorgan East Conference,1853-1863,LR1761621/Images/LR-1761621_v2_M_00057.jpg","38-Glamorgan East Conference,1853-1863,LR1761621/Images/LR-1761621_v2_M_00057.jpg",593782,b2a8363a070a1681de53a7bbe9d2dd9c,dce8dee4b2662c92d847a0429ffd942e739dfc5b,,,already-present-matching
membership-image,"resources/source-cds/38-Glamorgan East Conference,1853-1863,LR1761621/Images/LR-1761621_v2_M_00058.jpg","38-Glamorgan East Conference,1853-1863,LR1761621/Images/LR-1761621_v2_M_00058.jpg",654562,9f7082a448b50dcdf82f7bfe80a1e1fb,f60cde809886af9f5a038bc7b648871faa5b97e9,,,already-present-matching
membership-image,"resources/source-cds/38-Glamorgan East Conference,1853-1863,LR1761621/Images/LR-1761621_v2_M_00059.jpg","38-Glamorgan East Conference,1853-1863,LR1761621/Images/LR-1761621_v2_M_00059.jpg",597032,1c86cb866f9dfa6c35825d473f5d618d,79eb7cdcf866ea3eecde1274850937e66a711fb5,,,already-present-matching
membership-image,"resources/source-cds/38-Glamorgan East Conference,1853-1863,LR1761621/Images/LR-1761621_v2_M_00060.jpg","38-Glamorgan East Conference,1853-1863,LR1761621/Images/LR-1761621_v2_M_00060.jpg",671257,e91c3d3b52bd9e532f2f210e744ba604,18c15c7d71a4836dbb45fc8aaeeb5c42f9a8c459,,,already-present-matching
membership-image,"resources/source-cds/38-Glamorgan East Conference,1853-1863,LR1761621/Images/LR-1761621_v2_M_00061.jpg","38-Glamorgan East Conference,1853-1863,LR1761621/Images/LR-1761621_v2_M_00061.jpg",621647,737ffc3f97d88cc7328078afbfb9de49,bed2275a786df718fe4e6cd5b7ccff1864f3a01a,,,already-present-matching
membership-image,"resources/source-cds/38-Glamorgan East Conference,1853-1863,LR1761621/Images/LR-1761621_v2_M_00062.jpg","38-Glamorgan East Conference,1853-1863,LR1761621/Images/LR-1761621_v2_M_00062.jpg",662628,99e15f875206989cd47e98fb4f425aa9,cdbc3a88818b60c14c05b99149e9f848716962f7,,,already-present-matching
membership-image,"resources/source-cds/38-Glamorgan East Conference,1853-1863,LR1761621/Images/LR-1761621_v2_M_00063.jpg","38-Glamorgan East Conference,1853-1863,LR1761621/Images/LR-1761621_v2_M_00063.jpg",612649,0ed80f162a55e65962fe24249dc46848,00392a176d22419da0538acb51e29287c38db185,,,already-present-matching
membership-image,"resources/source-cds/38-Glamorgan East Conference,1853-1863,LR1761621/Images/LR-1761621_v2_M_00064.jpg","38-Glamorgan East Conference,1853-1863,LR1761621/Images/LR-1761621_v2_M_00064.jpg",672982,2b5335a8389611b5da83bc6a6d54627b,30a8a48b0fdb51803670d1ef1ac246902880188e,,,already-present-matching
membership-image,"resources/source-cds/38-Glamorgan East Conference,1853-1863,LR1761621/Images/LR-1761621_v2_M_00065.jpg","38-Glamorgan East Conference,1853-1863,LR1761621/Images/LR-1761621_v2_M_00065.jpg",625678,bc36978ee869e1251d90549a6b2952bc,76c264d86de323cfa8dd4226455ed17d75f20f58,,,already-present-matching
membership-image,"resources/source-cds/38-Glamorgan East Conference,1853-1863,LR1761621/Images/LR-1761621_v2_M_00066.jpg","38-Glamorgan East Conference,1853-1863,LR1761621/Images/LR-1761621_v2_M_00066.jpg",658047,f10de987ce98034d0b54580f15151848,7c8d423088b9eec3d5012c58e7f880a06a968825,,,already-present-matching
membership-image,"resources/source-cds/38-Glamorgan East Conference,1853-1863,LR1761621/Images/LR-1761621_v2_M_00067.jpg","38-Glamorgan East Conference,1853-1863,LR1761621/Images/LR-1761621_v2_M_00067.jpg",606604,69f028c1ef30e43417581f32e5ef8426,a5148bd139a56c857a20311c17b64e9fceabebce,,,already-present-matching
membership-image,"resources/source-cds/38-Glamorgan East Conference,1853-1863,LR1761621/Images/LR-1761621_v2_M_00068.jpg","38-Glamorgan East Conference,1853-1863,LR1761621/Images/LR-1761621_v2_M_00068.jpg",674903,9164653b2abb9b73adbda7a5c6fc523b,9b13e9e31eea3e621c5e137c91ae01858a53c315,,,already-present-matching
membership-image,"resources/source-cds/38-Glamorgan East Conference,1853-1863,LR1761621/Images/LR-1761621_v2_M_00069.jpg","38-Glamorgan East Conference,1853-1863,LR1761621/Images/LR-1761621_v2_M_00069.jpg",612884,c2917be1287a9f162dff9ba3e699ab46,59324556efe473e25b536737dcd4e3b91c988ca8,,,already-present-matching
membership-image,"resources/source-cds/38-Glamorgan East Conference,1853-1863,LR1761621/Images/LR-1761621_v2_M_00070.jpg","38-Glamorgan East Conference,1853-1863,LR1761621/Images/LR-1761621_v2_M_00070.jpg",673464,378e01ecd8576670c4bca2a903ca028e,5fa63f4ef28ca189153a6d16df81cc2f79f57dc3,,,already-present-matching
membership-image,"resources/source-cds/38-Glamorgan East Conference,1853-1863,LR1761621/Images/LR-1761621_v2_M_00071.jpg","38-Glamorgan East Conference,1853-1863,LR1761621/Images/LR-1761621_v2_M_00071.jpg",622841,741271af87eae0bba551fdf92c572248,e2d60140dc32b01bfdef5925fd1ca0d1226255d2,,,already-present-matching
membership-image,"resources/source-cds/38-Glamorgan East Conference,1853-1863,LR1761621/Images/LR-1761621_v2_M_00072.jpg","38-Glamorgan East Conference,1853-1863,LR1761621/Images/LR-1761621_v2_M_00072.jpg",649516,6640b9374463ec0e0fbfa374265726ec,836c29eb7670dcce144b8f1d1d839750c6e9bf35,,,already-present-matching
membership-image,"resources/source-cds/38-Glamorgan East Conference,1853-1863,LR1761621/Images/LR-1761621_v2_M_00073.jpg","38-Glamorgan East Conference,1853-1863,LR1761621/Images/LR-1761621_v2_M_00073.jpg",605353,3398e86211eeb28365f3ecf467718df6,828d084bd0e912112a88f3ff22697af29dbe3143,,,already-present-matching
membership-image,"resources/source-cds/38-Glamorgan East Conference,1853-1863,LR1761621/Images/LR-1761621_v2_M_00074.jpg","38-Glamorgan East Conference,1853-1863,LR1761621/Images/LR-1761621_v2_M_00074.jpg",672285,778d080d2a68db3c950b6256f42f9bf5,028a41de2eb186387601441bca128b3970d7528f,,,already-present-matching
membership-image,"resources/source-cds/38-Glamorgan East Conference,1853-1863,LR1761621/Images/LR-1761621_v2_M_00075.jpg","38-Glamorgan East Conference,1853-1863,LR1761621/Images/LR-1761621_v2_M_00075.jpg",608550,7a8c0c8725d04d881a62ebe6b76964f1,8c46f0e5b4f47000d8adfe9418ddcca4b8a440d7,,,already-present-matching
membership-image,"resources/source-cds/38-Glamorgan East Conference,1853-1863,LR1761621/Images/LR-1761621_v2_M_00076.jpg","38-Glamorgan East Conference,1853-1863,LR1761621/Images/LR-1761621_v2_M_00076.jpg",640783,a489a4857a9dc64898e7a2216bb44180,c88d37dca861494e99719ad99161e2173ebad36d,,,already-present-matching
membership-image,"resources/source-cds/38-Glamorgan East Conference,1853-1863,LR1761621/Images/LR-1761621_v2_M_00077.jpg","38-Glamorgan East Conference,1853-1863,LR1761621/Images/LR-1761621_v2_M_00077.jpg",627759,a4015982927f2814976f58ed02f68bc7,56880d7e7820d140c991e3f30819dc015d4445bb,,,already-present-matching
membership-image,"resources/source-cds/38-Glamorgan East Conference,1853-1863,LR1761621/Images/LR-1761621_v2_M_00078.jpg","38-Glamorgan East Conference,1853-1863,LR1761621/Images/LR-1761621_v2_M_00078.jpg",661922,aa1557f2077ff4c2807eccba29a33b26,60252442b13e5e6b4608226a94327e8dfc246d02,,,already-present-matching
membership-image,"resources/source-cds/38-Glamorgan East Conference,1853-1863,LR1761621/Images/LR-1761621_v2_M_00079.jpg","38-Glamorgan East Conference,1853-1863,LR1761621/Images/LR-1761621_v2_M_00079.jpg",608036,6c47475f7db09175737965ebfc432e6f,932b672531c6d3ae5be6fbc3f7722e8ae41132ec,,,already-present-matching
membership-image,"resources/source-cds/38-Glamorgan East Conference,1853-1863,LR1761621/Images/LR-1761621_v2_M_00080.jpg","38-Glamorgan East Conference,1853-1863,LR1761621/Images/LR-1761621_v2_M_00080.jpg",634908,9d4eb50943e0a0823ba43de942ad0327,05135867812e5202d755b2da9e92301817e71d16,,,already-present-matching
membership-image,"resources/source-cds/38-Glamorgan East Conference,1853-1863,LR1761621/Images/LR-1761621_v2_M_00081.jpg","38-Glamorgan East Conference,1853-1863,LR1761621/Images/LR-1761621_v2_M_00081.jpg",594588,43b48610516967495bbeacd69ed8d49c,7fbe6685f88293988131bb3022adbed22f5170a4,,,already-present-matching
membership-image,"resources/source-cds/38-Glamorgan East Conference,1853-1863,LR1761621/Images/LR-1761621_v2_M_00082.jpg","38-Glamorgan East Conference,1853-1863,LR1761621/Images/LR-1761621_v2_M_00082.jpg",630364,ddde0a3ba1524c4f41e2c952e2672f8d,e867d8ff2fcae001c47c18412a07841b82ef3a87,,,already-present-matching
membership-image,"resources/source-cds/38-Glamorgan East Conference,1853-1863,LR1761621/Images/LR-1761621_v2_M_00083.jpg","38-Glamorgan East Conference,1853-1863,LR1761621/Images/LR-1761621_v2_M_00083.jpg",594094,4c49b0e82d2d606dbd81a0f88c86df26,4184e407ebd327f23eb16c79d5fce783b5cdecd6,,,already-present-matching
membership-image,"resources/source-cds/38-Glamorgan East Conference,1853-1863,LR1761621/Images/LR-1761621_v2_M_00084.jpg","38-Glamorgan East Conference,1853-1863,LR1761621/Images/LR-1761621_v2_M_00084.jpg",624369,811b5e0d5ec92a41bbd78134b87a6661,e9dc7917157fbbd3ce8020534c907ca577f561d0,,,already-present-matching
membership-image,"resources/source-cds/38-Glamorgan East Conference,1853-1863,LR1761621/Images/LR-1761621_v2_M_00085.jpg","38-Glamorgan East Conference,1853-1863,LR1761621/Images/LR-1761621_v2_M_00085.jpg",567489,7ea3b03767a855915ecf0ecf344b30f7,b3357249380279919a0fbc84f42115a99264f549,,,already-present-matching
membership-image,"resources/source-cds/38-Glamorgan East Conference,1853-1863,LR1761621/Images/LR-1761621_v2_M_00086.jpg","38-Glamorgan East Conference,1853-1863,LR1761621/Images/LR-1761621_v2_M_00086.jpg",656616,9bb26e876bff98878f08a9caccbf5eab,a5f2e63406f36af8a2b41d7ca4df3da1306a4dbd,,,already-present-matching
membership-image,"resources/source-cds/38-Glamorgan East Conference,1853-1863,LR1761621/Images/LR-1761621_v2_M_00087.jpg","38-Glamorgan East Conference,1853-1863,LR1761621/Images/LR-1761621_v2_M_00087.jpg",599736,18e341f9334363674cc04aa13d874f27,fd5b9465579054e0345958dd2773a7dea3d84ad0,,,already-present-matching
membership-image,"resources/source-cds/38-Glamorgan East Conference,1853-1863,LR1761621/Images/LR-1761621_v2_M_00088.jpg","38-Glamorgan East Conference,1853-1863,LR1761621/Images/LR-1761621_v2_M_00088.jpg",624106,fee02e868f6b2d18af0c53967ada6f18,86b2a1e312274f0e303c4981efa0d4f1f289d180,,,already-present-matching
membership-image,"resources/source-cds/38-Glamorgan East Conference,1853-1863,LR1761621/Images/LR-1761621_v2_M_00089.jpg","38-Glamorgan East Conference,1853-1863,LR1761621/Images/LR-1761621_v2_M_00089.jpg",592956,6f0b4a585e3de1c0d0c96a7fe9cbe02d,31620e0eb44091a1fa468b2e8bf3ad88b1c288ba,,,already-present-matching
membership-image,"resources/source-cds/38-Glamorgan East Conference,1853-1863,LR1761621/Images/LR-1761621_v2_M_00090.jpg","38-Glamorgan East Conference,1853-1863,LR1761621/Images/LR-1761621_v2_M_00090.jpg",619628,4ea48c82953421b74839e323ea740a3a,fdd374920d78a7c7fc6d570d396cf962a928f43b,,,already-present-matching
membership-image,"resources/source-cds/38-Glamorgan East Conference,1853-1863,LR1761621/Images/LR-1761621_v2_M_00091.jpg","38-Glamorgan East Conference,1853-1863,LR1761621/Images/LR-1761621_v2_M_00091.jpg",594034,fd6d1628f9dca5a46cf97612b237f1bb,a52939b8eb906c13a06e448e60522999eef0b0cc,,,already-present-matching
membership-image,"resources/source-cds/38-Glamorgan East Conference,1853-1863,LR1761621/Images/LR-1761621_v2_M_00092.jpg","38-Glamorgan East Conference,1853-1863,LR1761621/Images/LR-1761621_v2_M_00092.jpg",636031,52da65b06c3ffa0875559a2d67ee8d4d,862f019d5bc2bd83555abd94b110995ed963f901,,,already-present-matching
membership-image,"resources/source-cds/38-Glamorgan East Conference,1853-1863,LR1761621/Images/LR-1761621_v2_M_00093.jpg","38-Glamorgan East Conference,1853-1863,LR1761621/Images/LR-1761621_v2_M_00093.jpg",583961,416903bf21d7b2938be6dcfc37121321,6841236984ec8279487ecf85ff34f4f317de8b3b,,,already-present-matching
membership-image,"resources/source-cds/38-Glamorgan East Conference,1853-1863,LR1761621/Images/LR-1761621_v2_M_00094.jpg","38-Glamorgan East Conference,1853-1863,LR1761621/Images/LR-1761621_v2_M_00094.jpg",597586,8385e2ce65cab9f36eb46cdfb08f6864,6e60219903cc572e298495168e22a1202ef04114,,,already-present-matching
membership-image,"resources/source-cds/38-Glamorgan East Conference,1853-1863,LR1761621/Images/LR-1761621_v2_M_00095.jpg","38-Glamorgan East Conference,1853-1863,LR1761621/Images/LR-1761621_v2_M_00095.jpg",572410,256bad4471da9b3207646e7718f5dd99,7f53238e2830b095cf9274452eb4afd22c571c42,,,already-present-matching
membership-image,"resources/source-cds/38-Glamorgan East Conference,1853-1863,LR1761621/Images/LR-1761621_v2_M_00096.jpg","38-Glamorgan East Conference,1853-1863,LR1761621/Images/LR-1761621_v2_M_00096.jpg",629601,cbb4527144dd05e13fdaf4c73f419a14,f75f99b288c27fb8a2cb64015b933d2371dcf0a6,,,already-present-matching
membership-image,"resources/source-cds/38-Glamorgan East Conference,1853-1863,LR1761621/Images/LR-1761621_v2_M_00097.jpg","38-Glamorgan East Conference,1853-1863,LR1761621/Images/LR-1761621_v2_M_00097.jpg",586761,f9be8008ad3739ffc510f14d2250c4fc,b7f5fc7f5b95a2498c89e19f620f8fefbfb47485,,,already-present-matching
membership-image,"resources/source-cds/38-Glamorgan East Conference,1853-1863,LR1761621/Images/LR-1761621_v2_M_00098.jpg","38-Glamorgan East Conference,1853-1863,LR1761621/Images/LR-1761621_v2_M_00098.jpg",621423,9cd03a6ab91c7800b6e38bd61f24cd48,9f4956750fc97b3933c56483a84f3f71ea10b27c,,,already-present-matching
membership-image,"resources/source-cds/38-Glamorgan East Conference,1853-1863,LR1761621/Images/LR-1761621_v2_M_00099.jpg","38-Glamorgan East Conference,1853-1863,LR1761621/Images/LR-1761621_v2_M_00099.jpg",557625,3b6264d1732a64739d8f4a6b4f311673,0ce8b327691508406c091954e873a4c3dbcf4837,,,already-present-matching
membership-image,"resources/source-cds/38-Glamorgan East Conference,1853-1863,LR1761621/Images/LR-1761621_v2_M_00100.jpg","38-Glamorgan East Conference,1853-1863,LR1761621/Images/LR-1761621_v2_M_00100.jpg",632822,989f63d9373ca3d44fabf3c804a68059,d2332a201d964dfc3354863e4ce640c8a89031d1,,,already-present-matching
membership-image,"resources/source-cds/38-Glamorgan East Conference,1853-1863,LR1761621/Images/LR-1761621_v2_M_00101.jpg","38-Glamorgan East Conference,1853-1863,LR1761621/Images/LR-1761621_v2_M_00101.jpg",560904,e79ea9d5370dd59820c39342f8ece0e4,ec4f5700d855c11516ef45497764b850a25f308f,,,already-present-matching
membership-image,"resources/source-cds/38-Glamorgan East Conference,1853-1863,LR1761621/Images/LR-1761621_v2_M_00102.jpg","38-Glamorgan East Conference,1853-1863,LR1761621/Images/LR-1761621_v2_M_00102.jpg",655382,49a82fc41938e7672473a7e9d2e93b3a,e88bd5619a6c4c654dca680f049b656b82d5c4fc,,,already-present-matching
membership-image,"resources/source-cds/38-Glamorgan East Conference,1853-1863,LR1761621/Images/LR-1761621_v2_M_00103.jpg","38-Glamorgan East Conference,1853-1863,LR1761621/Images/LR-1761621_v2_M_00103.jpg",557895,774f106ce3a3b0efec1ff00e7628c308,e02011b7ba25469b5fb81982cefbe926ed994e92,,,already-present-matching
membership-image,"resources/source-cds/38-Glamorgan East Conference,1853-1863,LR1761621/Images/LR-1761621_v2_M_00104.jpg","38-Glamorgan East Conference,1853-1863,LR1761621/Images/LR-1761621_v2_M_00104.jpg",657174,ea3e5cb068c7c111cf48e6102f2b5abd,6995f92b4cca3cbddd34b76551cc7ec2042af634,,,already-present-matching
membership-image,"resources/source-cds/38-Glamorgan East Conference,1853-1863,LR1761621/Images/LR-1761621_v2_M_00105.jpg","38-Glamorgan East Conference,1853-1863,LR1761621/Images/LR-1761621_v2_M_00105.jpg",569646,0fa7c75944b625900c3b1afeeb97efce,5f8129a8c62ae5328542ac5748f0263c6afb14ff,,,already-present-matching
membership-image,"resources/source-cds/38-Glamorgan East Conference,1853-1863,LR1761621/Images/LR-1761621_v2_M_00106.jpg","38-Glamorgan East Conference,1853-1863,LR1761621/Images/LR-1761621_v2_M_00106.jpg",653494,23b0f87697af1642e50e9156be5c8dc5,1edcf0f74c19d8ea09036f7b861e39e160d07103,,,already-present-matching
membership-image,"resources/source-cds/38-Glamorgan East Conference,1853-1863,LR1761621/Images/LR-1761621_v2_M_00107.jpg","38-Glamorgan East Conference,1853-1863,LR1761621/Images/LR-1761621_v2_M_00107.jpg",554853,90eeefcc8d5599453653a8bca5eda105,350a576aee0f2a39b0bf656668b13f52cb01b0f4,,,already-present-matching
membership-image,"resources/source-cds/38-Glamorgan East Conference,1853-1863,LR1761621/Images/LR-1761621_v2_M_00108.jpg","38-Glamorgan East Conference,1853-1863,LR1761621/Images/LR-1761621_v2_M_00108.jpg",661355,0d6ed58ac9f6790d3171b614e4117756,fc0b244d24597a59543cbcbc094b3331f36159d5,,,already-present-matching
membership-image,"resources/source-cds/38-Glamorgan East Conference,1853-1863,LR1761621/Images/LR-1761621_v2_M_00109.jpg","38-Glamorgan East Conference,1853-1863,LR1761621/Images/LR-1761621_v2_M_00109.jpg",568842,a2bc480b047dd7a14b1f62de0cc2fca2,70178f0d59bdab9f701f280520a420574cd7d4c8,,,already-present-matching
membership-image,"resources/source-cds/38-Glamorgan East Conference,1853-1863,LR1761621/Images/LR-1761621_v2_M_00110.jpg","38-Glamorgan East Conference,1853-1863,LR1761621/Images/LR-1761621_v2_M_00110.jpg",616303,df7fbfcecb3bc5c2850121fa1bff9fcb,558448d5c64f3046f94943fa2b1103475e50d56f,,,already-present-matching
membership-image,"resources/source-cds/38-Glamorgan East Conference,1853-1863,LR1761621/Images/LR-1761621_v2_M_00111.jpg","38-Glamorgan East Conference,1853-1863,LR1761621/Images/LR-1761621_v2_M_00111.jpg",539764,4985a4fecce4285d338af96863979d82,f875383a0890f21caa5a104bed48eb0c817d4c46,,,already-present-matching
membership-image,"resources/source-cds/38-Glamorgan East Conference,1853-1863,LR1761621/Images/LR-1761621_v2_M_00112.jpg","38-Glamorgan East Conference,1853-1863,LR1761621/Images/LR-1761621_v2_M_00112.jpg",624386,2fedcd0106e11f5a03e0dbab146da9c6,77ca56b675585013c40a9d850da79572906c1357,,,already-present-matching
membership-image,"resources/source-cds/38-Glamorgan East Conference,1853-1863,LR1761621/Images/LR-1761621_v2_M_00113.jpg","38-Glamorgan East Conference,1853-1863,LR1761621/Images/LR-1761621_v2_M_00113.jpg",533903,a392545dab74afea90a1faf46bcc2cb0,4faa2a792c42bf490c15f2720439609e8ad50fc0,,,already-present-matching
membership-image,"resources/source-cds/Cardiff (1851-1867) - Donations, Expenditures, Minutes, Records/848__M_00101.jpg","Cardiff (1851-1867) - Donations, Expenditures, Minutes, Records/848__M_00101.jpg",668415,5fc4d6d0d5e080258ff97763efebe66b,85a59789659123b5aea463ac98ccfff1aaa62812,,,already-present-matching
membership-image,"resources/source-cds/Cardiff (1851-1867) - Donations, Expenditures, Minutes, Records/848__M_00102.jpg","Cardiff (1851-1867) - Donations, Expenditures, Minutes, Records/848__M_00102.jpg",779560,e17c09cec73775e3053f73920a88acf9,aea538fcb6076ad16159d8b64d9f09d3e2c280b3,,,already-present-matching
membership-image,"resources/source-cds/Cardiff (1851-1867) - Donations, Expenditures, Minutes, Records/848__M_00103.jpg","Cardiff (1851-1867) - Donations, Expenditures, Minutes, Records/848__M_00103.jpg",677899,56e058e1fe57a1feecfd9ed41e42201e,a2461de7b5c5ca8ebc0ce33b340b83e36d7bfa9a,,,already-present-matching
membership-image,"resources/source-cds/Cardiff (1851-1867) - Donations, Expenditures, Minutes, Records/848__M_00104.jpg","Cardiff (1851-1867) - Donations, Expenditures, Minutes, Records/848__M_00104.jpg",776201,1b5048afbae4c2f056fd094ef7c94e1f,ebfdde3ae90b6e41d64520a19ff00cc85f2491a0,,,already-present-matching
membership-image,"resources/source-cds/Cardiff (1851-1867) - Donations, Expenditures, Minutes, Records/848__M_00105.jpg","Cardiff (1851-1867) - Donations, Expenditures, Minutes, Records/848__M_00105.jpg",708897,df44fcfb87581d0343d89d56243682cf,fc76e33a71bc497f771330076e8f0058a863ada3,,,already-present-matching
membership-image,"resources/source-cds/Cardiff (1851-1867) - Donations, Expenditures, Minutes, Records/848__M_00106.jpg","Cardiff (1851-1867) - Donations, Expenditures, Minutes, Records/848__M_00106.jpg",765619,5a2f6d38d3af9b6695c0f93ab2a02262,f9b2efd85609b3b3ff5ce87090416d5f715ffdba,,,already-present-matching
membership-image,"resources/source-cds/Cardiff (1851-1867) - Donations, Expenditures, Minutes, Records/848__M_00107.jpg","Cardiff (1851-1867) - Donations, Expenditures, Minutes, Records/848__M_00107.jpg",688753,bcf5d75b252b73843551516ffabd754e,2af79cf3694e15125b3e40636ab923b56884f70f,,,already-present-matching
membership-image,"resources/source-cds/Cardiff (1851-1867) - Donations, Expenditures, Minutes, Records/848__M_00108.jpg","Cardiff (1851-1867) - Donations, Expenditures, Minutes, Records/848__M_00108.jpg",762786,24333b9114dc7e863090e558b9c21c3e,3a04ec265c1ee5b270bf0b733a0c2cedfdabcd96,,,already-present-matching
membership-image,"resources/source-cds/Cardiff (1851-1867) - Donations, Expenditures, Minutes, Records/848__M_00109.jpg","Cardiff (1851-1867) - Donations, Expenditures, Minutes, Records/848__M_00109.jpg",688524,c73ffdc1b950346e32b362f75f5e5589,d7afc34551830306da93bad3d3a7596441431b5b,,,already-present-matching
membership-image,"resources/source-cds/Cardiff (1851-1867) - Donations, Expenditures, Minutes, Records/848__M_00110.jpg","Cardiff (1851-1867) - Donations, Expenditures, Minutes, Records/848__M_00110.jpg",774837,4377e195b6f08e35128a2ac274de0a48,0b2f003ae8098d354e3ff04362313b6e72e197bb,,,already-present-matching
membership-image,"resources/source-cds/Cardiff (1851-1867) - Donations, Expenditures, Minutes, Records/848__M_00111.jpg","Cardiff (1851-1867) - Donations, Expenditures, Minutes, Records/848__M_00111.jpg",676889,dd2de135ebfa16d5dbe3f264edee6f53,c5353d8392675360fb2179ae6757b2c44f9530a4,,,already-present-matching
membership-image,"resources/source-cds/Cardiff (1851-1867) - Donations, Expenditures, Minutes, Records/848__M_00112.jpg","Cardiff (1851-1867) - Donations, Expenditures, Minutes, Records/848__M_00112.jpg",743368,45c8f2f7703145d3d18620412db601da,93317a0e698d354a1f9149819b1713699582ec6a,,,already-present-matching
membership-image,"resources/source-cds/Cardiff (1851-1867) - Donations, Expenditures, Minutes, Records/848__M_00113.jpg","Cardiff (1851-1867) - Donations, Expenditures, Minutes, Records/848__M_00113.jpg",670684,8b81bc043c9edd99ef5deb5dcd53620b,f89a969f64c37b1d54d003354c3c908d4b8961c2,,,already-present-matching
membership-image,"resources/source-cds/Cardiff (1851-1867) - Donations, Expenditures, Minutes, Records/848__M_00114.jpg","Cardiff (1851-1867) - Donations, Expenditures, Minutes, Records/848__M_00114.jpg",772613,ea54c26e9a92b5f97008d8b43a869543,6d8e335102631a0296b6c6b5670ccf4385732bbb,,,already-present-matching
membership-image,"resources/source-cds/Cardiff (1851-1867) - Donations, Expenditures, Minutes, Records/848__M_00115.jpg","Cardiff (1851-1867) - Donations, Expenditures, Minutes, Records/848__M_00115.jpg",712705,4be60d9b463858893afdf78dfa43ce30,8f008ea0ea119c9ef283038ea37740a350e84125,,,already-present-matching
membership-image,"resources/source-cds/Cardiff (1851-1867) - Donations, Expenditures, Minutes, Records/848__M_00116.jpg","Cardiff (1851-1867) - Donations, Expenditures, Minutes, Records/848__M_00116.jpg",740847,b197eb74f4d764c2af2a28b318199e31,70db95f98071a3ef36edb5f36c5ab1dcf06d2fac,,,already-present-matching
membership-image,"resources/source-cds/Cardiff (1851-1867) - Donations, Expenditures, Minutes, Records/848__M_00117.jpg","Cardiff (1851-1867) - Donations, Expenditures, Minutes, Records/848__M_00117.jpg",731693,0843b3d27e5601018b15f68ae082d061,e038ef9314a9b3bbbcd0738bf97095019368407a,,,already-present-matching
membership-image,"resources/source-cds/Cardiff (1851-1867) - Donations, Expenditures, Minutes, Records/848__M_00118.jpg","Cardiff (1851-1867) - Donations, Expenditures, Minutes, Records/848__M_00118.jpg",735415,c13dac927752e5708400c8e9f4930fd2,b00d830daaa49b407a55fac895def33e55ef14a5,,,already-present-matching
membership-image,"resources/source-cds/Cardiff (1851-1867) - Donations, Expenditures, Minutes, Records/848__M_00119.jpg","Cardiff (1851-1867) - Donations, Expenditures, Minutes, Records/848__M_00119.jpg",697470,956227d89d87fceebf101b5ad230dbe0,27c632e77e16bb99e740c089fe99f89022f49084,,,already-present-matching
membership-image,"resources/source-cds/Cardiff (1851-1867) - Donations, Expenditures, Minutes, Records/848__M_00120.jpg","Cardiff (1851-1867) - Donations, Expenditures, Minutes, Records/848__M_00120.jpg",771150,2263aa9aa9c959c8506bcadd377adcc6,2d5602cdc66cc167c9198b75cf5a69438da1e087,,,already-present-matching
membership-image,"resources/source-cds/Cardiff (1851-1867) - Donations, Expenditures, Minutes, Records/848__M_00121.jpg","Cardiff (1851-1867) - Donations, Expenditures, Minutes, Records/848__M_00121.jpg",679461,e889b68522450fb7d2cc5b340b9293d0,6465b3898c1b7362f846442d8860fdcbc396b51e,,,already-present-matching
membership-image,"resources/source-cds/Cardiff (1851-1867) - Donations, Expenditures, Minutes, Records/848__M_00122.jpg","Cardiff (1851-1867) - Donations, Expenditures, Minutes, Records/848__M_00122.jpg",776663,2c540ed33079b65fde2ea8c433dbfddb,a87d801e0b82ef0acc3deb42a9ba23403225ac1b,,,already-present-matching
membership-image,"resources/source-cds/Cardiff (1851-1867) - Donations, Expenditures, Minutes, Records/848__M_00123.jpg","Cardiff (1851-1867) - Donations, Expenditures, Minutes, Records/848__M_00123.jpg",723805,ea916250cf5cf54f14f90e8d539a6c7d,d892b6670018a0e97cff123244c9a9793164f111,,,already-present-matching
membership-image,"resources/source-cds/Cardiff (1851-1867) - Donations, Expenditures, Minutes, Records/848__M_00124.jpg","Cardiff (1851-1867) - Donations, Expenditures, Minutes, Records/848__M_00124.jpg",758183,f9fb2fb74f16af9b876f3576c732fa45,1705361faf469f500ae128ca65b699e59249c64d,,,already-present-matching
membership-image,"resources/source-cds/Cardiff (1851-1867) - Donations, Expenditures, Minutes, Records/848__M_00125.jpg","Cardiff (1851-1867) - Donations, Expenditures, Minutes, Records/848__M_00125.jpg",715290,d44be2233b85ee9427204712f3f2e9c7,4b4b6c09c5555f49d06ae865d90f4c38b5352ba9,,,already-present-matching
membership-image,"resources/source-cds/Cardiff (1851-1867) - Donations, Expenditures, Minutes, Records/848__M_00126.jpg","Cardiff (1851-1867) - Donations, Expenditures, Minutes, Records/848__M_00126.jpg",765353,d48ac57802bb437f2432b247f48b3c7f,117493a3ac814d7589413274f80c68a13447cf13,,,already-present-matching
membership-image,"resources/source-cds/Cardiff (1851-1867) - Donations, Expenditures, Minutes, Records/848__M_00127.jpg","Cardiff (1851-1867) - Donations, Expenditures, Minutes, Records/848__M_00127.jpg",719105,b556df00232558ff2c5d1a9e3227dafc,69ea17b3170a18ee88b1ffa9df4752beec8b2389,,,already-present-matching
membership-image,"resources/source-cds/Cardiff (1851-1867) - Donations, Expenditures, Minutes, Records/848__M_00128.jpg","Cardiff (1851-1867) - Donations, Expenditures, Minutes, Records/848__M_00128.jpg",772523,2e0a3247e078a765e81761f6e4526a5c,f4b08297bc80971598a2ac688e56d166b48e28c4,,,already-present-matching
membership-image,"resources/source-cds/Cardiff (1851-1867) - Donations, Expenditures, Minutes, Records/848__M_00129.jpg","Cardiff (1851-1867) - Donations, Expenditures, Minutes, Records/848__M_00129.jpg",714411,f8abf2f04464b8e85e37d8b55fe6ec6a,bb2bf146a28023da9b11b3069bba10412b5a8da0,,,already-present-matching
membership-image,"resources/source-cds/Cardiff (1851-1867) - Donations, Expenditures, Minutes, Records/848__M_00130.jpg","Cardiff (1851-1867) - Donations, Expenditures, Minutes, Records/848__M_00130.jpg",762407,a3c6f8c25182fa1194004e33e3d2d1cf,93afef17f11d73383d8591698d43d89ddbb961d9,,,already-present-matching
membership-image,"resources/source-cds/Cardiff (1851-1867) - Donations, Expenditures, Minutes, Records/848__M_00131.jpg","Cardiff (1851-1867) - Donations, Expenditures, Minutes, Records/848__M_00131.jpg",688998,2afcd19098359ad972e994816d41d563,a7b273e94d5f8f0cba4a68b6ec43392ddbc9bc35,,,already-present-matching
membership-image,"resources/source-cds/Cardiff (1851-1867) - Donations, Expenditures, Minutes, Records/848__M_00132.jpg","Cardiff (1851-1867) - Donations, Expenditures, Minutes, Records/848__M_00132.jpg",772095,a8aaaa292834b03c71c3ebcab4be467b,47d29a4706437bea1175a17420c2e53325034acb,,,already-present-matching
membership-image,"resources/source-cds/Cardiff (1851-1867) - Donations, Expenditures, Minutes, Records/848__M_00133.jpg","Cardiff (1851-1867) - Donations, Expenditures, Minutes, Records/848__M_00133.jpg",743016,09099f31a78abffc4d9bec7498b00a71,d8345006c19a3a6388097ccc35c21d15180fb575,,,already-present-matching
membership-image,"resources/source-cds/Cardiff (1851-1867) - Donations, Expenditures, Minutes, Records/848__M_00134.jpg","Cardiff (1851-1867) - Donations, Expenditures, Minutes, Records/848__M_00134.jpg",761049,e38a590ded3957a82493e885f9a8adc0,90f52249c6c239160ebcd09290f9eb872413c097,,,already-present-matching
membership-image,"resources/source-cds/Cardiff (1851-1867) - Donations, Expenditures, Minutes, Records/848__M_00135.jpg","Cardiff (1851-1867) - Donations, Expenditures, Minutes, Records/848__M_00135.jpg",754594,8ae4c5673d0aa972069b1a3eccbd52c4,89f4d4e088ef7aa01d235f9c57f6ba9ae02fec36,,,already-present-matching
membership-image,"resources/source-cds/Cardiff (1851-1867) - Donations, Expenditures, Minutes, Records/848__M_00136.jpg","Cardiff (1851-1867) - Donations, Expenditures, Minutes, Records/848__M_00136.jpg",802045,90ce2d33d1aadbc3198fce5eb57e3372,b0f74d5a1dd7c4cd95db05f8b21653ad415d07f6,,,already-present-matching
membership-image,"resources/source-cds/Cardiff (1851-1867) - Donations, Expenditures, Minutes, Records/848__M_00137.jpg","Cardiff (1851-1867) - Donations, Expenditures, Minutes, Records/848__M_00137.jpg",719612,2bb0a5758dadaaa76873b1a2d65aa491,0e510bec27ca21c1639f1cca82f3ee9e5089bc25,,,already-present-matching
membership-image,"resources/source-cds/Cardiff (1851-1867) - Donations, Expenditures, Minutes, Records/848__M_00138.jpg","Cardiff (1851-1867) - Donations, Expenditures, Minutes, Records/848__M_00138.jpg",725110,9d8615228f3a9166eeef868880bd96b5,db283623b4a0fb8a3f8a20dbea321b3a980eb7eb,,,already-present-matching
membership-image,"resources/source-cds/Cardiff (1851-1867) - Donations, Expenditures, Minutes, Records/848__M_00139.jpg","Cardiff (1851-1867) - Donations, Expenditures, Minutes, Records/848__M_00139.jpg",728772,80723a50330891e2f5fba3c5d992c008,e66baa2b7a444113c28eac28d153260dcdd0e604,,,already-present-matching
membership-image,"resources/source-cds/Cardiff (1851-1867) - Donations, Expenditures, Minutes, Records/848__M_00140.jpg","Cardiff (1851-1867) - Donations, Expenditures, Minutes, Records/848__M_00140.jpg",735047,4ebdcbc7f217351a8482436ee7c00e7c,24ba68a63991d547fc939f136ab080d3471831c2,,,already-present-matching
membership-image,"resources/source-cds/Cardiff (1851-1867) - Donations, Expenditures, Minutes, Records/848__M_00141.jpg","Cardiff (1851-1867) - Donations, Expenditures, Minutes, Records/848__M_00141.jpg",748574,b28d205012b451e8733495ac7f705fea,80f57e7f1fc369d6c09a4656de5fa6063e5d78c0,,,already-present-matching
membership-image,"resources/source-cds/Cardiff (1851-1867) - Donations, Expenditures, Minutes, Records/848__M_00142.jpg","Cardiff (1851-1867) - Donations, Expenditures, Minutes, Records/848__M_00142.jpg",755560,5bab42a3ce4f6e5a31c18d7b7cd10992,f3a893bfcebb4a77ca5ca28f892fcf76e63ffc23,,,already-present-matching
membership-image,"resources/source-cds/Cardiff (1851-1867) - Donations, Expenditures, Minutes, Records/848__M_00143.jpg","Cardiff (1851-1867) - Donations, Expenditures, Minutes, Records/848__M_00143.jpg",739551,0a348f5d5323d28cc11a6e61190386ff,33a7ea6dc084bb6c92fe31ee25062b8fbb9e731d,,,already-present-matching
membership-image,"resources/source-cds/Cardiff (1851-1867) - Donations, Expenditures, Minutes, Records/848__M_00144.jpg","Cardiff (1851-1867) - Donations, Expenditures, Minutes, Records/848__M_00144.jpg",757142,891e71e37c27d049917188ca6e2a9b88,3def08ab5146f86b9dabf13f4f64be929f66d59d,,,already-present-matching
membership-image,"resources/source-cds/Cardiff (1851-1867) - Donations, Expenditures, Minutes, Records/848__M_00145.jpg","Cardiff (1851-1867) - Donations, Expenditures, Minutes, Records/848__M_00145.jpg",677587,a23722aa0066c8bfb7911c485f9b3878,7aecfc2742ad7cfd9d8b1105d553495fa2da98b8,,,already-present-matching
membership-image,"resources/source-cds/Cardiff (1851-1867) - Donations, Expenditures, Minutes, Records/848__M_00146.jpg","Cardiff (1851-1867) - Donations, Expenditures, Minutes, Records/848__M_00146.jpg",782040,64f07e245178e215de468af893248a01,b9bf7a75cde52ba938102eec93af1f9bf8489bbb,,,already-present-matching
membership-image,"resources/source-cds/Cardiff (1851-1867) - Donations, Expenditures, Minutes, Records/848__M_00147.jpg","Cardiff (1851-1867) - Donations, Expenditures, Minutes, Records/848__M_00147.jpg",672237,39d7b8514e2d88f287fd0322c406359b,306f814ae77a6267376d9c12937d986d94759453,,,already-present-matching
membership-image,"resources/source-cds/Cardiff (1851-1867) - Donations, Expenditures, Minutes, Records/848__M_00148.jpg","Cardiff (1851-1867) - Donations, Expenditures, Minutes, Records/848__M_00148.jpg",770378,2564082a96fd15952e464d5bf0b514f1,19d587ce46b024ea1177e626ed2ca5ee6e048c9a,,,already-present-matching
membership-image,"resources/source-cds/Cardiff (1851-1867) - Donations, Expenditures, Minutes, Records/848__M_00149.jpg","Cardiff (1851-1867) - Donations, Expenditures, Minutes, Records/848__M_00149.jpg",686787,0aeb1c7cdcefb358140b09ccd96b6bd5,9069134b9b0ec6d15707c428857a94471fd51a9f,,,already-present-matching
membership-image,"resources/source-cds/Cardiff (1851-1867) - Donations, Expenditures, Minutes, Records/848__M_00150.jpg","Cardiff (1851-1867) - Donations, Expenditures, Minutes, Records/848__M_00150.jpg",745553,d6b9d59e31b2c20cf32ffefd1eb3d693,5721ad4099111fd49ae77eddb2155cd5707234d6,,,already-present-matching
membership-image,"resources/source-cds/Cardiff (1851-1867) - Donations, Expenditures, Minutes, Records/848__M_00151.jpg","Cardiff (1851-1867) - Donations, Expenditures, Minutes, Records/848__M_00151.jpg",679553,7056742a0f6b9206be674376673d97c5,c8f5492344693046f84e86636987e3a65ed0fc1d,,,already-present-matching
membership-image,"resources/source-cds/Cardiff (1851-1867) - Donations, Expenditures, Minutes, Records/848__M_00152.jpg","Cardiff (1851-1867) - Donations, Expenditures, Minutes, Records/848__M_00152.jpg",762686,533bd1e73100c614f33a72cca9aa7e8d,a12ed719013816e4b4825a28b4f3aa79b9845991,,,already-present-matching
membership-image,"resources/source-cds/Cardiff (1851-1867) - Donations, Expenditures, Minutes, Records/848__M_00153.jpg","Cardiff (1851-1867) - Donations, Expenditures, Minutes, Records/848__M_00153.jpg",700510,725fd132062d3e194ee1ab2eba7c8bda,2ecad9ebd6d8dd205c112d45cf4ad541497a2dc2,,,already-present-matching
membership-image,"resources/source-cds/Cardiff (1851-1867) - Donations, Expenditures, Minutes, Records/848__M_00154.jpg","Cardiff (1851-1867) - Donations, Expenditures, Minutes, Records/848__M_00154.jpg",800923,f13d7c7d81562593d93c1d59dc2741d3,fe976a0d3e80a626c11307b52e4a57b4a29b10e4,,,already-present-matching
membership-image,"resources/source-cds/Cardiff (1851-1867) - Donations, Expenditures, Minutes, Records/848__M_00155.jpg","Cardiff (1851-1867) - Donations, Expenditures, Minutes, Records/848__M_00155.jpg",677750,273ea3dcf46220f87636616f16d4dfa7,4abb5084a951aecefd4ef9b6efb831099a354a62,,,already-present-matching
membership-image,"resources/source-cds/Cardiff (1851-1867) - Donations, Expenditures, Minutes, Records/848__M_00156.jpg","Cardiff (1851-1867) - Donations, Expenditures, Minutes, Records/848__M_00156.jpg",761271,74cbd0e81839979b76497a010adb69a1,55ec40ea5d84a590c08052eefa281e27b5aabf78,,,already-present-matching
membership-image,"resources/source-cds/Cardiff (1851-1867) - Donations, Expenditures, Minutes, Records/848__M_00157.jpg","Cardiff (1851-1867) - Donations, Expenditures, Minutes, Records/848__M_00157.jpg",679051,66424172611f21c38af1230c33884f7f,aa306fcabfacf4df3a3d77df968d16db4051168f,,,already-present-matching
membership-image,"resources/source-cds/Cardiff (1851-1867) - Donations, Expenditures, Minutes, Records/848__M_00158.jpg","Cardiff (1851-1867) - Donations, Expenditures, Minutes, Records/848__M_00158.jpg",667875,6cac72d1e1bd89278411c339dfc0c3f2,240ee1f92a3926c1b70de5c0142a0b0377e74adc,,,already-present-matching
membership-image,"resources/source-cds/Cardiff (1851-1867) - Donations, Expenditures, Minutes, Records/848__M_00159.jpg","Cardiff (1851-1867) - Donations, Expenditures, Minutes, Records/848__M_00159.jpg",897684,d7645a4a20992a4403fbc420242b38c5,3f79c887ee88f5aee7304197b73094037f7a0cb7,,,already-present-matching
membership-image,"resources/source-cds/Cardiff (1851-1867) - Donations, Expenditures, Minutes, Records/848__M_00160.jpg","Cardiff (1851-1867) - Donations, Expenditures, Minutes, Records/848__M_00160.jpg",848835,82b1f8ad69153a1f5a298e2a925c7e63,fc01555be31c029b8bfde436f06bf06284ed9ce4,,,already-present-matching
membership-image,"resources/source-cds/Cardiff (1851-1867) - Donations, Expenditures, Minutes, Records/848__M_00161.jpg","Cardiff (1851-1867) - Donations, Expenditures, Minutes, Records/848__M_00161.jpg",739888,6d574059049417d372843b2bb3439e0f,a0d707733a0959bd33e1fe7f87afce366484c959,,,already-present-matching
membership-image,"resources/source-cds/Cardiff (1851-1867) - Donations, Expenditures, Minutes, Records/848__M_00162.jpg","Cardiff (1851-1867) - Donations, Expenditures, Minutes, Records/848__M_00162.jpg",698734,a2972ba7865ec2b0d8766731ed8ec451,22a1f6e004d33901214f89d6631b6108ffe9be97,,,already-present-matching
membership-image,"resources/source-cds/Cardiff (1851-1867) - Donations, Expenditures, Minutes, Records/848__M_00163.jpg","Cardiff (1851-1867) - Donations, Expenditures, Minutes, Records/848__M_00163.jpg",605129,7b4b1c8950163d38cea1aef767b3d68d,9087fc056c8a64f90eac167474981738e1691909,,,already-present-matching
membership-image,"resources/source-cds/Cardiff (1851-1867) - Donations, Expenditures, Minutes, Records/848__M_00164.jpg","Cardiff (1851-1867) - Donations, Expenditures, Minutes, Records/848__M_00164.jpg",530563,7f971e1e865e1e0ebcd1372e3985e85f,f78e8d703ab312bd1377f258c679910e0595500d,,,already-present-matching
membership-image,"resources/source-cds/Cardiff (1851-1867) - Donations, Expenditures, Minutes, Records/848__M_00165.jpg","Cardiff (1851-1867) - Donations, Expenditures, Minutes, Records/848__M_00165.jpg",531000,82653c5278f38069af45669e11744117,258cf3d44305490bb542f6e2a3869d8f83241748,,,already-present-matching
membership-image,"resources/source-cds/Cardiff (1851-1867) - Donations, Expenditures, Minutes, Records/848__M_00166.jpg","Cardiff (1851-1867) - Donations, Expenditures, Minutes, Records/848__M_00166.jpg",1305573,61bedfef99a56516779f3de624e9c7b1,338eccd91a5710333274831977ca207b77036a17,,,already-present-matching
membership-image,"resources/source-cds/Cardiff (1851-1867) - Donations, Expenditures, Minutes, Records/848__M_00167.jpg","Cardiff (1851-1867) - Donations, Expenditures, Minutes, Records/848__M_00167.jpg",256560,6637a3a1d1cbb17502db7e1592b047d9,63f9b5f78ce357f56a8fde7c329ee605a583d190,,,already-present-matching
membership-image,"resources/source-cds/Cardiff (1851-1867) - Donations, Expenditures, Minutes, Records/848__M_00168.jpg","Cardiff (1851-1867) - Donations, Expenditures, Minutes, Records/848__M_00168.jpg",584420,936d3180977e66ffb33f29e46cce29d7,d9f9cdbe5415ab78141f3919a507a59896cfe160,,,already-present-matching
membership-image,"resources/source-cds/Cardiff (1851-1867) - Donations, Expenditures, Minutes, Records/850__M_00001.jpg","Cardiff (1851-1867) - Donations, Expenditures, Minutes, Records/850__M_00001.jpg",487206,68aeb4d0489c2ca79695366f1d6b4de3,8a66e1073b056ec1adc888011d8319d36825291d,,,already-present-matching
membership-image,"resources/source-cds/Cardiff (1851-1867) - Donations, Expenditures, Minutes, Records/850__M_00002.jpg","Cardiff (1851-1867) - Donations, Expenditures, Minutes, Records/850__M_00002.jpg",1338734,8dfb5ece843aa736aff1c0fa9ededb6d,bb316515b5e87fa95c0d5b7f71967887637d6dd9,,,already-present-matching
membership-image,"resources/source-cds/Cardiff (1851-1867) - Donations, Expenditures, Minutes, Records/850__M_00003.jpg","Cardiff (1851-1867) - Donations, Expenditures, Minutes, Records/850__M_00003.jpg",1337971,fe272ddadc34ee1a613bb6c91b720950,0ce30b789154d54dabd0db55edcd7d02ae151aa5,,,already-present-matching
membership-image,"resources/source-cds/Cardiff (1851-1867) - Donations, Expenditures, Minutes, Records/850__M_00004.jpg","Cardiff (1851-1867) - Donations, Expenditures, Minutes, Records/850__M_00004.jpg",697510,c9b9bdd222a7aef9b362efbde22e1afe,6e643fd77116965aa17451ddf7fe114bdc8b5462,,,already-present-matching
membership-image,"resources/source-cds/Cardiff (1851-1867) - Donations, Expenditures, Minutes, Records/850__M_00005.jpg","Cardiff (1851-1867) - Donations, Expenditures, Minutes, Records/850__M_00005.jpg",761288,ea04c3996e4b7ada93c98a3a75cb1957,2f5a7b36c04b60f21da29e9e57ef3693ff2a14a9,,,already-present-matching
membership-image,"resources/source-cds/Cardiff (1851-1867) - Donations, Expenditures, Minutes, Records/850__M_00006.jpg","Cardiff (1851-1867) - Donations, Expenditures, Minutes, Records/850__M_00006.jpg",639369,e3686c6fce67e32e549ed0b71bf60657,03b2fe27940468083df100d34f89a26661df788d,,,already-present-matching
membership-image,"resources/source-cds/Cardiff (1851-1867) - Donations, Expenditures, Minutes, Records/850__M_00007.jpg","Cardiff (1851-1867) - Donations, Expenditures, Minutes, Records/850__M_00007.jpg",912337,cb908d0ea2087d4fb114c54ea49b1b6c,6a960c687af0848449d98eb2de723a1b88fb903f,,,already-present-matching
membership-image,"resources/source-cds/Cardiff (1851-1867) - Donations, Expenditures, Minutes, Records/850__M_00008.jpg","Cardiff (1851-1867) - Donations, Expenditures, Minutes, Records/850__M_00008.jpg",675807,742997f0eee30d723e67582bdd8f1e6d,0f9ae96000062f2895ccc68c8531d55b72fc8f4e,,,already-present-matching
membership-image,"resources/source-cds/Cardiff (1851-1867) - Donations, Expenditures, Minutes, Records/850__M_00009.jpg","Cardiff (1851-1867) - Donations, Expenditures, Minutes, Records/850__M_00009.jpg",635144,1ff16799f601388b719fed77a8fe4a17,c4f7b8cdf315a6a4dbf2bd4cd6184644c98a294e,,,already-present-matching
membership-image,"resources/source-cds/Cardiff (1851-1867) - Donations, Expenditures, Minutes, Records/850__M_00010.jpg","Cardiff (1851-1867) - Donations, Expenditures, Minutes, Records/850__M_00010.jpg",926516,3a2727aa932c42e569b78d5fc916a136,a742373ea7a50c764f0c88a6cfd21b793204448d,,,already-present-matching
membership-image,"resources/source-cds/Cardiff (1851-1867) - Donations, Expenditures, Minutes, Records/850__M_00011.jpg","Cardiff (1851-1867) - Donations, Expenditures, Minutes, Records/850__M_00011.jpg",914383,0ba0251da78e8b34011259fd6e7ef7ce,1aa1eee69f44fd7de4d2decd2b5390e9ce33b83e,,,already-present-matching
membership-image,"resources/source-cds/Cardiff (1851-1867) - Donations, Expenditures, Minutes, Records/850__M_00012.jpg","Cardiff (1851-1867) - Donations, Expenditures, Minutes, Records/850__M_00012.jpg",688797,c2f0f708401e156c261962888ca46947,67b955cbe610c4c09ec69d34aab555d306b3257b,,,already-present-matching
membership-image,"resources/source-cds/Cardiff (1851-1867) - Donations, Expenditures, Minutes, Records/850__M_00013.jpg","Cardiff (1851-1867) - Donations, Expenditures, Minutes, Records/850__M_00013.jpg",661499,cb6f28342d8660a1b0c0ee0a3ff7e809,9657a509aab459256fc27287d5f9ab18fd0a4bab,,,already-present-matching
membership-image,"resources/source-cds/Cardiff (1851-1867) - Donations, Expenditures, Minutes, Records/850__M_00014.jpg","Cardiff (1851-1867) - Donations, Expenditures, Minutes, Records/850__M_00014.jpg",676897,7509d8ca81910973d31adfd10fb0cbb6,31b95db7be0b6413aff05000737d0ecef3bb56d9,,,already-present-matching
membership-image,"resources/source-cds/Cardiff (1851-1867) - Donations, Expenditures, Minutes, Records/850__M_00015.jpg","Cardiff (1851-1867) - Donations, Expenditures, Minutes, Records/850__M_00015.jpg",694518,df42a33960316fa2730c92a90004eced,587610b3a73f890488d7f8d122d80936bb562557,,,already-present-matching
membership-image,"resources/source-cds/Cardiff (1851-1867) - Donations, Expenditures, Minutes, Records/850__M_00016.jpg","Cardiff (1851-1867) - Donations, Expenditures, Minutes, Records/850__M_00016.jpg",670451,1363efbf292a1b135e0cf08f0fcbc901,4c6f31009e7a60f31ba1bfb3277ef1c92b497df6,,,already-present-matching
membership-image,"resources/source-cds/Cardiff (1851-1867) - Donations, Expenditures, Minutes, Records/850__M_00017.jpg","Cardiff (1851-1867) - Donations, Expenditures, Minutes, Records/850__M_00017.jpg",676506,48d8f835b27dd1d6007868acf9f7a2d6,4a1166dfc448691a823d888a403573a235f11874,,,already-present-matching
membership-image,"resources/source-cds/Cardiff (1851-1867) - Donations, Expenditures, Minutes, Records/850__M_00018.jpg","Cardiff (1851-1867) - Donations, Expenditures, Minutes, Records/850__M_00018.jpg",686124,ea0f117572a80518dd7c86d0c20192fe,8e52b28736cd9e5707a097c1dba7de8767446826,,,already-present-matching
membership-image,"resources/source-cds/Cardiff (1851-1867) - Donations, Expenditures, Minutes, Records/850__M_00019.jpg","Cardiff (1851-1867) - Donations, Expenditures, Minutes, Records/850__M_00019.jpg",727668,cfb88ef303ac30b0dd3a1a5cfb786d70,89f27573f9d7578bfbc3b9d9ef016d29a0b20964,,,already-present-matching
membership-image,"resources/source-cds/Cardiff (1851-1867) - Donations, Expenditures, Minutes, Records/850__M_00020.jpg","Cardiff (1851-1867) - Donations, Expenditures, Minutes, Records/850__M_00020.jpg",691512,1ed1141035da5329ad781c01ed3583ac,0c0c69b8c5ed94788e9328fd63e85fdc244569a1,,,already-present-matching
membership-image,"resources/source-cds/Cardiff (1851-1867) - Donations, Expenditures, Minutes, Records/850__M_00021.jpg","Cardiff (1851-1867) - Donations, Expenditures, Minutes, Records/850__M_00021.jpg",750990,9766ec63993907a3b1705df6e8b8bf4f,ca17e6efcee9f165399bb693b7ff72765caedd9f,,,already-present-matching
membership-image,"resources/source-cds/Cardiff (1851-1867) - Donations, Expenditures, Minutes, Records/850__M_00022.jpg","Cardiff (1851-1867) - Donations, Expenditures, Minutes, Records/850__M_00022.jpg",845934,bb9988be72ee725c7dbf48b3daef7f9e,09c7dd348969c54698e75faffefaf5d14f62ecfd,,,already-present-matching
membership-image,"resources/source-cds/Cardiff (1851-1867) - Donations, Expenditures, Minutes, Records/850__M_00023.jpg","Cardiff (1851-1867) - Donations, Expenditures, Minutes, Records/850__M_00023.jpg",756621,f0e2261c4ceb4776a65045322eeec27c,b191ff7d451d54c42e91b10ca6e5d4dc7b2171c4,,,already-present-matching
membership-image,"resources/source-cds/Cardiff (1851-1867) - Donations, Expenditures, Minutes, Records/850__M_00024.jpg","Cardiff (1851-1867) - Donations, Expenditures, Minutes, Records/850__M_00024.jpg",816392,b32f2b53602cc8c03b1ce88bdc3cfdc5,b41eb3fcef6e3e85efd6b1e56d313b7c94b9871f,,,already-present-matching
membership-image,"resources/source-cds/Cardiff (1851-1867) - Donations, Expenditures, Minutes, Records/850__M_00025.jpg","Cardiff (1851-1867) - Donations, Expenditures, Minutes, Records/850__M_00025.jpg",717963,3760711e3c93485da1a887f048121d5e,3fc84dca988729bd8e6dfbe4001a1286315ef3c4,,,already-present-matching
membership-image,"resources/source-cds/Cardiff (1851-1867) - Donations, Expenditures, Minutes, Records/850__M_00026.jpg","Cardiff (1851-1867) - Donations, Expenditures, Minutes, Records/850__M_00026.jpg",847617,fa649c5a1ed6de6affa2e4055a913ba5,9742e10bf7fb69e725fbe1870f780fc9606ac386,,,already-present-matching
membership-image,"resources/source-cds/Cardiff (1851-1867) - Donations, Expenditures, Minutes, Records/850__M_00027.jpg","Cardiff (1851-1867) - Donations, Expenditures, Minutes, Records/850__M_00027.jpg",715092,82995ebb58183d2b0de96713e76fbb62,967b8ac1f822e98d6d04ac263419f3af3ae9337d,,,already-present-matching
membership-image,"resources/source-cds/Cardiff (1851-1867) - Donations, Expenditures, Minutes, Records/850__M_00028.jpg","Cardiff (1851-1867) - Donations, Expenditures, Minutes, Records/850__M_00028.jpg",837476,ba4520ac326c556a7df56ce3de3b7d11,36bbcc0c31b9dc13310b504a09f3a06955104719,,,already-present-matching
membership-image,"resources/source-cds/Cardiff (1851-1867) - Donations, Expenditures, Minutes, Records/850__M_00029.jpg","Cardiff (1851-1867) - Donations, Expenditures, Minutes, Records/850__M_00029.jpg",721028,6a65954049f354b9aee5dd40d4ecb2ca,bfc2084208bfcd804038420d07bea5bf9fd0429c,,,already-present-matching
membership-image,"resources/source-cds/Cardiff (1851-1867) - Donations, Expenditures, Minutes, Records/850__M_00030.jpg","Cardiff (1851-1867) - Donations, Expenditures, Minutes, Records/850__M_00030.jpg",840870,41000159632545e61cad6674fe9238ca,f0d052d820dae1a0c8a951b538fb2598e0755f7b,,,already-present-matching
membership-image,"resources/source-cds/Cardiff (1851-1867) - Donations, Expenditures, Minutes, Records/850__M_00031.jpg","Cardiff (1851-1867) - Donations, Expenditures, Minutes, Records/850__M_00031.jpg",763185,a80626eba6af4c6168ae7c809665b6e6,b69892cb4900c1a4f0d5e13630772fd4aa6bfd8b,,,already-present-matching
membership-image,"resources/source-cds/Cardiff (1851-1867) - Donations, Expenditures, Minutes, Records/850__M_00032.jpg","Cardiff (1851-1867) - Donations, Expenditures, Minutes, Records/850__M_00032.jpg",751926,641fffc86cd56b8627b38d8eef7d3871,705c1a3a1097a59608a8ffcde32a558d5613f184,,,already-present-matching
membership-image,"resources/source-cds/Cardiff (1851-1867) - Donations, Expenditures, Minutes, Records/850__M_00033.jpg","Cardiff (1851-1867) - Donations, Expenditures, Minutes, Records/850__M_00033.jpg",748782,aad87131e4b3d08ab8462be18b711c38,72fb97a85f08a2491d8ca62bb86491c1680fefeb,,,already-present-matching
membership-image,"resources/source-cds/Cardiff (1851-1867) - Donations, Expenditures, Minutes, Records/850__M_00034.jpg","Cardiff (1851-1867) - Donations, Expenditures, Minutes, Records/850__M_00034.jpg",744510,49a3636f8e515f8df44908d96bc0640f,67555d212aba4f117214c3da3c9f4df2384f6392,,,already-present-matching
membership-image,"resources/source-cds/Cardiff (1851-1867) - Donations, Expenditures, Minutes, Records/850__M_00035.jpg","Cardiff (1851-1867) - Donations, Expenditures, Minutes, Records/850__M_00035.jpg",737587,fa290ef0df5b709b156534b834a216b2,62f7f54bc8408bf83090ceda692319852ed63c35,,,already-present-matching
membership-image,"resources/source-cds/Cardiff (1851-1867) - Donations, Expenditures, Minutes, Records/850__M_00036.jpg","Cardiff (1851-1867) - Donations, Expenditures, Minutes, Records/850__M_00036.jpg",856848,8c9f96200f8f912d962b3e56d4510f62,b40726f50fb436e5bcbf64a0b4b2aa2d2e6a0a26,,,already-present-matching
membership-image,"resources/source-cds/Cardiff (1851-1867) - Donations, Expenditures, Minutes, Records/850__M_00037.jpg","Cardiff (1851-1867) - Donations, Expenditures, Minutes, Records/850__M_00037.jpg",749653,f58037926edc9a61689b6294ed1bf5fd,213b9cc67e40453a0c279a04c20fb9e04e5b5e7a,,,already-present-matching
membership-image,"resources/source-cds/Cardiff (1851-1867) - Donations, Expenditures, Minutes, Records/850__M_00038.jpg","Cardiff (1851-1867) - Donations, Expenditures, Minutes, Records/850__M_00038.jpg",841709,81b333b834d0953c5675eefce76dc6ac,322575bf35c5071832914cd3f25a6890f3ced1c0,,,already-present-matching
membership-image,"resources/source-cds/Cardiff (1851-1867) - Donations, Expenditures, Minutes, Records/850__M_00039.jpg","Cardiff (1851-1867) - Donations, Expenditures, Minutes, Records/850__M_00039.jpg",730853,358cfadf394980e0c8158dcd84330792,f4d1508cb58c18d9ca8db456fdc12141f513be28,,,already-present-matching
membership-image,"resources/source-cds/Cardiff (1851-1867) - Donations, Expenditures, Minutes, Records/850__M_00040.jpg","Cardiff (1851-1867) - Donations, Expenditures, Minutes, Records/850__M_00040.jpg",872558,dd1d9120bc4d5a992b11f1d9c1df25f7,106872f7c1a76ac6c75af4cd526a07089c5f65a2,,,already-present-matching
membership-image,"resources/source-cds/Cardiff (1851-1867) - Donations, Expenditures, Minutes, Records/850__M_00041.jpg","Cardiff (1851-1867) - Donations, Expenditures, Minutes, Records/850__M_00041.jpg",726702,7845f88b8f9c7b6c42ab2cb66298bf56,b7a6b4f9215da094f52782fc77c70c2669dad806,,,already-present-matching
membership-image,"resources/source-cds/Cardiff (1851-1867) - Donations, Expenditures, Minutes, Records/850__M_00042.jpg","Cardiff (1851-1867) - Donations, Expenditures, Minutes, Records/850__M_00042.jpg",855122,df7ed4e5b7ddd2235e217c5eb91a7b62,6749f5c38718070e197773bc6de746ed23df33dd,,,already-present-matching
membership-image,"resources/source-cds/Cardiff (1851-1867) - Donations, Expenditures, Minutes, Records/850__M_00043.jpg","Cardiff (1851-1867) - Donations, Expenditures, Minutes, Records/850__M_00043.jpg",714829,487bbbfbe58c945dbd37c6d7459e3348,e0457c622ecdd1226f4e52810a99215a6265f54b,,,already-present-matching
membership-image,"resources/source-cds/Cardiff (1851-1867) - Donations, Expenditures, Minutes, Records/850__M_00044.jpg","Cardiff (1851-1867) - Donations, Expenditures, Minutes, Records/850__M_00044.jpg",865815,c7a27c6593ca56770a6c3771b84cd304,60e301b232eaa6198aaeaf67d053a13f0ec912d7,,,already-present-matching
membership-image,"resources/source-cds/Cardiff (1851-1867) - Donations, Expenditures, Minutes, Records/850__M_00045.jpg","Cardiff (1851-1867) - Donations, Expenditures, Minutes, Records/850__M_00045.jpg",730442,a007142dd0d9bb73c492abdd8893f5f3,2d530aff4569cf00e10efabb9f0469463faba31d,,,already-present-matching
membership-image,"resources/source-cds/Cardiff (1851-1867) - Donations, Expenditures, Minutes, Records/850__M_00046.jpg","Cardiff (1851-1867) - Donations, Expenditures, Minutes, Records/850__M_00046.jpg",881073,0ff97588aa6d2d868655f665b2f23c73,787fce16610646c0406a00c140f7ea404251f2af,,,already-present-matching
membership-image,"resources/source-cds/Cardiff (1851-1867) - Donations, Expenditures, Minutes, Records/850__M_00047.jpg","Cardiff (1851-1867) - Donations, Expenditures, Minutes, Records/850__M_00047.jpg",732512,9fd7210db782e5c889fa68cc5d83b106,66b006cb2a5475afb31fac106ef2b1719538e1e9,,,already-present-matching
membership-image,"resources/source-cds/Cardiff (1851-1867) - Donations, Expenditures, Minutes, Records/850__M_00048.jpg","Cardiff (1851-1867) - Donations, Expenditures, Minutes, Records/850__M_00048.jpg",877868,d05c04872e1408a06163c59d22500ca9,5762cbc4f7ee1fc5ae33929ae154253dc606772b,,,already-present-matching
membership-image,"resources/source-cds/Cardiff (1851-1867) - Donations, Expenditures, Minutes, Records/850__M_00049.jpg","Cardiff (1851-1867) - Donations, Expenditures, Minutes, Records/850__M_00049.jpg",742891,b27d83369663ac49c68087eafaf1c0bb,4ba64bbb1a4469a8fb3b8b58323217a7cd3c679f,,,already-present-matching
membership-image,"resources/source-cds/Cardiff (1851-1867) - Donations, Expenditures, Minutes, Records/850__M_00050.jpg","Cardiff (1851-1867) - Donations, Expenditures, Minutes, Records/850__M_00050.jpg",863870,132895322a9a9c9e79065adc987f91fa,077dccf065a2211da74aa7b65cb46688053b9008,,,already-present-matching
membership-image,"resources/source-cds/Cardiff (1851-1867) - Donations, Expenditures, Minutes, Records/850__M_00051.jpg","Cardiff (1851-1867) - Donations, Expenditures, Minutes, Records/850__M_00051.jpg",764364,555ca9190ef05551bed1e4dd07f3ec9b,dce6ee0e3d3d4ea915f35124001967be6c9c9247,,,already-present-matching
membership-image,"resources/source-cds/Cardiff (1851-1867) - Donations, Expenditures, Minutes, Records/850__M_00052.jpg","Cardiff (1851-1867) - Donations, Expenditures, Minutes, Records/850__M_00052.jpg",869087,c7f5a0ab41ed2bcf77f346191a7ad25a,83cc3100730e57b43488a62c19cf08ea3ce612b5,,,already-present-matching
membership-image,"resources/source-cds/Cardiff (1851-1867) - Donations, Expenditures, Minutes, Records/850__M_00053.jpg","Cardiff (1851-1867) - Donations, Expenditures, Minutes, Records/850__M_00053.jpg",797650,735a43856c1a064192b6ee4ac19f4998,1f3f3860701f3cf2dfa50716d9be543371d05297,,,already-present-matching
membership-image,"resources/source-cds/Cardiff (1851-1867) - Donations, Expenditures, Minutes, Records/850__M_00054.jpg","Cardiff (1851-1867) - Donations, Expenditures, Minutes, Records/850__M_00054.jpg",837049,058f893226c69f9c0fe3e6ba9a73efdf,29870738cc8ab48e84c3220c5f7343ad01a38c98,,,already-present-matching
membership-image,"resources/source-cds/Cardiff (1851-1867) - Donations, Expenditures, Minutes, Records/850__M_00055.jpg","Cardiff (1851-1867) - Donations, Expenditures, Minutes, Records/850__M_00055.jpg",742207,f1f6d87f232a90d24d27b0d6bf4dc5a7,6a02095f0ed1a07c7fae964af31413934257955e,,,already-present-matching
membership-image,"resources/source-cds/Cardiff (1851-1867) - Donations, Expenditures, Minutes, Records/850__M_00056.jpg","Cardiff (1851-1867) - Donations, Expenditures, Minutes, Records/850__M_00056.jpg",829242,db504df51c926ee6b24a1763dbe44e75,27943840c85b8a9f41df1dc81091c2995b1e8835,,,already-present-matching
membership-image,"resources/source-cds/Cardiff (1851-1867) - Donations, Expenditures, Minutes, Records/850__M_00057.jpg","Cardiff (1851-1867) - Donations, Expenditures, Minutes, Records/850__M_00057.jpg",751364,f8b4f5e6e9a8aa08dae512223c5d59cb,c1e8991d372716df19b9ec020d545996fa4cbe41,,,already-present-matching
membership-image,"resources/source-cds/Cardiff (1851-1867) - Donations, Expenditures, Minutes, Records/850__M_00058.jpg","Cardiff (1851-1867) - Donations, Expenditures, Minutes, Records/850__M_00058.jpg",799724,dec032c162b9652e751fcb867789af79,8b3672a92135dca408055506c650b6fcb889eec2,,,already-present-matching
membership-image,"resources/source-cds/Cardiff (1851-1867) - Donations, Expenditures, Minutes, Records/850__M_00059.jpg","Cardiff (1851-1867) - Donations, Expenditures, Minutes, Records/850__M_00059.jpg",743299,65c4b85d8b2e4132fdb53294dbfe6eff,e305ca585f64ff1cb8cfeb76629ab1e497c70f80,,,already-present-matching
membership-image,"resources/source-cds/Cardiff (1851-1867) - Donations, Expenditures, Minutes, Records/850__M_00060.jpg","Cardiff (1851-1867) - Donations, Expenditures, Minutes, Records/850__M_00060.jpg",825268,bdce0f5eba36eec7c7770f4f8ef5cfcb,4e666085afcb1de4fd625fc8f1f2dae70133ce1c,,,already-present-matching
membership-image,"resources/source-cds/Cardiff (1851-1867) - Donations, Expenditures, Minutes, Records/850__M_00061.jpg","Cardiff (1851-1867) - Donations, Expenditures, Minutes, Records/850__M_00061.jpg",727882,589c11c3c2f2a60d5821718f3da88b58,239027f7a03b77db6228827f4f8bb24cf211e7ec,,,already-present-matching
membership-image,"resources/source-cds/Cardiff (1851-1867) - Donations, Expenditures, Minutes, Records/850__M_00062.jpg","Cardiff (1851-1867) - Donations, Expenditures, Minutes, Records/850__M_00062.jpg",806718,a9be9283a67c324e2317e26e1e7a5fa4,cb8688b3a835bc1816fdb828769a832467d9dfb1,,,already-present-matching
membership-image,"resources/source-cds/Cardiff (1851-1867) - Donations, Expenditures, Minutes, Records/850__M_00063.jpg","Cardiff (1851-1867) - Donations, Expenditures, Minutes, Records/850__M_00063.jpg",738847,290d2054c7a5507914dede6095c906d8,fa093acf4aac9fafb4032802e3a34a380e83f986,,,already-present-matching
membership-image,"resources/source-cds/Cardiff (1851-1867) - Donations, Expenditures, Minutes, Records/850__M_00064.jpg","Cardiff (1851-1867) - Donations, Expenditures, Minutes, Records/850__M_00064.jpg",804137,2b34eb10aa8e8211d8a7b50956e3dbe2,53d1f7efb587e248a5cde808ee37ce08bc190a8c,,,already-present-matching
membership-image,"resources/source-cds/Cardiff (1851-1867) - Donations, Expenditures, Minutes, Records/850__M_00065.jpg","Cardiff (1851-1867) - Donations, Expenditures, Minutes, Records/850__M_00065.jpg",727973,275aca931841aa4f4687192932a18dce,428cd9cb41fa086c4e667dc23da170713242d1b1,,,already-present-matching
membership-image,"resources/source-cds/Cardiff (1851-1867) - Donations, Expenditures, Minutes, Records/850__M_00066.jpg","Cardiff (1851-1867) - Donations, Expenditures, Minutes, Records/850__M_00066.jpg",814760,ce8632014fa0863528a6f87579050f74,d6048b812e7c02c9c5abedc530fd6b20b0f1965e,,,already-present-matching
membership-image,"resources/source-cds/Cardiff (1851-1867) - Donations, Expenditures, Minutes, Records/850__M_00067.jpg","Cardiff (1851-1867) - Donations, Expenditures, Minutes, Records/850__M_00067.jpg",760238,aa97ef83ea59f30ff1d0aa4194358e38,9d196bffa67be42cf0bcc7ba4a59e0f48461285d,,,already-present-matching
membership-image,"resources/source-cds/Cardiff (1851-1867) - Donations, Expenditures, Minutes, Records/850__M_00068.jpg","Cardiff (1851-1867) - Donations, Expenditures, Minutes, Records/850__M_00068.jpg",794419,7dbde54b004b863ea9bec3faea5f8a53,390dba44878687308200ae0f95a4e1372eadc2ef,,,already-present-matching
membership-image,"resources/source-cds/Cardiff (1851-1867) - Donations, Expenditures, Minutes, Records/850__M_00069.jpg","Cardiff (1851-1867) - Donations, Expenditures, Minutes, Records/850__M_00069.jpg",771819,c44de29a0cd046b66a4eb2efaaa22733,f167ea53b88fa0d68656c5539779c695ad6555a8,,,already-present-matching
membership-image,"resources/source-cds/Cardiff (1851-1867) - Donations, Expenditures, Minutes, Records/850__M_00070.jpg","Cardiff (1851-1867) - Donations, Expenditures, Minutes, Records/850__M_00070.jpg",813835,10f5067ffdcc968e0f399282aa4b69b5,0c71e1bb630c9bd79b273dd6ed191d890be070b2,,,already-present-matching
membership-image,"resources/source-cds/Cardiff (1851-1867) - Donations, Expenditures, Minutes, Records/850__M_00071.jpg","Cardiff (1851-1867) - Donations, Expenditures, Minutes, Records/850__M_00071.jpg",773384,e64d3a7c4e1848dee93443611328550e,6ae505c57f049f1d3c791250f898fe56754a7e86,,,already-present-matching
membership-image,"resources/source-cds/Cardiff (1851-1867) - Donations, Expenditures, Minutes, Records/850__M_00072.jpg","Cardiff (1851-1867) - Donations, Expenditures, Minutes, Records/850__M_00072.jpg",784991,c43b7dbb25e2d41218c97379683214d2,4d0de97cc1df46891035813afb9dae0cc54a368a,,,already-present-matching
membership-image,"resources/source-cds/Cardiff (1851-1867) - Donations, Expenditures, Minutes, Records/850__M_00073.jpg","Cardiff (1851-1867) - Donations, Expenditures, Minutes, Records/850__M_00073.jpg",717062,6abd46d24d2c8881c4bb4b778215b114,38a7ab0450ee052ea39c15e94cfb8327f088a9e9,,,already-present-matching
membership-image,"resources/source-cds/Cardiff (1851-1867) - Donations, Expenditures, Minutes, Records/850__M_00074.jpg","Cardiff (1851-1867) - Donations, Expenditures, Minutes, Records/850__M_00074.jpg",831712,277181889682c17c1b1f9a55fea4f956,b206d60b42cd59722f6dfc6f6d50f733f85f0004,,,already-present-matching
membership-image,"resources/source-cds/Cardiff (1851-1867) - Donations, Expenditures, Minutes, Records/850__M_00075.jpg","Cardiff (1851-1867) - Donations, Expenditures, Minutes, Records/850__M_00075.jpg",762141,a56695114d8c298b2f74e8fcb1990ade,9f7edf8fdcfbb4602c95d5334b13d287f35eabe0,,,already-present-matching
membership-image,"resources/source-cds/Cardiff (1851-1867) - Donations, Expenditures, Minutes, Records/850__M_00076.jpg","Cardiff (1851-1867) - Donations, Expenditures, Minutes, Records/850__M_00076.jpg",835141,fdeac67b856722134d122fdc81027b3f,85e84454ec991eb03fe5ef5aaf131ce5ca0b1bac,,,already-present-matching
membership-image,"resources/source-cds/Cardiff (1851-1867) - Donations, Expenditures, Minutes, Records/850__M_00077.jpg","Cardiff (1851-1867) - Donations, Expenditures, Minutes, Records/850__M_00077.jpg",755061,9491f2143ee2b032dd4803692d94e640,c270140f130605a42fe7f36f6254a7c1ce764c09,,,already-present-matching
membership-image,"resources/source-cds/Cardiff (1851-1867) - Donations, Expenditures, Minutes, Records/850__M_00078.jpg","Cardiff (1851-1867) - Donations, Expenditures, Minutes, Records/850__M_00078.jpg",816017,f1a8794cb9040827a712421257fab885,bf4411f03d50e23cf5f54a68e809f8846122b142,,,already-present-matching
membership-image,"resources/source-cds/Cardiff (1851-1867) - Donations, Expenditures, Minutes, Records/850__M_00079.jpg","Cardiff (1851-1867) - Donations, Expenditures, Minutes, Records/850__M_00079.jpg",754408,370f05652705242e08db6c0435c0611c,bf8cabd3eae9f9e807dcc661cb2bb1fcb7daeb6e,,,already-present-matching
membership-image,"resources/source-cds/Cardiff (1851-1867) - Donations, Expenditures, Minutes, Records/850__M_00080.jpg","Cardiff (1851-1867) - Donations, Expenditures, Minutes, Records/850__M_00080.jpg",850334,dfc081890dac53265682313ae5687a15,0e25f5b89743cd35876f83226ffc197ef6cd0ac4,,,already-present-matching
membership-image,"resources/source-cds/Cardiff (1851-1867) - Donations, Expenditures, Minutes, Records/850__M_00081.jpg","Cardiff (1851-1867) - Donations, Expenditures, Minutes, Records/850__M_00081.jpg",770190,c538e2fa6fe17bfeff23af7fd3c951e3,55c0b783e7137da4b22d5f507cc5a8b4f1097abe,,,already-present-matching
membership-image,"resources/source-cds/Cardiff (1851-1867) - Donations, Expenditures, Minutes, Records/850__M_00082.jpg","Cardiff (1851-1867) - Donations, Expenditures, Minutes, Records/850__M_00082.jpg",862445,4d0f701335d8f3efc0b273c9ebfe64c7,4daf4b5b96286889c66c4605c6f9acf2199c315f,,,already-present-matching
membership-image,"resources/source-cds/Cardiff (1851-1867) - Donations, Expenditures, Minutes, Records/850__M_00083.jpg","Cardiff (1851-1867) - Donations, Expenditures, Minutes, Records/850__M_00083.jpg",743521,6a7e58bba7994d1dcdf543d304e5d06c,61ac12c4fbf2c578f4f35d8130ab8105eb55714d,,,already-present-matching
membership-image,"resources/source-cds/Cardiff (1851-1867) - Donations, Expenditures, Minutes, Records/850__M_00084.jpg","Cardiff (1851-1867) - Donations, Expenditures, Minutes, Records/850__M_00084.jpg",870716,6486ae0cc700085b288ee4faebb65d67,e76a3edcefd15c3ad03bb1df60f78edf3780db93,,,already-present-matching
membership-image,"resources/source-cds/Cardiff (1851-1867) - Donations, Expenditures, Minutes, Records/850__M_00085.jpg","Cardiff (1851-1867) - Donations, Expenditures, Minutes, Records/850__M_00085.jpg",773759,1a23fc8e6ffa7649bbea87f4a5ae46f9,c0ad3c74442f712a1c6ae2cab2cc4f7d335ec173,,,already-present-matching
membership-image,"resources/source-cds/Cardiff (1851-1867) - Donations, Expenditures, Minutes, Records/850__M_00086.jpg","Cardiff (1851-1867) - Donations, Expenditures, Minutes, Records/850__M_00086.jpg",861116,0a2a96eb15c5d716f8b0c0ec26c6f929,9ed19120e7f1ad1a60076d3f407a5110c482db31,,,already-present-matching
membership-image,"resources/source-cds/Cardiff (1851-1867) - Donations, Expenditures, Minutes, Records/850__M_00087.jpg","Cardiff (1851-1867) - Donations, Expenditures, Minutes, Records/850__M_00087.jpg",771416,99874a79dccff23b80cd82c324abdb6c,50b45670d6d9f50f74dfffd0b52c4fa480c38e74,,,already-present-matching
membership-image,"resources/source-cds/Cardiff (1851-1867) - Donations, Expenditures, Minutes, Records/850__M_00088.jpg","Cardiff (1851-1867) - Donations, Expenditures, Minutes, Records/850__M_00088.jpg",892223,e89a6181dafab51064ff541fb91730bf,ac9004c5bc357f599a36b81f8a992bf849e383df,,,already-present-matching
membership-image,"resources/source-cds/Cardiff (1851-1867) - Donations, Expenditures, Minutes, Records/850__M_00089.jpg","Cardiff (1851-1867) - Donations, Expenditures, Minutes, Records/850__M_00089.jpg",776373,b820b38ad8cb84b4d3d3044157607df7,8f67ca7cdd6444d75d5c4247c0272e7fb80a09cb,,,already-present-matching
membership-image,"resources/source-cds/Cardiff (1851-1867) - Donations, Expenditures, Minutes, Records/850__M_00090.jpg","Cardiff (1851-1867) - Donations, Expenditures, Minutes, Records/850__M_00090.jpg",918203,69cd928e2daa3d722cb7c14e4e8c1838,ceac1e1202cd89d402be88f7bde0510ca10c37c5,,,already-present-matching
membership-image,"resources/source-cds/Cardiff (1851-1867) - Donations, Expenditures, Minutes, Records/850__M_00091.jpg","Cardiff (1851-1867) - Donations, Expenditures, Minutes, Records/850__M_00091.jpg",807341,8d7939201c1b3ad1cfcff9b01b247b7e,716449e557897a860a4d169d10bb15861d790e9b,,,already-present-matching
membership-image,"resources/source-cds/Cardiff (1851-1867) - Donations, Expenditures, Minutes, Records/850__M_00092.jpg","Cardiff (1851-1867) - Donations, Expenditures, Minutes, Records/850__M_00092.jpg",924010,36617ad5a3df271ebf93aaa295d12c86,11df2ebcb8e6e6ff0c01dc03682b6701e6df9125,,,already-present-matching
membership-image,"resources/source-cds/Cardiff (1851-1867) - Donations, Expenditures, Minutes, Records/850__M_00093.jpg","Cardiff (1851-1867) - Donations, Expenditures, Minutes, Records/850__M_00093.jpg",775245,4ff1c5ff359a3306d09440df9938a322,eeb33cc20372d970b67fcc0b469dfe9f583cd7f9,,,already-present-matching
membership-image,"resources/source-cds/Cardiff (1851-1867) - Donations, Expenditures, Minutes, Records/850__M_00094.jpg","Cardiff (1851-1867) - Donations, Expenditures, Minutes, Records/850__M_00094.jpg",844630,e71cc4cb90cf35c44afef7f629fcd60a,a4e14e310e6b12f6346058caeaf309926b662ddd,,,already-present-matching
membership-image,"resources/source-cds/Cardiff (1851-1867) - Donations, Expenditures, Minutes, Records/850__M_00095.jpg","Cardiff (1851-1867) - Donations, Expenditures, Minutes, Records/850__M_00095.jpg",800351,6b57e32ca6b312e246fa6c1854d495b8,b7c548b48647d5a9a7fb7ee898bbba27f08bf319,,,already-present-matching
membership-image,"resources/source-cds/Cardiff (1851-1867) - Donations, Expenditures, Minutes, Records/850__M_00096.jpg","Cardiff (1851-1867) - Donations, Expenditures, Minutes, Records/850__M_00096.jpg",846508,65d9ae140ec0352b138aeae5400b956d,2e7181e5e738bad91ac74db552e34fcc6af5b428,,,already-present-matching
membership-image,"resources/source-cds/Cardiff (1851-1867) - Donations, Expenditures, Minutes, Records/850__M_00097.jpg","Cardiff (1851-1867) - Donations, Expenditures, Minutes, Records/850__M_00097.jpg",798638,747808662e432947f49e6df0e36b1995,3d9facdbee76561218c1b54eaaae3e42aefaa5e0,,,already-present-matching
membership-image,"resources/source-cds/Cardiff (1851-1867) - Donations, Expenditures, Minutes, Records/850__M_00098.jpg","Cardiff (1851-1867) - Donations, Expenditures, Minutes, Records/850__M_00098.jpg",809936,653f7c5e2606de164a67d071778e5c2f,94a2c685efffbfb09b46b9ff62bcaa9da6173c42,,,already-present-matching
membership-image,"resources/source-cds/Cardiff (1851-1867) - Donations, Expenditures, Minutes, Records/850__M_00099.jpg","Cardiff (1851-1867) - Donations, Expenditures, Minutes, Records/850__M_00099.jpg",762836,d41117ef383991de4185b2f8a66810c1,a0cfe397f7ab768d223f1cdeb9c15020fc67c5d2,,,already-present-matching
membership-image,"resources/source-cds/Cardiff (1851-1867) - Donations, Expenditures, Minutes, Records/850__M_00100.jpg","Cardiff (1851-1867) - Donations, Expenditures, Minutes, Records/850__M_00100.jpg",777934,25eab3e1af74c8f41c5fd46d3662fe1f,d8e8bd418a2a89e93e61ccf67d120fcf8749d151,,,already-present-matching
membership-image,"resources/source-cds/Cardiff (1851-1867) - Donations, Expenditures, Minutes, Records/850__M_00101.jpg","Cardiff (1851-1867) - Donations, Expenditures, Minutes, Records/850__M_00101.jpg",792924,d5fa1326cb7466cfc2aad4ed234c41bf,8a415c404e7a5b3b1d7f09d34e6ba9c54842d4c8,,,already-present-matching
membership-image,"resources/source-cds/Cardiff (1851-1867) - Donations, Expenditures, Minutes, Records/850__M_00102.jpg","Cardiff (1851-1867) - Donations, Expenditures, Minutes, Records/850__M_00102.jpg",893084,59c40a49ef20d5e0ab374b9ee04ef266,d74d4cbfbf22988053229f776a8601d8279e636e,,,already-present-matching
membership-image,"resources/source-cds/Cardiff (1851-1867) - Donations, Expenditures, Minutes, Records/850__M_00103.jpg","Cardiff (1851-1867) - Donations, Expenditures, Minutes, Records/850__M_00103.jpg",754986,34f97541e8681794265837d185fafaf1,96e9abb30209696c0989ef3b35539db410177548,,,already-present-matching
membership-image,"resources/source-cds/Cardiff (1851-1867) - Donations, Expenditures, Minutes, Records/850__M_00104.jpg","Cardiff (1851-1867) - Donations, Expenditures, Minutes, Records/850__M_00104.jpg",873199,75636589317c15233bbb83c87e585e1f,b6f8710fa42c577cfbbd3b8c12ea0b130c77c18c,,,already-present-matching
membership-image,"resources/source-cds/Cardiff (1851-1867) - Donations, Expenditures, Minutes, Records/850__M_00105.jpg","Cardiff (1851-1867) - Donations, Expenditures, Minutes, Records/850__M_00105.jpg",734127,1d997f02bdaf755fae4bf0cbb8b0c80d,999a1afb5971a87de03073d5661f60183ecbe142,,,already-present-matching
membership-image,"resources/source-cds/Cardiff (1851-1867) - Donations, Expenditures, Minutes, Records/850__M_00106.jpg","Cardiff (1851-1867) - Donations, Expenditures, Minutes, Records/850__M_00106.jpg",883837,f0e72becd181e50f0cc2c2e584965b3c,411a92b741fd54b50f952dcb1aea26b7235a3cab,,,already-present-matching
membership-image,"resources/source-cds/Cardiff (1851-1867) - Donations, Expenditures, Minutes, Records/850__M_00107.jpg","Cardiff (1851-1867) - Donations, Expenditures, Minutes, Records/850__M_00107.jpg",723086,0c15801969e7979f44ef93ca71d6a734,43490e346d3701ff3e7656685da81b2d6208c3b5,,,already-present-matching
membership-image,"resources/source-cds/Cardiff (1851-1867) - Donations, Expenditures, Minutes, Records/850__M_00108.jpg","Cardiff (1851-1867) - Donations, Expenditures, Minutes, Records/850__M_00108.jpg",861453,bbf29a15fa7ff9fae7244a547536581d,eea463e0138ee60dc22ad5ace76799d8b4d49cfb,,,already-present-matching
membership-image,"resources/source-cds/Cardiff (1851-1867) - Donations, Expenditures, Minutes, Records/850__M_00109.jpg","Cardiff (1851-1867) - Donations, Expenditures, Minutes, Records/850__M_00109.jpg",733220,1b24952f4c43bee3ce7c0a22a0e0868d,da300b5de3c7da65af4b04698f3f23f4a0a91b5a,,,already-present-matching
membership-image,"resources/source-cds/Cardiff (1851-1867) - Donations, Expenditures, Minutes, Records/850__M_00110.jpg","Cardiff (1851-1867) - Donations, Expenditures, Minutes, Records/850__M_00110.jpg",839786,e572e5205e9f64655b6cca6718650550,18234eaa8299254166d3f7b5b57326ee2b975233,,,already-present-matching
membership-image,"resources/source-cds/Cardiff (1851-1867) - Donations, Expenditures, Minutes, Records/850__M_00111.jpg","Cardiff (1851-1867) - Donations, Expenditures, Minutes, Records/850__M_00111.jpg",767494,fe5c91a4dd6d6f44eb1f1992930722b4,fdaa0df3a90b1d6fb01d2f13e2245f5c610c9efe,,,already-present-matching
membership-image,"resources/source-cds/Cardiff (1851-1867) - Donations, Expenditures, Minutes, Records/850__M_00112.jpg","Cardiff (1851-1867) - Donations, Expenditures, Minutes, Records/850__M_00112.jpg",792510,d8c61a54649b2b77eab8e0f4023ada66,7320365eb260e85165de40e78086a63bff52c767,,,already-present-matching
membership-image,"resources/source-cds/Cardiff (1851-1867) - Donations, Expenditures, Minutes, Records/850__M_00113.jpg","Cardiff (1851-1867) - Donations, Expenditures, Minutes, Records/850__M_00113.jpg",747045,5cad33a5d0422e10618e4be7391680a8,f890ee52b7f870a20c18c119b3ccd72e9621ec2c,,,already-present-matching
membership-image,"resources/source-cds/Cardiff (1851-1867) - Donations, Expenditures, Minutes, Records/850__M_00114.jpg","Cardiff (1851-1867) - Donations, Expenditures, Minutes, Records/850__M_00114.jpg",857903,af04590d28f60ddecf15e3b20ab7d49f,b565453906b5193dfb294847d825fc3686023f4d,,,already-present-matching
membership-image,"resources/source-cds/Cardiff (1851-1867) - Donations, Expenditures, Minutes, Records/850__M_00115.jpg","Cardiff (1851-1867) - Donations, Expenditures, Minutes, Records/850__M_00115.jpg",764402,6f2486b27452337f2719d84ff655755a,b1636ede9bebebee3611ad7cf495baa1495b39b6,,,already-present-matching
membership-image,"resources/source-cds/Cardiff (1851-1867) - Donations, Expenditures, Minutes, Records/850__M_00116.jpg","Cardiff (1851-1867) - Donations, Expenditures, Minutes, Records/850__M_00116.jpg",873784,1e0a0caee7e42183d4fa636e350cb354,9646a4f61787c344e50cfec2f861f623c5620a31,,,already-present-matching
membership-image,"resources/source-cds/Cardiff (1851-1867) - Donations, Expenditures, Minutes, Records/850__M_00117.jpg","Cardiff (1851-1867) - Donations, Expenditures, Minutes, Records/850__M_00117.jpg",744017,75f4e1e89fd07afd234576128cf4af58,f31cb595589faa0533bd344a90c81a406ac1687d,,,already-present-matching
membership-image,"resources/source-cds/Cardiff (1851-1867) - Donations, Expenditures, Minutes, Records/850__M_00118.jpg","Cardiff (1851-1867) - Donations, Expenditures, Minutes, Records/850__M_00118.jpg",766986,71a120230d3758541772c89ba2848a23,e02749d7cb3a50845599cc0bb92bbe7f3386a7e6,,,already-present-matching
membership-image,"resources/source-cds/Cardiff (1851-1867) - Donations, Expenditures, Minutes, Records/850__M_00119.jpg","Cardiff (1851-1867) - Donations, Expenditures, Minutes, Records/850__M_00119.jpg",757257,681c012461f482ecfbb6fa795c7f7373,506190d04e862e69edf89f5331a7398cbbde3e24,,,already-present-matching
membership-image,"resources/source-cds/Cardiff (1851-1867) - Donations, Expenditures, Minutes, Records/850__M_00120.jpg","Cardiff (1851-1867) - Donations, Expenditures, Minutes, Records/850__M_00120.jpg",770720,438fa03f87eb47767639c68002900d07,fb61b65206b4bfbb266a0e184bdeb52c623cffd4,,,already-present-matching
membership-image,"resources/source-cds/Cardiff (1851-1867) - Donations, Expenditures, Minutes, Records/850__M_00121.jpg","Cardiff (1851-1867) - Donations, Expenditures, Minutes, Records/850__M_00121.jpg",743453,6c83189c23153c071a6c4ea3ac94d47c,c24109d192b4abc988e93caef2091790d4b2e3fc,,,already-present-matching
membership-image,"resources/source-cds/Cardiff (1851-1867) - Donations, Expenditures, Minutes, Records/850__M_00122.jpg","Cardiff (1851-1867) - Donations, Expenditures, Minutes, Records/850__M_00122.jpg",856751,5742d76b248059cd6d53387a5e9dc164,c6656f45f51add7d778eb30703dc67b8dc8611c1,,,already-present-matching
membership-image,"resources/source-cds/Cardiff (1851-1867) - Donations, Expenditures, Minutes, Records/850__M_00123.jpg","Cardiff (1851-1867) - Donations, Expenditures, Minutes, Records/850__M_00123.jpg",729571,c4387b63a792a0f90b5623c40bf2df63,0545e646ad163738bb9812a7ba1c716fb96a9735,,,already-present-matching
membership-image,"resources/source-cds/Cardiff (1851-1867) - Donations, Expenditures, Minutes, Records/850__M_00124.jpg","Cardiff (1851-1867) - Donations, Expenditures, Minutes, Records/850__M_00124.jpg",792058,62ffb2f07c686efa44e0508588423f36,25b7e324f0e991e34862a6a9ad7dd3cbe8d6422e,,,already-present-matching
membership-image,"resources/source-cds/Cardiff (1851-1867) - Donations, Expenditures, Minutes, Records/850__M_00125.jpg","Cardiff (1851-1867) - Donations, Expenditures, Minutes, Records/850__M_00125.jpg",708351,059568d94054d30ca243e25fa7040de0,514e803b4eb8aee040f923291dbe3298295519f6,,,already-present-matching
membership-image,"resources/source-cds/Cardiff (1851-1867) - Donations, Expenditures, Minutes, Records/850__M_00126.jpg","Cardiff (1851-1867) - Donations, Expenditures, Minutes, Records/850__M_00126.jpg",824743,f66222ec1effad8e769996fbd28b148d,1fb9d119ff1f9661132a0b89c1596fc8b1b03beb,,,already-present-matching
membership-image,"resources/source-cds/Cardiff (1851-1867) - Donations, Expenditures, Minutes, Records/850__M_00127.jpg","Cardiff (1851-1867) - Donations, Expenditures, Minutes, Records/850__M_00127.jpg",743457,3ed033f2ffe2bd55f8c18c4466823bd2,0de98e4945c2cfd54b64a9b9a3786379a2b76059,,,already-present-matching
membership-image,"resources/source-cds/Cardiff (1851-1867) - Donations, Expenditures, Minutes, Records/850__M_00128.jpg","Cardiff (1851-1867) - Donations, Expenditures, Minutes, Records/850__M_00128.jpg",664775,88cc998330d36bbefde147ab8ece2acf,0ec0fc9df4310d235b567ae1d6cd7b5ea01e558d,,,already-present-matching
membership-image,"resources/source-cds/Cardiff (1851-1867) - Donations, Expenditures, Minutes, Records/850__M_00129.jpg","Cardiff (1851-1867) - Donations, Expenditures, Minutes, Records/850__M_00129.jpg",696604,196edc38ee319bf9f14ede7bbf290f60,f8ddce4f92d0dfa567cb657a498d7831274231ec,,,already-present-matching
membership-image,"resources/source-cds/Cardiff (1851-1867) - Donations, Expenditures, Minutes, Records/850__M_00130.jpg","Cardiff (1851-1867) - Donations, Expenditures, Minutes, Records/850__M_00130.jpg",796370,4b702b5a341eac18cb8b45e5742e103b,89fd4defd84947b0c627f15bca955fc98cd0a973,,,already-present-matching
membership-image,"resources/source-cds/Cardiff (1851-1867) - Donations, Expenditures, Minutes, Records/850__M_00131.jpg","Cardiff (1851-1867) - Donations, Expenditures, Minutes, Records/850__M_00131.jpg",705652,5b982774f57ca15ca2b4049222d0d298,25629374802d4cbfa4a76800e9dd25d4a7198054,,,already-present-matching
membership-image,"resources/source-cds/Cardiff (1851-1867) - Donations, Expenditures, Minutes, Records/850__M_00132.jpg","Cardiff (1851-1867) - Donations, Expenditures, Minutes, Records/850__M_00132.jpg",737588,da3e7cf90baff01027d455d36eca77da,38867b18dbe91b1068403697c0b9c51a71e5bf1a,,,already-present-matching
membership-image,"resources/source-cds/Cardiff (1851-1867) - Donations, Expenditures, Minutes, Records/850__M_00133.jpg","Cardiff (1851-1867) - Donations, Expenditures, Minutes, Records/850__M_00133.jpg",701511,e4c496acf1372f23291b78a87dee151b,307f8e027b231ae9898652931c24d839bc107678,,,already-present-matching
membership-image,"resources/source-cds/Cardiff (1851-1867) - Donations, Expenditures, Minutes, Records/850__M_00134.jpg","Cardiff (1851-1867) - Donations, Expenditures, Minutes, Records/850__M_00134.jpg",821006,d902114d2024904ffb7b2c2ebb4d4954,927756dde7c35f97d95fe27a7fab4ab12e447b11,,,already-present-matching
membership-image,"resources/source-cds/Cardiff (1851-1867) - Donations, Expenditures, Minutes, Records/850__M_00135.jpg","Cardiff (1851-1867) - Donations, Expenditures, Minutes, Records/850__M_00135.jpg",934006,ec376c10066bb80a92abc2ba78a09c93,7efca8cbdd114085426164fe19d70921d27679c4,,,already-present-matching
membership-image,"resources/source-cds/Cardiff (1851-1867) - Donations, Expenditures, Minutes, Records/850__M_00136.jpg","Cardiff (1851-1867) - Donations, Expenditures, Minutes, Records/850__M_00136.jpg",904076,1f8a1c0b52ae960c7bce46db4b0c02a9,d9728d000f494fb72e75d8ef0fa1f1ac183375d8,,,already-present-matching
membership-image,"resources/source-cds/Cardiff (1851-1867) - Donations, Expenditures, Minutes, Records/850__M_00137.jpg","Cardiff (1851-1867) - Donations, Expenditures, Minutes, Records/850__M_00137.jpg",667308,25cd86a8d10619acfb9704e15592d628,99f640cc5d30d02f9acb48712bb032ef9240005d,,,already-present-matching
membership-image,"resources/source-cds/Cardiff (1851-1867) - Donations, Expenditures, Minutes, Records/850__M_00138.jpg","Cardiff (1851-1867) - Donations, Expenditures, Minutes, Records/850__M_00138.jpg",1397786,f8d9c17aef3ce2109e0fc71d89f00cc8,68beb2637b8246b1130de1e1404e6b110da5b8aa,,,already-present-matching
membership-image,"resources/source-cds/Cardiff (1851-1867) - Donations, Expenditures, Minutes, Records/850__M_00139.jpg","Cardiff (1851-1867) - Donations, Expenditures, Minutes, Records/850__M_00139.jpg",1333093,04bb198d9684dfd4aa23c0258e5044a5,1c587f2f73dbea9f293beeeda2cc285ba33faa11,,,already-present-matching
membership-image,"resources/source-cds/Cardiff (1851-1867) - Donations, Expenditures, Minutes, Records/850__M_00140.jpg","Cardiff (1851-1867) - Donations, Expenditures, Minutes, Records/850__M_00140.jpg",450084,7902d70f3442f7263be77402b3b6191f,34f4519599cbbf0d998455f23b79995907aea5ae,,,already-present-matching
membership-image,"resources/source-cds/Cardiff (1851-1867) - Donations, Expenditures, Minutes, Records/850__M_00141.jpg","Cardiff (1851-1867) - Donations, Expenditures, Minutes, Records/850__M_00141.jpg",227793,55feca2bd33a7c41b4096efcf16ab6b3,f15e9ce697b3ad050f1e5087af251fafe60c738d,,,already-present-matching
membership-image,"resources/source-cds/Cardiff (1851-1867) - Donations, Expenditures, Minutes, Records/850__M_00142.jpg","Cardiff (1851-1867) - Donations, Expenditures, Minutes, Records/850__M_00142.jpg",156555,d7eab68a0d0bb7b8e1651cc5fe51e15b,9cfc2bdcdb19e2cc0b7cea31776f14bcc0be38e1,,,already-present-matching
membership-image,"resources/source-cds/Gymner (1852-1857, 1863) - Minutes/LR-1115222__M_00001.jpg","Gymner (1852-1857, 1863) - Minutes/LR-1115222__M_00001.jpg",431272,5c5912b1aeca6f1c1b29598788244055,f38ce0d62003eaf2a08ad465cb1cd8ce49429c84,,,already-present-matching
membership-image,"resources/source-cds/Gymner (1852-1857, 1863) - Minutes/LR-1115222__M_00002.jpg","Gymner (1852-1857, 1863) - Minutes/LR-1115222__M_00002.jpg",375162,0ee04aa75fd434a369ff18818fe38df9,273486a28b46d2162bf0a759225f4d62aa018694,,,already-present-matching
membership-image,"resources/source-cds/Gymner (1852-1857, 1863) - Minutes/LR-1115222__M_00003.jpg","Gymner (1852-1857, 1863) - Minutes/LR-1115222__M_00003.jpg",294238,b7c6faf9c688aece57f4acb1a6676c58,b76527aec24a91801423fbae70591c56560e2496,,,already-present-matching
membership-image,"resources/source-cds/Gymner (1852-1857, 1863) - Minutes/LR-1115222__M_00004.jpg","Gymner (1852-1857, 1863) - Minutes/LR-1115222__M_00004.jpg",496744,e15890f0abca1aa51013ce9ab3f77f5a,6b1a5d2da9b26b7fd172fb571cd19e830009e869,,,already-present-matching
membership-image,"resources/source-cds/Gymner (1852-1857, 1863) - Minutes/LR-1115222__M_00005.jpg","Gymner (1852-1857, 1863) - Minutes/LR-1115222__M_00005.jpg",493977,28e87ffe765d1bdc41ebe438dbacd2db,42afaea4091021351edb2a62dc708b15aca305d5,,,already-present-matching
membership-image,"resources/source-cds/Gymner (1852-1857, 1863) - Minutes/LR-1115222__M_00006.jpg","Gymner (1852-1857, 1863) - Minutes/LR-1115222__M_00006.jpg",508020,be51e152fa54f017bf0b14616a75961d,d253db8eeedae5c30df0ce8be170875c609e74dc,,,already-present-matching
membership-image,"resources/source-cds/Gymner (1852-1857, 1863) - Minutes/LR-1115222__M_00007.jpg","Gymner (1852-1857, 1863) - Minutes/LR-1115222__M_00007.jpg",462975,9dd38065e85ed7f92a33eaad1c6e9215,6c3b9d6d01e970437d0fe1d34b6ba9c3a6ea0619,,,already-present-matching
membership-image,"resources/source-cds/Gymner (1852-1857, 1863) - Minutes/LR-1115222__M_00008.jpg","Gymner (1852-1857, 1863) - Minutes/LR-1115222__M_00008.jpg",487358,6ce42069cc44bbc3e78b0b95e88b1f1d,dd73dbacf289867e2f43f5f9d77c5636f529c34f,,,already-present-matching
membership-image,"resources/source-cds/Gymner (1852-1857, 1863) - Minutes/LR-1115222__M_00009.jpg","Gymner (1852-1857, 1863) - Minutes/LR-1115222__M_00009.jpg",442533,4e2af6ca046c8d6d6d7ffba654fcd1df,2b8bb0b41cf11eb56ff6c42bc473d5e1bb8fffd5,,,already-present-matching
membership-image,"resources/source-cds/Gymner (1852-1857, 1863) - Minutes/LR-1115222__M_00010.jpg","Gymner (1852-1857, 1863) - Minutes/LR-1115222__M_00010.jpg",479969,b72dc09b44abdaa408f0e900d7cf643d,ba58c7f034fc8f79c9f9f77446107e7ae6fb4593,,,already-present-matching
membership-image,"resources/source-cds/Gymner (1852-1857, 1863) - Minutes/LR-1115222__M_00011.jpg","Gymner (1852-1857, 1863) - Minutes/LR-1115222__M_00011.jpg",461602,f7a130641c242da0db064a470ba4bf04,80d7d8dc37536b7fb0c7cdc6c91c5f8499c422ea,,,upload-new
membership-image,"resources/source-cds/Gymner (1852-1857, 1863) - Minutes/LR-1115222__M_00012.jpg","Gymner (1852-1857, 1863) - Minutes/LR-1115222__M_00012.jpg",520515,5e96a8b801d128579e54e03e587fc1be,0d6edd7e4d11c6e5cb026cf5a725816d15f5c0b1,,,upload-new
membership-image,"resources/source-cds/Gymner (1852-1857, 1863) - Minutes/LR-1115222__M_00013.jpg","Gymner (1852-1857, 1863) - Minutes/LR-1115222__M_00013.jpg",450526,79548dbffc69f5e8aae3a92ed4392a34,a4d3bf3c8254d326c6e31216855b4a53487c4b53,,,upload-new
membership-image,"resources/source-cds/Gymner (1852-1857, 1863) - Minutes/LR-1115222__M_00014.jpg","Gymner (1852-1857, 1863) - Minutes/LR-1115222__M_00014.jpg",499845,98f63a3c900539f221866f38411bd302,4c88a41c19958b8a713ba8dfd7e7e96712587952,,,upload-new
membership-image,"resources/source-cds/Gymner (1852-1857, 1863) - Minutes/LR-1115222__M_00015.jpg","Gymner (1852-1857, 1863) - Minutes/LR-1115222__M_00015.jpg",453345,f0a59d3ea8aaff43301e6c0943a159dc,8dd869ad685979fb4a4506ef4000d42c5bdaf1b0,,,already-present-matching
membership-image,"resources/source-cds/Gymner (1852-1857, 1863) - Minutes/LR-1115222__M_00016.jpg","Gymner (1852-1857, 1863) - Minutes/LR-1115222__M_00016.jpg",553732,79f83873baa964c919eb5f78cd360e25,45a7902e6617b2011cb90d467a631d25b64fc54d,,,already-present-matching
membership-image,"resources/source-cds/Gymner (1852-1857, 1863) - Minutes/LR-1115222__M_00017.jpg","Gymner (1852-1857, 1863) - Minutes/LR-1115222__M_00017.jpg",472500,6612b4336fb0801870443f9ecf0dcf01,24f6ee991f22b892c22794c691c45c05db7d7f00,,,already-present-matching
membership-image,"resources/source-cds/Gymner (1852-1857, 1863) - Minutes/LR-1115222__M_00018.jpg","Gymner (1852-1857, 1863) - Minutes/LR-1115222__M_00018.jpg",550645,2c5fffd9029829693a73deffbed32d1e,eeb198971be23332d7a7ccb4e832c92a7054fc53,,,already-present-matching
membership-image,"resources/source-cds/Gymner (1852-1857, 1863) - Minutes/LR-1115222__M_00019.jpg","Gymner (1852-1857, 1863) - Minutes/LR-1115222__M_00019.jpg",471498,a4ca18e5502e8cf7f988e670d033d5b7,e23195e43478ef335fb4aaff7249b567dae2ea5b,,,already-present-matching
membership-image,"resources/source-cds/Gymner (1852-1857, 1863) - Minutes/LR-1115222__M_00020.jpg","Gymner (1852-1857, 1863) - Minutes/LR-1115222__M_00020.jpg",517756,52870abc0a6a9a290465c1a5fd3559a6,6a695e06db3d63c4d49062982eba4bd8c56db9ae,,,already-present-matching
membership-image,"resources/source-cds/Gymner (1852-1857, 1863) - Minutes/LR-1115222__M_00021.jpg","Gymner (1852-1857, 1863) - Minutes/LR-1115222__M_00021.jpg",483301,2d4430a8da4e7a60a6598dcabae19bd8,d76f7db1bdb61611de85aee78baf5c789c2c0712,,,already-present-matching
membership-image,"resources/source-cds/Gymner (1852-1857, 1863) - Minutes/LR-1115222__M_00022.jpg","Gymner (1852-1857, 1863) - Minutes/LR-1115222__M_00022.jpg",570507,3259f47f9820cd7aeba93d08d23ce4f8,d78175dc990a341e036e2e3ce0db1519c7a6b7d3,,,already-present-matching
membership-image,"resources/source-cds/Gymner (1852-1857, 1863) - Minutes/LR-1115222__M_00023.jpg","Gymner (1852-1857, 1863) - Minutes/LR-1115222__M_00023.jpg",482782,0bd6e24d2ac5298774c4cdcc54d50c0c,48319713dc67a8d88221fc0a4f92fcc8e8664d33,,,already-present-matching
membership-image,"resources/source-cds/Gymner (1852-1857, 1863) - Minutes/LR-1115222__M_00024.jpg","Gymner (1852-1857, 1863) - Minutes/LR-1115222__M_00024.jpg",544837,daf1b06734addac6d1154366222ba715,4a4501fcfc4f7c1526eac7cf53a7708ec97121df,,,already-present-matching
membership-image,"resources/source-cds/Gymner (1852-1857, 1863) - Minutes/LR-1115222__M_00025.jpg","Gymner (1852-1857, 1863) - Minutes/LR-1115222__M_00025.jpg",515827,5dc795d92b3d451abbe91d154142dc7f,ed03383d89fdb6270c4cf528f348d51057ecad82,,,already-present-matching
membership-image,"resources/source-cds/Gymner (1852-1857, 1863) - Minutes/LR-1115222__M_00026.jpg","Gymner (1852-1857, 1863) - Minutes/LR-1115222__M_00026.jpg",546364,fbe28c1062cb63ca313fa175c62a04e1,98476701b7b8386916caafd3d20a989d1c33e266,,,already-present-matching
membership-image,"resources/source-cds/Gymner (1852-1857, 1863) - Minutes/LR-1115222__M_00027.jpg","Gymner (1852-1857, 1863) - Minutes/LR-1115222__M_00027.jpg",479888,2a724bf0128f12cc40e95b14b7448a99,e07d533bde4668eab0086d904ebdb59453c3f391,,,already-present-matching
membership-image,"resources/source-cds/Gymner (1852-1857, 1863) - Minutes/LR-1115222__M_00028.jpg","Gymner (1852-1857, 1863) - Minutes/LR-1115222__M_00028.jpg",543667,1ce65e1feb5d4bbdad33e221140f64ca,1bd3b642be164326f78d1d4828a246375817c61c,,,already-present-matching
membership-image,"resources/source-cds/Gymner (1852-1857, 1863) - Minutes/LR-1115222__M_00029.jpg","Gymner (1852-1857, 1863) - Minutes/LR-1115222__M_00029.jpg",458969,e1e522a81fea34d4f48110f8d3150028,252998fe6057449eb5d9b6351451e91a2876003a,,,already-present-matching
membership-image,"resources/source-cds/Gymner (1852-1857, 1863) - Minutes/LR-1115222__M_00030.jpg","Gymner (1852-1857, 1863) - Minutes/LR-1115222__M_00030.jpg",501225,76e64132c19f82d070769db549514ac0,65c5b099782d53721328aeb7cc6448f4b9ee43e5,,,already-present-matching
membership-image,"resources/source-cds/Gymner (1852-1857, 1863) - Minutes/LR-1115222__M_00031.jpg","Gymner (1852-1857, 1863) - Minutes/LR-1115222__M_00031.jpg",493351,2015e7d37494f451b66ba497484f7a5c,d1456e3bb0d4f5680709b175e31ad0dd9c247380,,,already-present-matching
membership-image,"resources/source-cds/Gymner (1852-1857, 1863) - Minutes/LR-1115222__M_00032.jpg","Gymner (1852-1857, 1863) - Minutes/LR-1115222__M_00032.jpg",535074,d1cd6a5860d380b1ea395d6b8f5eaa6d,71b37966cb0d8dabc3aed1632862ca2993e1a43e,,,already-present-matching
membership-image,"resources/source-cds/Gymner (1852-1857, 1863) - Minutes/LR-1115222__M_00033.jpg","Gymner (1852-1857, 1863) - Minutes/LR-1115222__M_00033.jpg",495422,a53bb513356769d8caa60b57928be3f8,0d592572a191b2b27d9b05883dd6adbf479f9bec,,,already-present-matching
membership-image,"resources/source-cds/Gymner (1852-1857, 1863) - Minutes/LR-1115222__M_00034.jpg","Gymner (1852-1857, 1863) - Minutes/LR-1115222__M_00034.jpg",513644,ac7d19246e633816f65d99284ad299ad,987922ce98a608e8d362b33dcca7cc66ca96f30e,,,already-present-matching
membership-image,"resources/source-cds/Gymner (1852-1857, 1863) - Minutes/LR-1115222__M_00035.jpg","Gymner (1852-1857, 1863) - Minutes/LR-1115222__M_00035.jpg",491803,47832f77949cc8df144d194e637fd63f,152a9e5664d597786fe11d65abf86fec87ba01df,,,already-present-matching
membership-image,"resources/source-cds/Gymner (1852-1857, 1863) - Minutes/LR-1115222__M_00036.jpg","Gymner (1852-1857, 1863) - Minutes/LR-1115222__M_00036.jpg",510993,72223906c5ba0439a5066709233afcdc,cedf16d62eab775adb762670c010c8d6b6367da6,,,already-present-matching
membership-image,"resources/source-cds/Gymner (1852-1857, 1863) - Minutes/LR-1115222__M_00037.jpg","Gymner (1852-1857, 1863) - Minutes/LR-1115222__M_00037.jpg",504051,b7342abf3dc2d7f42d4012ddcd75ca9a,43078c7223020332d2152bded6e019d4c6a91b80,,,already-present-matching
membership-image,"resources/source-cds/Gymner (1852-1857, 1863) - Minutes/LR-1115222__M_00038.jpg","Gymner (1852-1857, 1863) - Minutes/LR-1115222__M_00038.jpg",551053,b65e1653f55b04a13e4411812aab8769,6dc61d7c1927ced6aaf4909ae0e314958ab8db67,,,already-present-matching
membership-image,"resources/source-cds/Gymner (1852-1857, 1863) - Minutes/LR-1115222__M_00039.jpg","Gymner (1852-1857, 1863) - Minutes/LR-1115222__M_00039.jpg",495845,eb2b1e2c34dfa132b83f2e54ca895e50,758251e36fc4248de6bacab64427d34a1fafb53b,,,already-present-matching
membership-image,"resources/source-cds/Gymner (1852-1857, 1863) - Minutes/LR-1115222__M_00040.jpg","Gymner (1852-1857, 1863) - Minutes/LR-1115222__M_00040.jpg",526947,e37fb94390b46ae60cd2a349849a0662,bb622d7da62479de5df698110edeb6d49319c0e7,,,already-present-matching
membership-image,"resources/source-cds/Gymner (1852-1857, 1863) - Minutes/LR-1115222__M_00041.jpg","Gymner (1852-1857, 1863) - Minutes/LR-1115222__M_00041.jpg",513611,18a9e8d6aa4f74d354604b846c203819,8b90bfd95295d6bf069c5e053da3e87d44037750,,,already-present-matching
membership-image,"resources/source-cds/Gymner (1852-1857, 1863) - Minutes/LR-1115222__M_00042.jpg","Gymner (1852-1857, 1863) - Minutes/LR-1115222__M_00042.jpg",535482,1978f66b6866fe8375f67831f98e75c7,f186948d8da775abbcb9de9cb2dd53dd8f6c9084,,,already-present-matching
membership-image,"resources/source-cds/Gymner (1852-1857, 1863) - Minutes/LR-1115222__M_00043.jpg","Gymner (1852-1857, 1863) - Minutes/LR-1115222__M_00043.jpg",467918,e8790b72fc4f41479852ec64b57e7f4d,06a5d3080eb64a743c9604a225149828509b4def,,,already-present-matching
membership-image,"resources/source-cds/Gymner (1852-1857, 1863) - Minutes/LR-1115222__M_00044.jpg","Gymner (1852-1857, 1863) - Minutes/LR-1115222__M_00044.jpg",532526,38a31e1499cd97ee2aeec3cb583130f4,63e1b4c0363f0cf0cf0f00caf36f2f5e40e066b1,,,already-present-matching
membership-image,"resources/source-cds/Gymner (1852-1857, 1863) - Minutes/LR-1115222__M_00045.jpg","Gymner (1852-1857, 1863) - Minutes/LR-1115222__M_00045.jpg",529343,f4752dfec6e56671f99b25c00c6a73df,8bcab4affad77ac9e589e74fe4e82d79f8c79150,,,already-present-matching
membership-image,"resources/source-cds/Gymner (1852-1857, 1863) - Minutes/LR-1115222__M_00046.jpg","Gymner (1852-1857, 1863) - Minutes/LR-1115222__M_00046.jpg",518780,54aacb0aa461ece2457d9840ac77fb34,fa23c5ec8a5e7e004c95e3064c0550f995712fde,,,already-present-matching
membership-image,"resources/source-cds/Gymner (1852-1857, 1863) - Minutes/LR-1115222__M_00047.jpg","Gymner (1852-1857, 1863) - Minutes/LR-1115222__M_00047.jpg",424861,5e4c37d734c63d56f39b3340737720ed,09fe0d135ad3a133090323d95a2bbccb2eb62a27,,,already-present-matching
membership-image,"resources/source-cds/Gymner (1852-1857, 1863) - Minutes/LR-1115222__M_00048.jpg","Gymner (1852-1857, 1863) - Minutes/LR-1115222__M_00048.jpg",517455,0bae40d4bf1192a6f3df511c1adcddf2,dc67d1a78af93ea21300ffcc1246225f00e0fcfa,,,already-present-matching
membership-image,"resources/source-cds/Gymner (1852-1857, 1863) - Minutes/LR-1115222__M_00049.jpg","Gymner (1852-1857, 1863) - Minutes/LR-1115222__M_00049.jpg",382095,2bad64ff7ab96c5be2e4f5a9bf93ab54,9c87cbc0139b10adf206f29202b95211fd53f9e4,,,already-present-matching
membership-image,"resources/source-cds/Gymner (1852-1857, 1863) - Minutes/LR-1115222__M_00050.jpg","Gymner (1852-1857, 1863) - Minutes/LR-1115222__M_00050.jpg",512350,b84114c5f21af781a4a5d4e0d4a7b107,1d7198554ced73291a0bbbeef6570c59e18650bb,,,already-present-matching
membership-image,"resources/source-cds/Gymner (1852-1857, 1863) - Minutes/LR-1115222__M_00051.jpg","Gymner (1852-1857, 1863) - Minutes/LR-1115222__M_00051.jpg",444617,8a355517f99780a2bddf7cdc07ce5f85,76b3447838fafc066814e260c24cc1dff9df84d1,,,already-present-matching
membership-image,"resources/source-cds/Gymner (1852-1857, 1863) - Minutes/LR-1115222__M_00052.jpg","Gymner (1852-1857, 1863) - Minutes/LR-1115222__M_00052.jpg",532305,a10b8f87e32d06f401286243c6fe966a,a2872febc5abbb3e50504a6cf8fefdea6548fb95,,,already-present-matching
membership-image,"resources/source-cds/Gymner (1852-1857, 1863) - Minutes/LR-1115222__M_00053.jpg","Gymner (1852-1857, 1863) - Minutes/LR-1115222__M_00053.jpg",494163,9adc2311545fb7f4e6dd0db3d4d9e729,9a8f6e3b239b89dc74900d00e4e4e989d0955d40,,,already-present-matching
membership-image,"resources/source-cds/Gymner (1852-1857, 1863) - Minutes/LR-1115222__M_00054.jpg","Gymner (1852-1857, 1863) - Minutes/LR-1115222__M_00054.jpg",524368,fdbea1cc7224d761da25c313d2502261,80e566c5b18339f3ead16164b67c2810fc2666a9,,,already-present-matching
membership-image,"resources/source-cds/Gymner (1852-1857, 1863) - Minutes/LR-1115222__M_00055.jpg","Gymner (1852-1857, 1863) - Minutes/LR-1115222__M_00055.jpg",476207,3528737f6a0910496ff2b24159335cbd,748add07eb20e329731013655ddaa6d3846a0ea2,,,already-present-matching
membership-image,"resources/source-cds/Gymner (1852-1857, 1863) - Minutes/LR-1115222__M_00056.jpg","Gymner (1852-1857, 1863) - Minutes/LR-1115222__M_00056.jpg",391463,ebff23f7cae565d304ab595887b4b78a,01303887238f018eec522d39011ce0962919a5b3,,,already-present-matching
membership-image,"resources/source-cds/Gymner (1852-1857, 1863) - Minutes/LR-1115222__M_00057.jpg","Gymner (1852-1857, 1863) - Minutes/LR-1115222__M_00057.jpg",459667,add661cb09710880201d825078a13dff,34fe0fc39108a36f02707adae320ab7bedb3c1ce,,,already-present-matching
membership-image,"resources/source-cds/Gymner (1852-1857, 1863) - Minutes/LR-1115222__M_00058.jpg","Gymner (1852-1857, 1863) - Minutes/LR-1115222__M_00058.jpg",411022,c3f09deea5882ba6d2a4dc49a059687c,d92aaf92759fe287ad305005096f64e1f5892772,,,already-present-matching
membership-image,"resources/source-cds/Gymner (1852-1857, 1863) - Minutes/LR-1115222__M_00059.jpg","Gymner (1852-1857, 1863) - Minutes/LR-1115222__M_00059.jpg",378483,f8f2b9c61da4fc640a0b09420f43aa20,ca584f7ee8c3b02e5bf0a06d6a5e6420a2c88db9,,,already-present-matching
membership-image,"resources/source-cds/Gymner (1852-1857, 1863) - Minutes/LR-1115222__M_00060.jpg","Gymner (1852-1857, 1863) - Minutes/LR-1115222__M_00060.jpg",535848,28a989dc7c3a1fe79688543f97a390a3,d1897bf8d0c2232f4826a9356f5f761d1f0aa59d,,,already-present-matching
membership-image,"resources/source-cds/Gymner (1852-1857, 1863) - Minutes/LR-1115222__M_00061.jpg","Gymner (1852-1857, 1863) - Minutes/LR-1115222__M_00061.jpg",495311,e12ff52670676c5339a840b654d56aec,9fab2fa6d6cfe2b1092b16bf8845bd26d22dedec,,,already-present-matching
membership-image,"resources/source-cds/Gymner (1852-1857, 1863) - Minutes/LR-1115222__M_00062.jpg","Gymner (1852-1857, 1863) - Minutes/LR-1115222__M_00062.jpg",552044,9a3f7f1d33d356da1ee91663930380ea,a436cded8b1b2c9ce9ab34b322ac872b616c875b,,,already-present-matching
membership-image,"resources/source-cds/Gymner (1852-1857, 1863) - Minutes/LR-1115222__M_00063.jpg","Gymner (1852-1857, 1863) - Minutes/LR-1115222__M_00063.jpg",495202,ed98c0784330637b1db234978e12a914,2d40fc3243364743867cd892bb78478165835fdc,,,already-present-matching
membership-image,"resources/source-cds/Gymner (1852-1857, 1863) - Minutes/LR-1115222__M_00064.jpg","Gymner (1852-1857, 1863) - Minutes/LR-1115222__M_00064.jpg",296613,b5b114fb19c36a8fe6e1ee8b67c10bf5,c00a3607db4800a0fcb6bf6dca48d0135b0c3063,,,already-present-matching
membership-image,"resources/source-cds/Gymner (1852-1857, 1863) - Minutes/LR-1115222__M_00065.jpg","Gymner (1852-1857, 1863) - Minutes/LR-1115222__M_00065.jpg",457117,336f7393021be323f55f2ab39f095768,d425c2734ff1ff1ba4a6e8dad5c68a162de3d3c6,,,upload-new
membership-image,"resources/source-cds/Gymner (1852-1857, 1863) - Minutes/LR-1115222__M_00066.jpg","Gymner (1852-1857, 1863) - Minutes/LR-1115222__M_00066.jpg",478650,dfe61957a7a4c4d4302f90403fbe48cd,06e436eab679923c6a896d94493423e0cac85b62,,,upload-new
membership-image,"resources/source-cds/Gymner (1852-1857, 1863) - Minutes/LR-1115222__M_00067.jpg","Gymner (1852-1857, 1863) - Minutes/LR-1115222__M_00067.jpg",319578,ca4e22eb0cdd0680c3507c9b9ed9d05d,fc7658fbec242266e47fbfafd0ad3561507919a0,,,upload-new
membership-image,"resources/source-cds/Gymner (1852-1857, 1863) - Minutes/LR-1115222a__M_00027.jpg","Gymner (1852-1857, 1863) - Minutes/LR-1115222a__M_00027.jpg",288770,b78cac84a53b3cf36e3343daabe04322,68ab004a643f895d37c7cd4780492f80b5de5371,,,upload-new
membership-image,"resources/source-cds/Gymner (1852-1857, 1863) - Minutes/LR-1115222a__M_00028.jpg","Gymner (1852-1857, 1863) - Minutes/LR-1115222a__M_00028.jpg",311562,a5a3add5150024a9d144a72d17ab5240,c1babc4519ef83345bd6ba588a517fee933c8529,,,already-present-matching
membership-image,"resources/source-cds/Gymner (1852-1857, 1863) - Minutes/LR-1115222a__M_00029.jpg","Gymner (1852-1857, 1863) - Minutes/LR-1115222a__M_00029.jpg",289072,e15ff3f3c9f939013505c04a26d02d06,dc39eab32e6af4be2946c0262aa3ddaddb6b9398,,,already-present-matching
membership-image,"resources/source-cds/Gymner (1852-1857, 1863) - Minutes/LR-1115222a__M_00030.jpg","Gymner (1852-1857, 1863) - Minutes/LR-1115222a__M_00030.jpg",296764,29d7c1911cc7e8018512bd236be1bf52,4faf7b02b087cf7149e1e3f0c53eb863ed32df42,,,already-present-matching
membership-image,"resources/source-cds/Gymner (1852-1857, 1863) - Minutes/LR-1115222a__M_00031.jpg","Gymner (1852-1857, 1863) - Minutes/LR-1115222a__M_00031.jpg",281671,ee686e582ca19617e80612204a1fad31,2eaab47ed7cddf0879d1aecd4dbe7a7b060f5ce7,,,already-present-matching
membership-image,"resources/source-cds/Gymner (1852-1857, 1863) - Minutes/LR-1115222a__M_00032.jpg","Gymner (1852-1857, 1863) - Minutes/LR-1115222a__M_00032.jpg",295069,29ed2a05248d63fe1afe172512a82581,ae851fffbd75a380b3c7602c935f6c34feeae67b,,,already-present-matching
membership-image,"resources/source-cds/Gymner (1852-1857, 1863) - Minutes/LR-1115222a__M_00033.jpg","Gymner (1852-1857, 1863) - Minutes/LR-1115222a__M_00033.jpg",288336,c31d4a48c04b0fb2d127cda03784fe14,a22da4fd18be433d929dcd9cb79ba5e5e3ad289a,,,already-present-matching
membership-image,"resources/source-cds/Gymner (1852-1857, 1863) - Minutes/LR-1115222a__M_00034.jpg","Gymner (1852-1857, 1863) - Minutes/LR-1115222a__M_00034.jpg",298981,26859ca854584d5ebc61366129da6b25,1dbb29caa5c157f25bd8e84acb1f3b7500897f45,,,already-present-matching
membership-image,"resources/source-cds/Gymner (1852-1857, 1863) - Minutes/LR-1115222a__M_00035.jpg","Gymner (1852-1857, 1863) - Minutes/LR-1115222a__M_00035.jpg",275344,ab3d1031c2ca63387eae64799a17ae45,3293813b995ad62fb2ef283d539469fb704e183c,,,already-present-matching
membership-image,"resources/source-cds/Gymner (1852-1857, 1863) - Minutes/LR-1115222a__M_00036.jpg","Gymner (1852-1857, 1863) - Minutes/LR-1115222a__M_00036.jpg",297517,8cd7eaa6e3978e837947f6a94b80d86a,c8f5c08d72c0ae0ca63c8d629cfb67bb21d30859,,,already-present-matching
membership-image,"resources/source-cds/Gymner (1852-1857, 1863) - Minutes/LR-1115222a__M_00037.jpg","Gymner (1852-1857, 1863) - Minutes/LR-1115222a__M_00037.jpg",280721,fab5c7849bcca24aabd1dfabf4d6abc4,694a492048bb1bd36f13b4d107e6a81687dbeb57,,,already-present-matching
membership-image,"resources/source-cds/Gymner (1852-1857, 1863) - Minutes/LR-1115222a__M_00038.jpg","Gymner (1852-1857, 1863) - Minutes/LR-1115222a__M_00038.jpg",302292,30fbca9387f5e3d4e8fff85ac3de7c68,eb25828bd3c96ba7cff990acc566c97227922a1f,,,already-present-matching
membership-image,"resources/source-cds/Gymner (1852-1857, 1863) - Minutes/LR-1115222a__M_00039.jpg","Gymner (1852-1857, 1863) - Minutes/LR-1115222a__M_00039.jpg",205898,faa582c018aa5072509363199aac7b81,7631a08f998df7e4563e1e75872e85609ed5db06,,,already-present-matching
membership-image,"resources/source-cds/Gymner (1852-1857, 1863) - Minutes/LR-1115222a__M_00040.jpg","Gymner (1852-1857, 1863) - Minutes/LR-1115222a__M_00040.jpg",299232,0e5f279d14189a0e113e962a85e40f68,4b91efac67477a6b8bfdba9b65aa5231cba253df,,,already-present-matching
membership-image,"resources/source-cds/Gymner (1852-1857, 1863) - Minutes/LR-1115222a__M_00041.jpg","Gymner (1852-1857, 1863) - Minutes/LR-1115222a__M_00041.jpg",189455,a13edd77d3155760ecf69c29223bedd2,ce0e9632dc41f6e968ddaebb5f4e5d5ceb2f1f3c,,,already-present-matching
membership-image,"resources/source-cds/Gymner (1852-1857, 1863) - Minutes/LR-1115222a__M_00042.jpg","Gymner (1852-1857, 1863) - Minutes/LR-1115222a__M_00042.jpg",299179,8fbb231493b3177331c483f8ee27ff39,d541730e5fddab14a2b34e9f1e6c7dbda40dff01,,,already-present-matching
membership-image,"resources/source-cds/Gymner (1852-1857, 1863) - Minutes/LR-1115222a__M_00043.jpg","Gymner (1852-1857, 1863) - Minutes/LR-1115222a__M_00043.jpg",181490,b954431dc8ec8176c69e021fc34108f7,6a7254da0f886aee56a3237f81b9383ca26c9f0f,,,already-present-matching
membership-image,"resources/source-cds/Gymner (1852-1857, 1863) - Minutes/LR-1115222a__M_00044.jpg","Gymner (1852-1857, 1863) - Minutes/LR-1115222a__M_00044.jpg",304617,b6a324c7545cfa4f49eab0ec31c86a5c,7e39faca13d22d9d48f6ca9499b3d22861a26cb3,,,already-present-matching
membership-image,"resources/source-cds/Gymner (1852-1857, 1863) - Minutes/LR-1115222a__M_00045.jpg","Gymner (1852-1857, 1863) - Minutes/LR-1115222a__M_00045.jpg",198323,706554bf2460d5cffd6d025fd576cc10,6b18695f2ff199f353004cbb896ab0d7d1a10906,,,already-present-matching
membership-image,"resources/source-cds/Gymner (1852-1857, 1863) - Minutes/LR-1115222a__M_00046.jpg","Gymner (1852-1857, 1863) - Minutes/LR-1115222a__M_00046.jpg",305072,76a5821c02d9245c641115eeae30249c,949921120525596c2c92f928d43b70323d18dab0,,,already-present-matching
membership-image,"resources/source-cds/Gymner (1852-1857, 1863) - Minutes/LR-1115222a__M_00047.jpg","Gymner (1852-1857, 1863) - Minutes/LR-1115222a__M_00047.jpg",197271,4a9e7f092d38bfe4a8a365f1fc9d1f85,75f44bc5d60b884abdb975ae673d65942e29aa4e,,,already-present-matching
membership-image,"resources/source-cds/Gymner (1852-1857, 1863) - Minutes/LR-1115222a__M_00048.jpg","Gymner (1852-1857, 1863) - Minutes/LR-1115222a__M_00048.jpg",297180,108c0de9b7d1251c122863c482bb028e,5bffe8bac40b953296528f43412bc8f578dae964,,,already-present-matching
membership-image,"resources/source-cds/Gymner (1852-1857, 1863) - Minutes/LR-1115222a__M_00049.jpg","Gymner (1852-1857, 1863) - Minutes/LR-1115222a__M_00049.jpg",198400,a114b713cdf552807cec54136959334f,0a5e50f3bbf900eeacbfcdad29e070122807e104,,,already-present-matching
membership-image,"resources/source-cds/Gymner (1852-1857, 1863) - Minutes/LR-1115222a__M_00050.jpg","Gymner (1852-1857, 1863) - Minutes/LR-1115222a__M_00050.jpg",298935,9bcc8e4f561808e033332b8dad9181fb,9fa54539a000b1dbecb518f7f7de2e4b8d76784a,,,already-present-matching
membership-image,"resources/source-cds/Gymner (1852-1857, 1863) - Minutes/LR-1115222a__M_00051.jpg","Gymner (1852-1857, 1863) - Minutes/LR-1115222a__M_00051.jpg",214611,b82d931174200fc9f9bb8c6256150086,8d56a3eaccfef7c7923f11a8c2da784581207c23,,,already-present-matching
membership-image,"resources/source-cds/Gymner (1852-1857, 1863) - Minutes/LR-1115222a__M_00052.jpg","Gymner (1852-1857, 1863) - Minutes/LR-1115222a__M_00052.jpg",292891,d5a19c37b6f36976dcb2e9333b31529d,701eac34f24bc015d7e2c492b2db84ea200b563c,,,already-present-matching
membership-image,"resources/source-cds/Gymner (1852-1857, 1863) - Minutes/LR-1115222a__M_00053.jpg","Gymner (1852-1857, 1863) - Minutes/LR-1115222a__M_00053.jpg",206116,6052bf46d339021280806e992e3e8f8f,b007d57665b24c522b91b2a37a9f7e8bf86c9477,,,already-present-matching
membership-image,"resources/source-cds/Gymner (1852-1857, 1863) - Minutes/LR-1115222a__M_00054.jpg","Gymner (1852-1857, 1863) - Minutes/LR-1115222a__M_00054.jpg",268268,bc164e67575baa5d5c5bf54cb5340fdf,bed73728d3e1ce0f1f871cadfc23256636472136,,,already-present-matching
membership-image,"resources/source-cds/Gymner (1852-1857, 1863) - Minutes/LR-1115222a__M_00055.jpg","Gymner (1852-1857, 1863) - Minutes/LR-1115222a__M_00055.jpg",207914,1e5134a5b94b92a235c1a9d2a044cd1c,bfbd5bf9de824c6d4abe550fada2e87f88410d66,,,already-present-matching
membership-image,"resources/source-cds/Gymner (1852-1857, 1863) - Minutes/LR-1115222a__M_00056.jpg","Gymner (1852-1857, 1863) - Minutes/LR-1115222a__M_00056.jpg",256330,5f780c4686f0059b000ccf84eb1d0ce4,879d5246723e6e80cb80276754ff964458e68a32,,,already-present-matching
membership-image,"resources/source-cds/Gymner (1852-1857, 1863) - Minutes/LR-1115222a__M_00057.jpg","Gymner (1852-1857, 1863) - Minutes/LR-1115222a__M_00057.jpg",202215,83b965d73322eb8283667e89f91d89eb,3f887517d9802dfddecfdc93c4da84ec8746057a,,,already-present-matching
membership-image,"resources/source-cds/Gymner (1852-1857, 1863) - Minutes/LR-1115222a__M_00058.jpg","Gymner (1852-1857, 1863) - Minutes/LR-1115222a__M_00058.jpg",263006,1b16fae5ec2e4e155bf30bbf50ac9287,c2899e49e9897d6d428930283301f4cb4cd75b06,,,already-present-matching
membership-image,"resources/source-cds/Gymner (1852-1857, 1863) - Minutes/LR-1115222a__M_00059.jpg","Gymner (1852-1857, 1863) - Minutes/LR-1115222a__M_00059.jpg",204236,69c820fc5278fe7e475a25623334286b,c2adfed8d17a48fdf249d5610b71cd24f8496034,,,already-present-matching
membership-image,"resources/source-cds/Gymner (1852-1857, 1863) - Minutes/LR-1115222a__M_00060.jpg","Gymner (1852-1857, 1863) - Minutes/LR-1115222a__M_00060.jpg",266757,3465db304b187dcfd5da1c3b9b24ac81,238bd70efd14f3bea826879724f85be1c695b318,,,already-present-matching
membership-image,"resources/source-cds/Gymner (1852-1857, 1863) - Minutes/LR-1115222a__M_00061.jpg","Gymner (1852-1857, 1863) - Minutes/LR-1115222a__M_00061.jpg",208774,f89c60a98d17564d43d59699c9c729d1,9500433c1c080fd81577402be7f9a95fff8ac4b3,,,already-present-matching
membership-image,"resources/source-cds/Gymner (1852-1857, 1863) - Minutes/LR-1115222a__M_00062.jpg","Gymner (1852-1857, 1863) - Minutes/LR-1115222a__M_00062.jpg",302984,afd3458df4d7c62b4b0e430067d36fd2,9bc3a7cc58c65c75dc6b0f9cdf16b398d08ca1fd,,,already-present-matching
membership-image,"resources/source-cds/Gymner (1852-1857, 1863) - Minutes/LR-1115222a__M_00063.jpg","Gymner (1852-1857, 1863) - Minutes/LR-1115222a__M_00063.jpg",209304,97b1968fea0b6d85ea0046447ace86fa,3d45d04b67a25dc7cf122d2a6f16a02ca03e1004,,,already-present-matching
membership-image,"resources/source-cds/Gymner (1852-1857, 1863) - Minutes/LR-1115222a__M_00064.jpg","Gymner (1852-1857, 1863) - Minutes/LR-1115222a__M_00064.jpg",295257,a2992fed55769158035ee85b59d08198,90098d2a96bb78179644dec75fda4a59ec9223f5,,,already-present-matching
membership-image,"resources/source-cds/Gymner (1852-1857, 1863) - Minutes/LR-1115222a__M_00065.jpg","Gymner (1852-1857, 1863) - Minutes/LR-1115222a__M_00065.jpg",210782,3328d7ecf62ce8786b172973b2a795c0,6c45d2cb1c15f2d13d96f5e726207268749a66c7,,,already-present-matching
membership-image,"resources/source-cds/Gymner (1852-1857, 1863) - Minutes/LR-1115222a__M_00066.jpg","Gymner (1852-1857, 1863) - Minutes/LR-1115222a__M_00066.jpg",313501,45bf8d8541ae9de017aaf9d27f6df4ee,a37144dd679920ef736733fe0a03bb08782213d1,,,already-present-matching
membership-image,"resources/source-cds/Gymner (1852-1857, 1863) - Minutes/LR-1115222a__M_00067.jpg","Gymner (1852-1857, 1863) - Minutes/LR-1115222a__M_00067.jpg",213007,e6548e2e7703071275581fc27bf50dbf,bba0d832a5ff2de2c2f4e07eba9cabaacc8ab97b,,,already-present-matching
membership-image,"resources/source-cds/Gymner (1852-1857, 1863) - Minutes/LR-1115222a__M_00068.jpg","Gymner (1852-1857, 1863) - Minutes/LR-1115222a__M_00068.jpg",305908,e35bfefaf948884ad0f6a8ee205b1e2c,8ab3488729c8e20da2a366b199a021e782be0b9f,,,already-present-matching
membership-image,"resources/source-cds/Gymner (1852-1857, 1863) - Minutes/LR-1115222a__M_00069.jpg","Gymner (1852-1857, 1863) - Minutes/LR-1115222a__M_00069.jpg",205375,066f8b4f6f2f20ccba1c9169a7a46839,90f0a7a0ae093c432f6a255e49197e98f01524e4,,,already-present-matching
membership-image,"resources/source-cds/Gymner (1852-1857, 1863) - Minutes/LR-1115222a__M_00070.jpg","Gymner (1852-1857, 1863) - Minutes/LR-1115222a__M_00070.jpg",321858,d4d79a2c3f9898cb40f7c0ed170ee3c2,f4862c7f68ba39c24725fc08f0197541ba7c348a,,,already-present-matching
membership-image,"resources/source-cds/Gymner (1852-1857, 1863) - Minutes/LR-1115222a__M_00071.jpg","Gymner (1852-1857, 1863) - Minutes/LR-1115222a__M_00071.jpg",206985,0f701ccce3f34db447a0b575f4526cca,6ec3318b44ae644b52831fd0433b6f767a07daf1,,,already-present-matching
membership-image,"resources/source-cds/Gymner (1852-1857, 1863) - Minutes/LR-1115222a__M_00072.jpg","Gymner (1852-1857, 1863) - Minutes/LR-1115222a__M_00072.jpg",335700,5b8ec345b4bfd8e75ebf6947294221e2,300547a5cdbd2db12d0901ed5e92d1aed26d827f,,,already-present-matching
membership-image,"resources/source-cds/Gymner (1852-1857, 1863) - Minutes/LR-1115222a__M_00073.jpg","Gymner (1852-1857, 1863) - Minutes/LR-1115222a__M_00073.jpg",321204,adb712d49d2993496db09ac20e4f0399,ac932e9fd97539027b8f16f22459577c949a78d1,,,already-present-matching
membership-image,"resources/source-cds/Gymner (1852-1857, 1863) - Minutes/LR-1115222a__M_00074.jpg","Gymner (1852-1857, 1863) - Minutes/LR-1115222a__M_00074.jpg",326872,2d8d5b42f19ce94d604a6fe68584130c,7442f95a8e8943619a416c03d22e15f056f6adab,,,already-present-matching
membership-image,"resources/source-cds/Gymner (1852-1857, 1863) - Minutes/LR-1115222a__M_00075.jpg","Gymner (1852-1857, 1863) - Minutes/LR-1115222a__M_00075.jpg",211799,97f8f90958c5d2ba969e0ecbdeb4a753,34a454f6cef8a364a15c85a52c0252676acf3615,,,already-present-matching
membership-image,"resources/source-cds/Gymner (1852-1857, 1863) - Minutes/LR-1115222a__M_00076.jpg","Gymner (1852-1857, 1863) - Minutes/LR-1115222a__M_00076.jpg",319115,1c0447d9f3535cb0c5f2b0ac5c543ea3,4d33edc1aa969713980f877c10b921d0240116a9,,,already-present-matching
membership-image,"resources/source-cds/Gymner (1852-1857, 1863) - Minutes/LR-1115222a__M_00077.jpg","Gymner (1852-1857, 1863) - Minutes/LR-1115222a__M_00077.jpg",211872,07410d9fa73a2474ac8ce811af83df45,126433ba330b8300afb514701d84391744297616,,,already-present-matching
membership-image,"resources/source-cds/Gymner (1852-1857, 1863) - Minutes/LR-1115222a__M_00078.jpg","Gymner (1852-1857, 1863) - Minutes/LR-1115222a__M_00078.jpg",327426,dfc7579e320b9e4188ed2566fc2ffb42,371e44e869cd3fa12460b67e8632c615504501c1,,,already-present-matching
membership-image,"resources/source-cds/Gymner (1852-1857, 1863) - Minutes/LR-1115222a__M_00079.jpg","Gymner (1852-1857, 1863) - Minutes/LR-1115222a__M_00079.jpg",218241,a3122e3100c9c93bdcb4d0d6901f7719,582565128fad6648db67ad6a755682d2b3c8dfb0,,,already-present-matching
membership-image,"resources/source-cds/Gymner (1852-1857, 1863) - Minutes/LR-1115222a__M_00080.jpg","Gymner (1852-1857, 1863) - Minutes/LR-1115222a__M_00080.jpg",305066,2ca2ed87c69eeb57df2f0ede1ce83967,87cf6a176b4eebb8e62ef4dbed93acc2ed42ef97,,,already-present-matching
membership-image,"resources/source-cds/Gymner (1852-1857, 1863) - Minutes/LR-1115222a__M_00081.jpg","Gymner (1852-1857, 1863) - Minutes/LR-1115222a__M_00081.jpg",207425,96f99cf61223f2948a5b9a0e0302bd1a,0cd8659dcd3c50d65ab807b761c02dfb04361f7a,,,upload-new
membership-image,"resources/source-cds/Gymner (1852-1857, 1863) - Minutes/LR-1115222a__M_00082.jpg","Gymner (1852-1857, 1863) - Minutes/LR-1115222a__M_00082.jpg",302771,e59cc6082e4e85fcbc68a472cb4fb604,111f7f5f11cafefc74f45e6671c1de6aa2dcf3b3,,,already-present-matching
membership-image,"resources/source-cds/Gymner (1852-1857, 1863) - Minutes/LR-1115222a__M_00083.jpg","Gymner (1852-1857, 1863) - Minutes/LR-1115222a__M_00083.jpg",210352,a29de70783820629b165a47a06cfa2ff,324e20199183b11dade31ab4bbe52b8c9d405cfe,,,already-present-matching
membership-image,"resources/source-cds/Gymner (1852-1857, 1863) - Minutes/LR-1115222a__M_00084.jpg","Gymner (1852-1857, 1863) - Minutes/LR-1115222a__M_00084.jpg",309077,17ead058b4efd89c2d0af946d25e39e8,e7f03ead67255eb1e38feb351ebf571caa406096,,,already-present-matching
membership-image,"resources/source-cds/Gymner (1852-1857, 1863) - Minutes/LR-1115222a__M_00085.jpg","Gymner (1852-1857, 1863) - Minutes/LR-1115222a__M_00085.jpg",290623,a051cc276a7f0c16394413e7fd19aca6,d47c1f396c54474f0a34ed3b1741d5199fab8670,,,already-present-matching
membership-image,"resources/source-cds/Gymner (1852-1857, 1863) - Minutes/LR-1115222a__M_00086.jpg","Gymner (1852-1857, 1863) - Minutes/LR-1115222a__M_00086.jpg",298746,20d2ea7f37f19ad5f3f22118f20afb80,7d74bbc7f996a38b91c3cf61564d747a0b192fa7,,,already-present-matching
membership-image,"resources/source-cds/Gymner (1852-1857, 1863) - Minutes/LR-1115222a__M_00087.jpg","Gymner (1852-1857, 1863) - Minutes/LR-1115222a__M_00087.jpg",209245,c7dc9f95af298aa5edade9dede5ca7c7,211c57ba20fed68deb7b81f29f8fa54d7608397a,,,already-present-matching
membership-image,"resources/source-cds/Gymner (1852-1857, 1863) - Minutes/LR-1115222a__M_00088.jpg","Gymner (1852-1857, 1863) - Minutes/LR-1115222a__M_00088.jpg",298984,553510ad03f2ad58aea12f7f4c1829cf,6adac6354faccf47b9a1db8f913e225397363207,,,already-present-matching
membership-image,"resources/source-cds/Gymner (1852-1857, 1863) - Minutes/LR-1115222a__M_00089.jpg","Gymner (1852-1857, 1863) - Minutes/LR-1115222a__M_00089.jpg",214310,37ea8c6b9a243facc655e4bc1b53ef48,639b406bc5a89091e0822147370c528d1c8ed387,,,already-present-matching
membership-image,"resources/source-cds/Gymner (1852-1857, 1863) - Minutes/LR-1115222a__M_00090.jpg","Gymner (1852-1857, 1863) - Minutes/LR-1115222a__M_00090.jpg",306355,268b345502f33de5bc027731b06cc769,7d92ece2bb22d991f467c04e75dd7b1bb895e140,,,already-present-matching
membership-image,"resources/source-cds/Gymner (1852-1857, 1863) - Minutes/LR-1115222a__M_00091.jpg","Gymner (1852-1857, 1863) - Minutes/LR-1115222a__M_00091.jpg",221518,d34466f487506c60c6b452a5d3029578,24a3ee499a9dd5f549937415f7141135c9acbabd,,,already-present-matching
membership-image,"resources/source-cds/Gymner (1852-1857, 1863) - Minutes/LR-1115222a__M_00092.jpg","Gymner (1852-1857, 1863) - Minutes/LR-1115222a__M_00092.jpg",281127,f10fc69b6f6a76cdf2cde8833ea521c0,fe52cc390bd117e948d13265f59dbce128d7e223,,,already-present-matching
membership-image,"resources/source-cds/Gymner (1852-1857, 1863) - Minutes/LR-1115222a__M_00093.jpg","Gymner (1852-1857, 1863) - Minutes/LR-1115222a__M_00093.jpg",210516,bb176a0c79ab30f6379518839e6f0ae5,78f591f4bf20fcf9579b7bc3106b7559737c8779,,,already-present-matching
membership-image,"resources/source-cds/Gymner (1852-1857, 1863) - Minutes/LR-1115222a__M_00094.jpg","Gymner (1852-1857, 1863) - Minutes/LR-1115222a__M_00094.jpg",204427,00fbe67f3fa44d82600ed0bf62719b6e,45724691cac4fdee02b25f8fc8db312ad3e15eb1,,,already-present-matching
membership-image,"resources/source-cds/Gymner (1852-1857, 1863) - Minutes/LR-1115222a__M_00095.jpg","Gymner (1852-1857, 1863) - Minutes/LR-1115222a__M_00095.jpg",204777,4a38cd91f99b1dc969385e831d09191b,175f34d34f521068dee62964d0a67cbb7cf1f3f3,,,already-present-matching
membership-image,"resources/source-cds/Gymner (1852-1857, 1863) - Minutes/LR-1115222a__M_00096.jpg","Gymner (1852-1857, 1863) - Minutes/LR-1115222a__M_00096.jpg",277238,ffe062d873e5f340e32fa0751a7a9fdc,26333fa44f2095ed7010318ceaac573104ac4483,,,already-present-matching
membership-image,"resources/source-cds/Gymner (1852-1857, 1863) - Minutes/LR-1115222a__M_00097.jpg","Gymner (1852-1857, 1863) - Minutes/LR-1115222a__M_00097.jpg",215401,fc3aab2e0deb0032d57d1c326576f892,dc3a146209726591536fa9e01dab8047fe2594a5,,,already-present-matching
membership-image,"resources/source-cds/Gymner (1852-1857, 1863) - Minutes/LR-1115222a__M_00098.jpg","Gymner (1852-1857, 1863) - Minutes/LR-1115222a__M_00098.jpg",288170,c63f3dc47f2a9edd0bef0970bf0e5ee0,d4013614d269f090341ceb6b2c198b9b1065dde0,,,already-present-matching
membership-image,"resources/source-cds/Gymner (1852-1857, 1863) - Minutes/LR-1115222a__M_00099.jpg","Gymner (1852-1857, 1863) - Minutes/LR-1115222a__M_00099.jpg",226178,1d7b94c313308b8a56bb67840b12b705,104e77c7d6847e5c0be58e450f93426f0c463c68,,,already-present-matching
membership-image,"resources/source-cds/Gymner (1852-1857, 1863) - Minutes/LR-1115222a__M_00100.jpg","Gymner (1852-1857, 1863) - Minutes/LR-1115222a__M_00100.jpg",305866,54054f9c0f08f960a8e71b97e15e1d01,415987ca02daf6188474cef3b3452ae0ed8f37ef,,,already-present-matching
membership-image,"resources/source-cds/Gymner (1852-1857, 1863) - Minutes/LR-1115222a__M_00101.jpg","Gymner (1852-1857, 1863) - Minutes/LR-1115222a__M_00101.jpg",212222,29b319a2610ebb59e2b47e0d800429ea,e0722b53f44c64756b4231a9500def950df35dcf,,,already-present-matching
membership-image,"resources/source-cds/Gymner (1852-1857, 1863) - Minutes/LR-1115222a__M_00102.jpg","Gymner (1852-1857, 1863) - Minutes/LR-1115222a__M_00102.jpg",320952,b3c50266e95d7391d22d9cbabd18b45d,2c34483d388283980c66726fffab0e343768449d,,,already-present-matching
membership-image,"resources/source-cds/Gymner (1852-1857, 1863) - Minutes/LR-1115222a__M_00103.jpg","Gymner (1852-1857, 1863) - Minutes/LR-1115222a__M_00103.jpg",224832,712690a7448720c0e2ed2e4c61d580e2,ca600252cdd2a1e76554d37b47a5b41cc6272534,,,already-present-matching
membership-image,"resources/source-cds/Gymner (1852-1857, 1863) - Minutes/LR-1115222a__M_00104.jpg","Gymner (1852-1857, 1863) - Minutes/LR-1115222a__M_00104.jpg",296059,d8135788011563f18ebf3cc568f19edd,20aec187df857ecfaad8e71acfacfa5c1ccfa80b,,,already-present-matching
membership-image,"resources/source-cds/Gymner (1852-1857, 1863) - Minutes/LR-1115222a__M_00105.jpg","Gymner (1852-1857, 1863) - Minutes/LR-1115222a__M_00105.jpg",212304,d775d0d4f0c308bd4f0bb243c87cb2c1,98eaa7705a97313cbafd11f8036d5fc2a1bf91b9,,,already-present-matching
membership-image,"resources/source-cds/Gymner (1852-1857, 1863) - Minutes/LR-1115222a__M_00106.jpg","Gymner (1852-1857, 1863) - Minutes/LR-1115222a__M_00106.jpg",301435,87399c6327e63b2f1ed1009d8cacd9c2,ec534ddaade91bc87e9a5c816519c58c8007d391,,,already-present-matching
membership-image,"resources/source-cds/Gymner (1852-1857, 1863) - Minutes/LR-1115222a__M_00107.jpg","Gymner (1852-1857, 1863) - Minutes/LR-1115222a__M_00107.jpg",222178,41c3434d4de384d131dfa874ba228e4f,7cb9a6ebb742aad38d30f8a163f61d7aca142ac8,,,already-present-matching
membership-image,"resources/source-cds/Gymner (1852-1857, 1863) - Minutes/LR-1115222a__M_00108.jpg","Gymner (1852-1857, 1863) - Minutes/LR-1115222a__M_00108.jpg",305885,60437459fded20f21b0b241d52987e96,3320d368221a20bd528ded02ba9cca155f1b6859,,,already-present-matching
membership-image,"resources/source-cds/Gymner (1852-1857, 1863) - Minutes/LR-1115222a__M_00109.jpg","Gymner (1852-1857, 1863) - Minutes/LR-1115222a__M_00109.jpg",217734,1dfe2e68afe87dab9de548640ab83fc7,219745645dfefca56daab8e2d55dae399f45bf6c,,,already-present-matching
membership-image,"resources/source-cds/Gymner (1852-1857, 1863) - Minutes/LR-1115222a__M_00110.jpg","Gymner (1852-1857, 1863) - Minutes/LR-1115222a__M_00110.jpg",299916,e6e921e773fd9097a11676d84dcda1f0,3cd4bed6a2cfa8fc9e68414c576365b545aa924e,,,already-present-matching
membership-image,"resources/source-cds/Gymner (1852-1857, 1863) - Minutes/LR-1115222a__M_00111.jpg","Gymner (1852-1857, 1863) - Minutes/LR-1115222a__M_00111.jpg",226306,a8505d2b8187712a447c9419f5e5b34c,8ce5d74aa0af24d4103d99c7bc91651804629a3f,,,already-present-matching
membership-image,"resources/source-cds/Gymner (1852-1857, 1863) - Minutes/LR-1115222a__M_00112.jpg","Gymner (1852-1857, 1863) - Minutes/LR-1115222a__M_00112.jpg",300099,51834be33ad64eadaafddaaee22d681a,23c53e2e58bff3f993b0e8fbf98885f87d5d3e70,,,already-present-matching
membership-image,"resources/source-cds/Gymner (1852-1857, 1863) - Minutes/LR-1115222a__M_00113.jpg","Gymner (1852-1857, 1863) - Minutes/LR-1115222a__M_00113.jpg",222861,85aebd618287b7e1feff8b86d44ef1ad,1d2829ef1077951ad4ed38c48b8098fa462b7a53,,,already-present-matching
membership-image,"resources/source-cds/Gymner (1852-1857, 1863) - Minutes/LR-1115222a__M_00114.jpg","Gymner (1852-1857, 1863) - Minutes/LR-1115222a__M_00114.jpg",305006,e7b391dffe1f5c582f9eeb691ae07905,2835c6b13c7b0c7177b5bdc2a11ef89bab47e839,,,already-present-matching
membership-image,"resources/source-cds/Gymner (1852-1857, 1863) - Minutes/LR-1115222a__M_00115.jpg","Gymner (1852-1857, 1863) - Minutes/LR-1115222a__M_00115.jpg",221671,7fc40c2ede014260686319e90fc5cbbe,1404e95d74aecc40ff5bfd236211e002ff8b51dc,,,already-present-matching
membership-image,"resources/source-cds/Gymner (1852-1857, 1863) - Minutes/LR-1115222a__M_00116.jpg","Gymner (1852-1857, 1863) - Minutes/LR-1115222a__M_00116.jpg",313640,6a50e0bb4a624577d6ec85735495dfee,96563817836031944b7de523ff5c3bb96fe24db0,,,already-present-matching
membership-image,"resources/source-cds/Gymner (1852-1857, 1863) - Minutes/LR-1115222a__M_00117.jpg","Gymner (1852-1857, 1863) - Minutes/LR-1115222a__M_00117.jpg",219595,83e59a4669beea0d10dc289f249b6e85,f32738991b8e19b39ba2b8c926302a230939b518,,,already-present-matching
membership-image,"resources/source-cds/Gymner (1852-1857, 1863) - Minutes/LR-1115222a__M_00118.jpg","Gymner (1852-1857, 1863) - Minutes/LR-1115222a__M_00118.jpg",306798,1d4c7dca4a63fa424335a0f043d3837c,8202b78e9733997c1a58b053ca676869ecc02eba,,,already-present-matching
membership-image,"resources/source-cds/Gymner (1852-1857, 1863) - Minutes/LR-1115222a__M_00119.jpg","Gymner (1852-1857, 1863) - Minutes/LR-1115222a__M_00119.jpg",216056,d79b428965ff64d783edf2f6b92aa0fd,c4b582e1a85e5779eacd714d2c644e93e10d96a4,,,already-present-matching
membership-image,"resources/source-cds/Gymner (1852-1857, 1863) - Minutes/LR-1115222a__M_00120.jpg","Gymner (1852-1857, 1863) - Minutes/LR-1115222a__M_00120.jpg",312624,475cbd6c73c3107cfb5afb72b0426690,91b79413c08e88756294f39627afe3c55ed08bb3,,,already-present-matching
membership-image,"resources/source-cds/Gymner (1852-1857, 1863) - Minutes/LR-1115222a__M_00121.jpg","Gymner (1852-1857, 1863) - Minutes/LR-1115222a__M_00121.jpg",220262,bfc53c3626bb8f2d6778e9b1ed804e30,b7dc7c0c17d9df9ad5a063e11fabe016244ec803,,,already-present-matching
membership-image,"resources/source-cds/Gymner (1852-1857, 1863) - Minutes/LR-1115222a__M_00122.jpg","Gymner (1852-1857, 1863) - Minutes/LR-1115222a__M_00122.jpg",301209,a8f7ce32ff11d2a9997cd6eaa65e57c4,8cd1dc18d9e2d77f366d675dc4530eba205850c0,,,already-present-matching
membership-image,"resources/source-cds/Gymner (1852-1857, 1863) - Minutes/LR-1115222a__M_00123.jpg","Gymner (1852-1857, 1863) - Minutes/LR-1115222a__M_00123.jpg",238749,b90dc3100ba772d775018dc2b42f5fdd,f97cb5da56a21d4dfdc4837662c92d0b05f7c3c6,,,already-present-matching
membership-image,"resources/source-cds/Gymner (1852-1857, 1863) - Minutes/LR-1115222a__M_00124.jpg","Gymner (1852-1857, 1863) - Minutes/LR-1115222a__M_00124.jpg",318189,f30e8e7cbf4e781afaebf6ad01d649e7,231c21612ac8f2171b99f7fc5b4c1269141e36b1,,,already-present-matching
membership-image,"resources/source-cds/Gymner (1852-1857, 1863) - Minutes/LR-1115222a__M_00125.jpg","Gymner (1852-1857, 1863) - Minutes/LR-1115222a__M_00125.jpg",223039,36ceb4bfd577fa5373b95d4ec7b251df,8538acb4a5a6eeac53f81bc3b908a443f86f6c5b,,,already-present-matching
membership-image,"resources/source-cds/Gymner (1852-1857, 1863) - Minutes/LR-1115222a__M_00126.jpg","Gymner (1852-1857, 1863) - Minutes/LR-1115222a__M_00126.jpg",318180,d9ff68a02e4f34f197b8cf720eefd0fc,5e96b2371494086bc924a7d6c54a3eac93a8c8bc,,,already-present-matching
membership-image,"resources/source-cds/Gymner (1852-1857, 1863) - Minutes/LR-1115222a__M_00127.jpg","Gymner (1852-1857, 1863) - Minutes/LR-1115222a__M_00127.jpg",224179,690ea119475df8b64a4d62a9b8c3a7e5,84b21bc9742fcccd4f1cf5a77235dc07c6cdb4e5,,,already-present-matching
membership-image,"resources/source-cds/Gymner (1852-1857, 1863) - Minutes/LR-1115222a__M_00128.jpg","Gymner (1852-1857, 1863) - Minutes/LR-1115222a__M_00128.jpg",313338,2e77b697fd6350bf7651ee9a665c1029,38cc7789109014008ed359c80fe092dc02bd84c5,,,already-present-matching
membership-image,"resources/source-cds/Gymner (1852-1857, 1863) - Minutes/LR-1115222a__M_00129.jpg","Gymner (1852-1857, 1863) - Minutes/LR-1115222a__M_00129.jpg",224345,4463b48b0dbc72918dfd5915bb33fae6,00e3a7a9b4bdb3ff525ea5e541d1c96fe2f7ad34,,,already-present-matching
membership-image,"resources/source-cds/Gymner (1852-1857, 1863) - Minutes/LR-1115222a__M_00130.jpg","Gymner (1852-1857, 1863) - Minutes/LR-1115222a__M_00130.jpg",312967,69c77b3eb35ee7425b28c9883f5a89ee,4e5c35e17c8c74e62315b9deb264cd296111d8c6,,,already-present-matching
membership-image,"resources/source-cds/Gymner (1852-1857, 1863) - Minutes/LR-1115222a__M_00131.jpg","Gymner (1852-1857, 1863) - Minutes/LR-1115222a__M_00131.jpg",222824,e21d4888e6e7dc2555b976d6a4437161,16bd1e4d05f71d5ab152e36893c040c79bdcce7a,,,already-present-matching
membership-image,"resources/source-cds/Gymner (1852-1857, 1863) - Minutes/LR-1115222a__M_00132.jpg","Gymner (1852-1857, 1863) - Minutes/LR-1115222a__M_00132.jpg",306068,53aa5e03408e5e58eb8ed2375fb5668a,a0917133a5ef0f6d660038afb7d42429898a1e12,,,already-present-matching
membership-image,"resources/source-cds/Gymner (1852-1857, 1863) - Minutes/LR-1115222a__M_00133.jpg","Gymner (1852-1857, 1863) - Minutes/LR-1115222a__M_00133.jpg",218692,ffbf4c8d614b0bd9ee5f3f008caf8029,104dca251fb27af2470362fad6c903ed4f9cf52d,,,already-present-matching
membership-image,"resources/source-cds/Gymner (1852-1857, 1863) - Minutes/LR-1175710_v1602_M_00093.jpg","Gymner (1852-1857, 1863) - Minutes/LR-1175710_v1602_M_00093.jpg",572955,a39169f9b581f88ba8c98da5e197fad2,ff16a6747ce5ec9052713d6f41691ab4c0bbefc5,,,already-present-matching
membership-image,"resources/source-cds/Gymner (1852-1857, 1863) - Minutes/LR-1175710_v1602_M_00094.jpg","Gymner (1852-1857, 1863) - Minutes/LR-1175710_v1602_M_00094.jpg",917612,32b5bba37abcd0187ef1951668de6e1a,a5dfa119b58e9c7ba49db1dcb3a719d942e6b892,,,already-present-matching
membership-image,"resources/source-cds/Gymner (1852-1857, 1863) - Minutes/LR-1175710_v1602_M_00095.jpg","Gymner (1852-1857, 1863) - Minutes/LR-1175710_v1602_M_00095.jpg",611879,2cf104baa00b2015f861eb53d7779266,b9da60df7c7f75219b177b657d5f31aa40a93216,,,already-present-matching
membership-image,"resources/source-cds/Gymner (1852-1857, 1863) - Minutes/LR-1175710_v1602_M_00096.jpg","Gymner (1852-1857, 1863) - Minutes/LR-1175710_v1602_M_00096.jpg",1441180,21407c139573a40dcf5200e10fc60f3b,50e4676ade0067e9762c9c87f727f5329ab6e72e,,,already-present-matching
membership-image,"resources/source-cds/Gymner (1852-1857, 1863) - Minutes/LR-1175710_v1602_M_00097.jpg","Gymner (1852-1857, 1863) - Minutes/LR-1175710_v1602_M_00097.jpg",1478601,6eb360c196a5c647f06ed7cc91037a23,e62a2a8a81e07dc92801f7d4c89bbdbbc248016b,,,already-present-matching
membership-image,"resources/source-cds/Gymner (1852-1857, 1863) - Minutes/LR-1175710_v1602_M_00098.jpg","Gymner (1852-1857, 1863) - Minutes/LR-1175710_v1602_M_00098.jpg",440226,62e8f3d2d6a6ebdff9153044b6786b2c,1a6e3232bab6b1adc6d32029bdd9bd0602bf3083,,,already-present-matching
membership-image,"resources/source-cds/Merthr Tydfil (1849-1857, 1861-1896)/LR-5450-7_v1_00101.jpg","Merthr Tydfil (1849-1857, 1861-1896)/LR-5450-7_v1_00101.jpg",720799,c14fa25fc0cb558f135063bea09701eb,a0e5e79e028578005b0e1bae8cdb39dc3d37871d,,,already-present-matching
membership-image,"resources/source-cds/Merthr Tydfil (1849-1857, 1861-1896)/LR-5450-7_v1_00102.jpg","Merthr Tydfil (1849-1857, 1861-1896)/LR-5450-7_v1_00102.jpg",844564,ccb0ff5a9ac96b74bbbbffa6dd541a28,343b62b17b54894d7390ab247098dd82f56a4991,,,already-present-matching
membership-image,"resources/source-cds/Merthr Tydfil (1849-1857, 1861-1896)/LR-5450-7_v1_00103.jpg","Merthr Tydfil (1849-1857, 1861-1896)/LR-5450-7_v1_00103.jpg",763118,de2cad9e0cbbb1bb661f87da4d8762dc,b631be92ef910c6c7dc59ed8667c32b594796c58,,,already-present-matching
membership-image,"resources/source-cds/Merthr Tydfil (1849-1857, 1861-1896)/LR-5450-7_v1_00104.jpg","Merthr Tydfil (1849-1857, 1861-1896)/LR-5450-7_v1_00104.jpg",807979,bae693d2fc70524b28af7a68fb83dc91,97d2c49b46e8c5d221e287a72faa946b57730c11,,,already-present-matching
membership-image,"resources/source-cds/Merthr Tydfil (1849-1857, 1861-1896)/LR-5450-7_v1_00105.jpg","Merthr Tydfil (1849-1857, 1861-1896)/LR-5450-7_v1_00105.jpg",785269,33dec9193cd3db8d0ce520afb5c98c36,7222db0156b00cacf3c1d61ce35692815eef7439,,,already-present-matching
membership-image,"resources/source-cds/Merthr Tydfil (1849-1857, 1861-1896)/LR-5450-7_v1_00106.jpg","Merthr Tydfil (1849-1857, 1861-1896)/LR-5450-7_v1_00106.jpg",814372,0de02a8f1eb831fc147468b818e93dd1,a86e8069ff73f05411b9b9f8cc9d7a2f8082312d,,,already-present-matching
membership-image,"resources/source-cds/Merthr Tydfil (1849-1857, 1861-1896)/LR-5450-7_v1_00107.jpg","Merthr Tydfil (1849-1857, 1861-1896)/LR-5450-7_v1_00107.jpg",748745,7a41fdbf3856f7cb0556670c54d52342,a9b67ec053583836e1d902035f8760b614038369,,,already-present-matching
membership-image,"resources/source-cds/Merthr Tydfil (1849-1857, 1861-1896)/LR-5450-7_v1_00108.jpg","Merthr Tydfil (1849-1857, 1861-1896)/LR-5450-7_v1_00108.jpg",834480,1308f050f1cb633f6c427f2ee08bdb06,b688810fcd8d14b3efcae49de03d3e5f5e9e4228,,,already-present-matching
membership-image,"resources/source-cds/Merthr Tydfil (1849-1857, 1861-1896)/LR-5450-7_v1_00109.jpg","Merthr Tydfil (1849-1857, 1861-1896)/LR-5450-7_v1_00109.jpg",757479,76cd94d31877335577e4172e83b8f4dd,f5fc99c8cdf0343761669c6d9f7b111c9bf24a93,,,already-present-matching
membership-image,"resources/source-cds/Merthr Tydfil (1849-1857, 1861-1896)/LR-5450-7_v1_00110.jpg","Merthr Tydfil (1849-1857, 1861-1896)/LR-5450-7_v1_00110.jpg",774468,0b32d0aa79ca3d91f9fdd9d42b4a8244,6d27e183a8821b1a0b6d604a8f61111f89cbcd38,,,already-present-matching
membership-image,"resources/source-cds/Merthr Tydfil (1849-1857, 1861-1896)/LR-5450-7_v1_00111.jpg","Merthr Tydfil (1849-1857, 1861-1896)/LR-5450-7_v1_00111.jpg",736644,56ff440d55e83de43cea3ea220c6ece6,8d73339365589655a270cf2edad3c43c03929bcc,,,already-present-matching
membership-image,"resources/source-cds/Merthr Tydfil (1849-1857, 1861-1896)/LR-5450-7_v1_00112.jpg","Merthr Tydfil (1849-1857, 1861-1896)/LR-5450-7_v1_00112.jpg",796563,15ba00298453d0943745cf2c267a6e7b,1e049db8126f3633926515ac37903d99f68332c3,,,already-present-matching
membership-image,"resources/source-cds/Merthr Tydfil (1849-1857, 1861-1896)/LR-5450-7_v1_00113.jpg","Merthr Tydfil (1849-1857, 1861-1896)/LR-5450-7_v1_00113.jpg",737351,51646bb9ca3973f97da79711647e03e6,205169e613874c47716015dacb52ea74f3dc0cd8,,,already-present-matching
membership-image,"resources/source-cds/Merthr Tydfil (1849-1857, 1861-1896)/LR-5450-7_v1_00114.jpg","Merthr Tydfil (1849-1857, 1861-1896)/LR-5450-7_v1_00114.jpg",818492,9e5021ed4fef0d9a8d07685633da058c,2e18d3c90e555f48940a3f4954afa053f0673d7a,,,already-present-matching
membership-image,"resources/source-cds/Merthr Tydfil (1849-1857, 1861-1896)/LR-5450-7_v1_00115.jpg","Merthr Tydfil (1849-1857, 1861-1896)/LR-5450-7_v1_00115.jpg",750601,494b9c48d97ec840ed231d1ec8831d84,37daebf062f62578d8a222e052a54c41c87644a8,,,already-present-matching
membership-image,"resources/source-cds/Merthr Tydfil (1849-1857, 1861-1896)/LR-5450-7_v1_00116.jpg","Merthr Tydfil (1849-1857, 1861-1896)/LR-5450-7_v1_00116.jpg",803304,b9523dccbcf2c15c21adfa9c3c495b9d,e48847f01e2124e97cad65c3c321d0638dc8476b,,,already-present-matching
membership-image,"resources/source-cds/Merthr Tydfil (1849-1857, 1861-1896)/LR-5450-7_v1_00117.jpg","Merthr Tydfil (1849-1857, 1861-1896)/LR-5450-7_v1_00117.jpg",753970,d5c5c70e5251b53ec3e01e77802ad825,4f05f1b397c007427222ff8e1bbbfe7085206df2,,,already-present-matching
membership-image,"resources/source-cds/Merthr Tydfil (1849-1857, 1861-1896)/LR-5450-7_v1_00118.jpg","Merthr Tydfil (1849-1857, 1861-1896)/LR-5450-7_v1_00118.jpg",800439,25df6681b927f177929d525fc1e57b55,0e242f1f263cf27b4fe16ab839f502d7f52404c2,,,already-present-matching
membership-image,"resources/source-cds/Merthr Tydfil (1849-1857, 1861-1896)/LR-5450-7_v1_00119.jpg","Merthr Tydfil (1849-1857, 1861-1896)/LR-5450-7_v1_00119.jpg",745495,9843f47b484f0e6e8d9a653a3e5f8ded,12d52a2e4965c9104d0fe3fa6f81c7361703770a,,,already-present-matching
membership-image,"resources/source-cds/Merthr Tydfil (1849-1857, 1861-1896)/LR-5450-7_v1_00120.jpg","Merthr Tydfil (1849-1857, 1861-1896)/LR-5450-7_v1_00120.jpg",787048,b5bf95ad477db56a5087dfd76589ff0d,8898cbfa4a2f4b552b535fc6f9cd954465414372,,,already-present-matching
membership-image,"resources/source-cds/Merthr Tydfil (1849-1857, 1861-1896)/LR-5450-7_v1_00121.jpg","Merthr Tydfil (1849-1857, 1861-1896)/LR-5450-7_v1_00121.jpg",762792,95c6c47c3a4589695711ee4e62b9dc28,01e22397b69b8edad52af208435ba2f33bdccb0e,,,already-present-matching
membership-image,"resources/source-cds/Merthr Tydfil (1849-1857, 1861-1896)/LR-5450-7_v1_00122.jpg","Merthr Tydfil (1849-1857, 1861-1896)/LR-5450-7_v1_00122.jpg",773621,b4dae9228e2904274e87ed6ef91ea798,ce6f87eea0d63072d7d57436f5f24a1d6580fc6f,,,already-present-matching
membership-image,"resources/source-cds/Merthr Tydfil (1849-1857, 1861-1896)/LR-5450-7_v1_00123.jpg","Merthr Tydfil (1849-1857, 1861-1896)/LR-5450-7_v1_00123.jpg",743784,b7e64b4c3502e224acdf81eb158c3661,a223ff91a42af6f9c450b22de5816ab5cc0c478a,,,already-present-matching
membership-image,"resources/source-cds/Merthr Tydfil (1849-1857, 1861-1896)/LR-5450-7_v1_00124.jpg","Merthr Tydfil (1849-1857, 1861-1896)/LR-5450-7_v1_00124.jpg",762473,19e43d1f0b6aca7ca42317e8862c75e8,ae6618f26b75db49d0c6be4cfda3ddf94c087b92,,,already-present-matching
membership-image,"resources/source-cds/Merthr Tydfil (1849-1857, 1861-1896)/LR-5450-7_v1_00125.jpg","Merthr Tydfil (1849-1857, 1861-1896)/LR-5450-7_v1_00125.jpg",741631,af96cec0e465daf47ad597bb17c3d42d,5e5f42aab4cfdd2f28acdc4cc2fb046ef737da37,,,already-present-matching
membership-image,"resources/source-cds/Merthr Tydfil (1849-1857, 1861-1896)/LR-5450-7_v1_00126.jpg","Merthr Tydfil (1849-1857, 1861-1896)/LR-5450-7_v1_00126.jpg",838450,8ac27398b231c3e3835cc872c1a76ab9,6170c3751877866094a5106ba0fe445e3e63cfa5,,,already-present-matching
membership-image,"resources/source-cds/Merthr Tydfil (1849-1857, 1861-1896)/LR-5450-7_v1_00127.jpg","Merthr Tydfil (1849-1857, 1861-1896)/LR-5450-7_v1_00127.jpg",809844,b01ee0f569f5e8118ffb1b8716cb0003,6654a25e439e94f5dc1978b93e42386ddda1241f,,,already-present-matching
membership-image,"resources/source-cds/Merthr Tydfil (1849-1857, 1861-1896)/LR-5450-7_v1_00128.jpg","Merthr Tydfil (1849-1857, 1861-1896)/LR-5450-7_v1_00128.jpg",769036,17d951a5aaab5a5e70a2a741e47e923d,93eb73916d8b06b144a72a622926027322781165,,,already-present-matching
membership-image,"resources/source-cds/Merthr Tydfil (1849-1857, 1861-1896)/LR-5450-7_v1_00129.jpg","Merthr Tydfil (1849-1857, 1861-1896)/LR-5450-7_v1_00129.jpg",725929,ae6d6e42cfde5b79a955566942f0d9bd,6ac283664b20850953d782e00e3d6fc2a14a62d8,,,already-present-matching
membership-image,"resources/source-cds/Merthr Tydfil (1849-1857, 1861-1896)/LR-5450-7_v1_00130.jpg","Merthr Tydfil (1849-1857, 1861-1896)/LR-5450-7_v1_00130.jpg",788060,b98406f9248fa37e9d538b2bbc56e104,ce45e2ee5638e4accd5d4ccb6ccca1d05070ea51,,,already-present-matching
membership-image,"resources/source-cds/Merthr Tydfil (1849-1857, 1861-1896)/LR-5450-7_v1_00131.jpg","Merthr Tydfil (1849-1857, 1861-1896)/LR-5450-7_v1_00131.jpg",729065,282ee8eb1b864b7c4ff7becded1bc77f,5b3899bcfb701be9db8c4b54f45d5f21dc582873,,,already-present-matching
membership-image,"resources/source-cds/Merthr Tydfil (1849-1857, 1861-1896)/LR-5450-7_v1_00132.jpg","Merthr Tydfil (1849-1857, 1861-1896)/LR-5450-7_v1_00132.jpg",742898,d59bfc938a4ffa095beb7bcc99d4c3bf,841e46bb0040c88823dd75c642ee7ed0972f6f10,,,already-present-matching
membership-image,"resources/source-cds/Merthr Tydfil (1849-1857, 1861-1896)/LR-5450-7_v1_00133.jpg","Merthr Tydfil (1849-1857, 1861-1896)/LR-5450-7_v1_00133.jpg",750809,50f77ce65f2732b300abed6deede8c1d,02d1b4ee33b7fce2a3f9a53fd4cef5f298b7ce9d,,,already-present-matching
membership-image,"resources/source-cds/Merthr Tydfil (1849-1857, 1861-1896)/LR-5450-7_v1_00134.jpg","Merthr Tydfil (1849-1857, 1861-1896)/LR-5450-7_v1_00134.jpg",802069,fac7707ceabbb87b05ae0bc32fcf5554,756ea7828d1eac9f67650b51b79a75117d07b8fb,,,already-present-matching
membership-image,"resources/source-cds/Merthr Tydfil (1849-1857, 1861-1896)/LR-5450-7_v1_00135.jpg","Merthr Tydfil (1849-1857, 1861-1896)/LR-5450-7_v1_00135.jpg",713933,c4a2546c3949ec729a9e887d6c4e4353,fea6eb6a80ace6cc87a4dfbe6f17eaaca2506c12,,,already-present-matching
membership-image,"resources/source-cds/Merthr Tydfil (1849-1857, 1861-1896)/LR-5450-7_v1_00136.jpg","Merthr Tydfil (1849-1857, 1861-1896)/LR-5450-7_v1_00136.jpg",759417,db767df800d766ea16633230e489e8da,39061403507640cc457412b2ec7558ab9d2ecf09,,,already-present-matching
membership-image,"resources/source-cds/Merthr Tydfil (1849-1857, 1861-1896)/LR-5450-7_v1_00137.jpg","Merthr Tydfil (1849-1857, 1861-1896)/LR-5450-7_v1_00137.jpg",705780,02c38592041e4aeb29d5fffd1bccb3dc,e075a2c336b4fbd2e18e0c548d8d7da6e0098e03,,,already-present-matching
membership-image,"resources/source-cds/Merthr Tydfil (1849-1857, 1861-1896)/LR-5450-7_v1_00138.jpg","Merthr Tydfil (1849-1857, 1861-1896)/LR-5450-7_v1_00138.jpg",728628,50de338ac111853c657e557e1e19bbe7,4a77bbb2da400ea3bc3bf79ad01bc7bfba601cf8,,,already-present-matching
membership-image,"resources/source-cds/Merthr Tydfil (1849-1857, 1861-1896)/LR-5450-7_v1_00139.jpg","Merthr Tydfil (1849-1857, 1861-1896)/LR-5450-7_v1_00139.jpg",726798,0fcb04c29bf8bbd77df6a41cf06decc8,01ad9a5eab851d6f662e2c19f396d781e4143eb1,,,already-present-matching
membership-image,"resources/source-cds/Merthr Tydfil (1849-1857, 1861-1896)/LR-5450-7_v1_00140.jpg","Merthr Tydfil (1849-1857, 1861-1896)/LR-5450-7_v1_00140.jpg",716878,08930b430b12ba449dcc3ca38ca5829f,2c22c80fd397d30fe994e3bb19b880db44fb090d,,,already-present-matching
membership-image,"resources/source-cds/Merthr Tydfil (1849-1857, 1861-1896)/LR-5450-7_v1_00141.jpg","Merthr Tydfil (1849-1857, 1861-1896)/LR-5450-7_v1_00141.jpg",952690,3e6ce920e41b34d18306f302b82ea8bf,552c7f7c89bc60d9d5d6e7141ef58a84e4da06aa,,,already-present-matching
membership-image,"resources/source-cds/Merthr Tydfil (1849-1857, 1861-1896)/LR-5450-7_v1_00142.jpg","Merthr Tydfil (1849-1857, 1861-1896)/LR-5450-7_v1_00142.jpg",1023583,e48760252e5bdbbf4079009c3efe3f2a,858c99da477b796ae6e230f0e08d32941d62e6cc,,,upload-new
membership-image,"resources/source-cds/Merthr Tydfil (1849-1857, 1861-1896)/LR-5450-7_v1_00143.jpg","Merthr Tydfil (1849-1857, 1861-1896)/LR-5450-7_v1_00143.jpg",853309,cf74c6f12408ec5b4e4a8985527c1e0f,58d73b44b968e1320b04c547edb85971b2b1afc2,,,upload-new
membership-image,"resources/source-cds/Merthr Tydfil (1849-1857, 1861-1896)/LR-5450-7_v1_00144.jpg","Merthr Tydfil (1849-1857, 1861-1896)/LR-5450-7_v1_00144.jpg",722180,369ae4b707b8924403edf50e2e28cdb1,44aeabe861c227e44b705db38cb4910fce0aecf8,,,upload-new
membership-image,"resources/source-cds/Merthr Tydfil (1849-1857, 1861-1896)/LR-5450-7_v1_00145.jpg","Merthr Tydfil (1849-1857, 1861-1896)/LR-5450-7_v1_00145.jpg",769873,e561cceab0007ff989cc25bdc0734fb6,d1888f9a61ab77bd49d92f0933f0540e52883807,,,upload-new
membership-image,"resources/source-cds/Merthr Tydfil (1849-1857, 1861-1896)/LR-5450-7_v1_00146.jpg","Merthr Tydfil (1849-1857, 1861-1896)/LR-5450-7_v1_00146.jpg",691116,6391df73f256fd5b5ab92ef35dc16756,ea35578a6f93246e8afa2bfd870fbad627d9c77b,,,already-present-matching
membership-image,"resources/source-cds/Merthr Tydfil (1849-1857, 1861-1896)/LR-5450-7_v1_00147.jpg","Merthr Tydfil (1849-1857, 1861-1896)/LR-5450-7_v1_00147.jpg",699901,1e4ed8e5d5241d9024d99d4e771f329a,c124a22c1fcd034c2def5a6cfd6be3dd23feedae,,,already-present-matching
membership-image,"resources/source-cds/Merthr Tydfil (1849-1857, 1861-1896)/LR-5450-7_v1_00148.jpg","Merthr Tydfil (1849-1857, 1861-1896)/LR-5450-7_v1_00148.jpg",644152,ffa7f4a846f3383401ab63e4d11bac66,44fb9e951b88d1d14c7d5c450085068b426d0732,,,already-present-matching
membership-image,"resources/source-cds/Merthr Tydfil (1849-1857, 1861-1896)/LR-5450-7_v1_00149.jpg","Merthr Tydfil (1849-1857, 1861-1896)/LR-5450-7_v1_00149.jpg",642998,d6bb3260daa882c4ddace0a4d4d93525,2a34d76a922212876fbb1de904b22f858c7ebfbd,,,already-present-matching
membership-image,"resources/source-cds/Merthr Tydfil (1849-1857, 1861-1896)/LR-5450-7_v1_00150.jpg","Merthr Tydfil (1849-1857, 1861-1896)/LR-5450-7_v1_00150.jpg",1066260,a506d9a76ac1736ffba5f4a313ab5d88,712204647619e13f40dd7ed1b8ac60b47aa32348,,,already-present-matching
membership-image,"resources/source-cds/Merthr Tydfil (1849-1857, 1861-1896)/LR-5450-7_v1_00151.jpg","Merthr Tydfil (1849-1857, 1861-1896)/LR-5450-7_v1_00151.jpg",1047165,434375e75780056b70bc7bb5593a9e45,020360abc5e133e53abd4e0739d817c664c902b9,,,already-present-matching
membership-image,"resources/source-cds/Merthr Tydfil (1849-1857, 1861-1896)/LR-5450-7_v1_00152.jpg","Merthr Tydfil (1849-1857, 1861-1896)/LR-5450-7_v1_00152.jpg",466947,7de14753294d1cd21d81d45b35d3e618,0fc90989994262f4448e2572cdd5bfce3264d2aa,,,already-present-matching
membership-image,"resources/source-cds/Merthr Tydfil (1849-1857, 1861-1896)/LR-5450-7_v2_00001.jpg","Merthr Tydfil (1849-1857, 1861-1896)/LR-5450-7_v2_00001.jpg",489657,96a63c49f3ec4f878a137fcb64fe664f,384ce30c7c4ca7fc64263de59505d958f5dce042,,,already-present-matching
membership-image,"resources/source-cds/Merthr Tydfil (1849-1857, 1861-1896)/LR-5450-7_v2_00002.jpg","Merthr Tydfil (1849-1857, 1861-1896)/LR-5450-7_v2_00002.jpg",1370727,755f636eb80b0f084f29b71990760c7f,4a83ff3e063c0bc9e27230201f97c1e836f23fb5,,,already-present-matching
membership-image,"resources/source-cds/Merthr Tydfil (1849-1857, 1861-1896)/LR-5450-7_v2_00003.jpg","Merthr Tydfil (1849-1857, 1861-1896)/LR-5450-7_v2_00003.jpg",1399466,ee8db1dd912478ff728beb15b3165f78,8ec5e228b0bca5bafd98e4b96b332dd682c95faa,,,already-present-matching
membership-image,"resources/source-cds/Merthr Tydfil (1849-1857, 1861-1896)/LR-5450-7_v2_00004.jpg","Merthr Tydfil (1849-1857, 1861-1896)/LR-5450-7_v2_00004.jpg",622368,e2e8149a9f18b6b3530a8f7a36587fb1,963f6c4dd214bff9f9c503f7d0388d2814fdecf4,,,already-present-matching
membership-image,"resources/source-cds/Merthr Tydfil (1849-1857, 1861-1896)/LR-5450-7_v2_00005.jpg","Merthr Tydfil (1849-1857, 1861-1896)/LR-5450-7_v2_00005.jpg",712377,f8d9182b473f945d7798d6ed9836478d,0ebccda265179d7363d8df4d247227653dad964b,,,already-present-matching
membership-image,"resources/source-cds/Merthr Tydfil (1849-1857, 1861-1896)/LR-5450-7_v2_00006.jpg","Merthr Tydfil (1849-1857, 1861-1896)/LR-5450-7_v2_00006.jpg",564506,6ad642b237ea58c88a0118f79c2287b9,4aa5303be6d974fb6512ace373df8e1960a18671,,,already-present-matching
membership-image,"resources/source-cds/Merthr Tydfil (1849-1857, 1861-1896)/LR-5450-7_v2_00007.jpg","Merthr Tydfil (1849-1857, 1861-1896)/LR-5450-7_v2_00007.jpg",834394,43c63d449c9f2fc1b2ef7e5fbcfcd0fc,747b7c9dfd7349f67c7a7fbca813a0ed65b459de,,,already-present-matching
membership-image,"resources/source-cds/Merthr Tydfil (1849-1857, 1861-1896)/LR-5450-7_v2_00008.jpg","Merthr Tydfil (1849-1857, 1861-1896)/LR-5450-7_v2_00008.jpg",562889,efd1663188f471976f315252b1ccb704,acb4cfe9699b4486f7946d6fd89ba06e541f88bd,,,already-present-matching
membership-image,"resources/source-cds/Merthr Tydfil (1849-1857, 1861-1896)/LR-5450-7_v2_00009.jpg","Merthr Tydfil (1849-1857, 1861-1896)/LR-5450-7_v2_00009.jpg",627370,6295d8542a548c5eeeb80c60662aaa58,0878a5213c88c9a4be36c011b47fed87f5f3bb34,,,already-present-matching
membership-image,"resources/source-cds/Merthr Tydfil (1849-1857, 1861-1896)/LR-5450-7_v2_00010.jpg","Merthr Tydfil (1849-1857, 1861-1896)/LR-5450-7_v2_00010.jpg",614625,5cc42a773d1ab59263b5b9bc71094178,918fc99032ec98d08cd38a22cb850044dd3b23b1,,,already-present-matching
membership-image,"resources/source-cds/Merthr Tydfil (1849-1857, 1861-1896)/LR-5450-7_v2_00011.jpg","Merthr Tydfil (1849-1857, 1861-1896)/LR-5450-7_v2_00011.jpg",629048,a937644fb9bac830b1d3027208d110d6,7d575c3c9f5612958a3df1a2790f5e03f8e05ec3,,,already-present-matching
membership-image,"resources/source-cds/Merthr Tydfil (1849-1857, 1861-1896)/LR-5450-7_v2_00012.jpg","Merthr Tydfil (1849-1857, 1861-1896)/LR-5450-7_v2_00012.jpg",559533,554831fbd99b448af1cf8176a407f47d,9e92a0b0b851be1c52b79b281c04548d14af25a9,,,already-present-matching
membership-image,"resources/source-cds/Merthr Tydfil (1849-1857, 1861-1896)/LR-5450-7_v2_00013.jpg","Merthr Tydfil (1849-1857, 1861-1896)/LR-5450-7_v2_00013.jpg",590219,401c36cc1f3c376872a996a7dfd11a5d,3fa66d8ec64ed6d73b1d731c44ae6b22b6725dff,,,already-present-matching
membership-image,"resources/source-cds/Merthr Tydfil (1849-1857, 1861-1896)/LR-5450-7_v2_00014.jpg","Merthr Tydfil (1849-1857, 1861-1896)/LR-5450-7_v2_00014.jpg",589426,a0836f4e5f08c151c7e38078c853104e,af744729e747811b17f6d47119151f43798a4fbe,,,already-present-matching
membership-image,"resources/source-cds/Merthr Tydfil (1849-1857, 1861-1896)/LR-5450-7_v2_00015.jpg","Merthr Tydfil (1849-1857, 1861-1896)/LR-5450-7_v2_00015.jpg",595069,ca114f2f7b8888d6d658814cdf435be5,5dee70bd1368bffcd96c0b7870fdd29d40a0c077,,,already-present-matching
membership-image,"resources/source-cds/Merthr Tydfil (1849-1857, 1861-1896)/LR-5450-7_v2_00016.jpg","Merthr Tydfil (1849-1857, 1861-1896)/LR-5450-7_v2_00016.jpg",616865,74e7039b2c05a0c2b69e98f8949adde4,f8b6adcb6bab1310f3d19f1582a0afd770ebed64,,,already-present-matching
membership-image,"resources/source-cds/Merthr Tydfil (1849-1857, 1861-1896)/LR-5450-7_v2_00017.jpg","Merthr Tydfil (1849-1857, 1861-1896)/LR-5450-7_v2_00017.jpg",623047,f5216882a76b5b3c8d7ea6c0fc2015d7,0279ad4e86950f34a2a75474608104aa34215590,,,already-present-matching
membership-image,"resources/source-cds/Merthr Tydfil (1849-1857, 1861-1896)/LR-5450-7_v2_00018.jpg","Merthr Tydfil (1849-1857, 1861-1896)/LR-5450-7_v2_00018.jpg",561530,c34bc660870b818d6750207426bce2eb,243f72ccf2ae9500b5912e60f17a74e41a1a95ae,,,already-present-matching
membership-image,"resources/source-cds/Merthr Tydfil (1849-1857, 1861-1896)/LR-5450-7_v2_00019.jpg","Merthr Tydfil (1849-1857, 1861-1896)/LR-5450-7_v2_00019.jpg",579835,3b43663b64eec45fe9a1a3c98a43b9c5,7df7c401fdfb226503a31fb3b13a321d344e2998,,,already-present-matching
membership-image,"resources/source-cds/Merthr Tydfil (1849-1857, 1861-1896)/LR-5450-7_v2_00020.jpg","Merthr Tydfil (1849-1857, 1861-1896)/LR-5450-7_v2_00020.jpg",595354,15a25ed0425d3bfabc4056a39a203091,e73620dbf91a7ca9502f8ff89af0af25e3c997d8,,,already-present-matching
membership-image,"resources/source-cds/Merthr Tydfil (1849-1857, 1861-1896)/LR-5450-7_v2_00021.jpg","Merthr Tydfil (1849-1857, 1861-1896)/LR-5450-7_v2_00021.jpg",612563,ac43771bbe39364c34ff57b6717dba12,cbc550fc5dd08addaebc8e3bec1547461bd7fa7a,,,already-present-matching
membership-image,"resources/source-cds/Merthr Tydfil (1849-1857, 1861-1896)/LR-5450-7_v2_00022.jpg","Merthr Tydfil (1849-1857, 1861-1896)/LR-5450-7_v2_00022.jpg",702780,afbfc945653f6e002194c404e8ca95a7,5318e9063d41396fd1e88693b0e4a5c8c96acc0a,,,already-present-matching
membership-image,"resources/source-cds/Merthr Tydfil (1849-1857, 1861-1896)/LR-5450-7_v2_00023.jpg","Merthr Tydfil (1849-1857, 1861-1896)/LR-5450-7_v2_00023.jpg",672597,11eb731f3d3f9128372b13a318de77d0,0820bc7bd50b3243de03f0583b47d776a973dacc,,,already-present-matching
membership-image,"resources/source-cds/Merthr Tydfil (1849-1857, 1861-1896)/LR-5450-7_v2_00024.jpg","Merthr Tydfil (1849-1857, 1861-1896)/LR-5450-7_v2_00024.jpg",778178,eca3b4caec2d4bcd785b96c79e18435f,737c5a9e4a80310c083c5642a454c3089a8329a0,,,already-present-matching
membership-image,"resources/source-cds/Merthr Tydfil (1849-1857, 1861-1896)/LR-5450-7_v2_00025.jpg","Merthr Tydfil (1849-1857, 1861-1896)/LR-5450-7_v2_00025.jpg",710448,270bcda200ea91ff073ec40d6b11e38f,2c26951c359a768536dbac3ae1145d4261e8a75c,,,already-present-matching
membership-image,"resources/source-cds/Merthr Tydfil (1849-1857, 1861-1896)/LR-5450-7_v2_00026.jpg","Merthr Tydfil (1849-1857, 1861-1896)/LR-5450-7_v2_00026.jpg",731369,d4de2b4b9fedd45a98dcb2d8990f7ccc,88b9a3ddd6758591ccddbb6bc14e9b7b27b792c1,,,already-present-matching
membership-image,"resources/source-cds/Merthr Tydfil (1849-1857, 1861-1896)/LR-5450-7_v2_00027.jpg","Merthr Tydfil (1849-1857, 1861-1896)/LR-5450-7_v2_00027.jpg",720552,7a612988ed8d59d21fee7f9ff92aa21a,115a3f3d770af57c9ff8efa85fc929570790841b,,,already-present-matching
membership-image,"resources/source-cds/Merthr Tydfil (1849-1857, 1861-1896)/LR-5450-7_v2_00028.jpg","Merthr Tydfil (1849-1857, 1861-1896)/LR-5450-7_v2_00028.jpg",683127,0d25660f838a7c7d357c58483f49ecef,937b6bae2e0a19fa452ec7b1f864e1cac0180dbe,,,already-present-matching
membership-image,"resources/source-cds/Merthr Tydfil (1849-1857, 1861-1896)/LR-5450-7_v2_00029.jpg","Merthr Tydfil (1849-1857, 1861-1896)/LR-5450-7_v2_00029.jpg",703324,4879c12af9da9789deb74b47d310f956,2caed1985d670f39e03a7cc8c4e52c815eca6be0,,,already-present-matching
membership-image,"resources/source-cds/Merthr Tydfil (1849-1857, 1861-1896)/LR-5450-7_v2_00030.jpg","Merthr Tydfil (1849-1857, 1861-1896)/LR-5450-7_v2_00030.jpg",672673,479a225ac31e7e58044342ff18e215b9,b2846f29cafb4b6cc25607ee1be71b7e0e0ff724,,,already-present-matching
membership-image,"resources/source-cds/Merthr Tydfil (1849-1857, 1861-1896)/LR-5450-7_v2_00031.jpg","Merthr Tydfil (1849-1857, 1861-1896)/LR-5450-7_v2_00031.jpg",686763,da741807208b71855c5d20533a8e4cd9,1afe81817d9e7b99337c5c6e6f05b0aa1ecf77b8,,,already-present-matching
membership-image,"resources/source-cds/Merthr Tydfil (1849-1857, 1861-1896)/LR-5450-7_v2_00032.jpg","Merthr Tydfil (1849-1857, 1861-1896)/LR-5450-7_v2_00032.jpg",720110,8d031980f31effa87bebf54474918dfb,71039f52fd81735afd2a8094429704715983a48d,,,already-present-matching
membership-image,"resources/source-cds/Merthr Tydfil (1849-1857, 1861-1896)/LR-5450-7_v2_00033.jpg","Merthr Tydfil (1849-1857, 1861-1896)/LR-5450-7_v2_00033.jpg",694598,db80ff02230de65003f232607a5444e2,0329f722c42c7efd5990c819876a7f3b4dbe0bed,,,already-present-matching
membership-image,"resources/source-cds/Merthr Tydfil (1849-1857, 1861-1896)/LR-5450-7_v2_00034.jpg","Merthr Tydfil (1849-1857, 1861-1896)/LR-5450-7_v2_00034.jpg",706410,ac762dc353dd5d936ef9a7b54db9d29b,13d519208be67885dbd7074b6db3034a634b986c,,,already-present-matching
membership-image,"resources/source-cds/Merthr Tydfil (1849-1857, 1861-1896)/LR-5450-7_v2_00035.jpg","Merthr Tydfil (1849-1857, 1861-1896)/LR-5450-7_v2_00035.jpg",690181,0987f83ac9fe941ac7c658166da7105d,9ee65d4828641cf59c040802de82ac609443a4cf,,,already-present-matching
membership-image,"resources/source-cds/Merthr Tydfil (1849-1857, 1861-1896)/LR-5450-7_v2_00036.jpg","Merthr Tydfil (1849-1857, 1861-1896)/LR-5450-7_v2_00036.jpg",712045,81f84475dc3d3393e5e36ae89ee08b24,e07d7d276dc57e3ba7cea62058504d56bf7407f8,,,already-present-matching
membership-image,"resources/source-cds/Merthr Tydfil (1849-1857, 1861-1896)/LR-5450-7_v2_00037.jpg","Merthr Tydfil (1849-1857, 1861-1896)/LR-5450-7_v2_00037.jpg",669298,90255b97ad3f07e4c11eb948085e5bd0,1dff58899841b8a4f815a3a9299b1a75d533c431,,,already-present-matching
membership-image,"resources/source-cds/Merthr Tydfil (1849-1857, 1861-1896)/LR-5450-7_v2_00038.jpg","Merthr Tydfil (1849-1857, 1861-1896)/LR-5450-7_v2_00038.jpg",745662,a687b7e61a5e1c0047c1e62848fd2fec,b57eb8d7aa6954387ef4198359e3b9044f57f3d0,,,already-present-matching
membership-image,"resources/source-cds/Merthr Tydfil (1849-1857, 1861-1896)/LR-5450-7_v2_00039.jpg","Merthr Tydfil (1849-1857, 1861-1896)/LR-5450-7_v2_00039.jpg",654454,6c3be6cd60d1681794d98288302f909f,f60d926c720b45d4d619970b11398d0a375763dd,,,already-present-matching
membership-image,"resources/source-cds/Merthr Tydfil (1849-1857, 1861-1896)/LR-5450-7_v2_00040.jpg","Merthr Tydfil (1849-1857, 1861-1896)/LR-5450-7_v2_00040.jpg",735933,05cd27f9efbb5d21df08ff9bec298946,5a81f9bb37d74e24d11fcd32ec19a0b577814365,,,already-present-matching
membership-image,"resources/source-cds/Merthr Tydfil (1849-1857, 1861-1896)/LR-5450-7_v2_00041.jpg","Merthr Tydfil (1849-1857, 1861-1896)/LR-5450-7_v2_00041.jpg",653334,5c021198bcac7ffe3af842ba3050dfff,cb8c66cbd26958a6f12090ba3d8c411f6039cbc3,,,already-present-matching
membership-image,"resources/source-cds/Merthr Tydfil (1849-1857, 1861-1896)/LR-5450-7_v2_00042.jpg","Merthr Tydfil (1849-1857, 1861-1896)/LR-5450-7_v2_00042.jpg",753299,24f64334c3252b0d83a7c0707684d951,5f86f61b7b071071a231f99cbb2a42cbbdb4deae,,,already-present-matching
membership-image,"resources/source-cds/Merthr Tydfil (1849-1857, 1861-1896)/LR-5450-7_v2_00043.jpg","Merthr Tydfil (1849-1857, 1861-1896)/LR-5450-7_v2_00043.jpg",647685,56fa4bdaa56a1456368b96d885f63f81,2003066443ca5d3cb793f0f7032c3ccd1879f0d8,,,already-present-matching
membership-image,"resources/source-cds/Merthr Tydfil (1849-1857, 1861-1896)/LR-5450-7_v2_00044.jpg","Merthr Tydfil (1849-1857, 1861-1896)/LR-5450-7_v2_00044.jpg",756688,1a1af55c5893d3dee595a3a2c378742b,21dad778b6a1e0fa127932b2fb74ddc001d0a9dc,,,already-present-matching
membership-image,"resources/source-cds/Merthr Tydfil (1849-1857, 1861-1896)/LR-5450-7_v2_00045.jpg","Merthr Tydfil (1849-1857, 1861-1896)/LR-5450-7_v2_00045.jpg",659757,36e88183a78f26f2a2486350d07e3ac4,efb1c073f626a9bc194f767a32b4d3bd2e83ef85,,,already-present-matching
membership-image,"resources/source-cds/Merthr Tydfil (1849-1857, 1861-1896)/LR-5450-7_v2_00046.jpg","Merthr Tydfil (1849-1857, 1861-1896)/LR-5450-7_v2_00046.jpg",755207,d9c2c2710744fa0adc736f4b2f7f62e4,0bcc6bd38fcf026514ab904e1e8067e4aca26517,,,already-present-matching
membership-image,"resources/source-cds/Merthr Tydfil (1849-1857, 1861-1896)/LR-5450-7_v2_00047.jpg","Merthr Tydfil (1849-1857, 1861-1896)/LR-5450-7_v2_00047.jpg",616433,439bd082f6ea4e265ad436ac2b3fc2d7,4017aed16224adbdc169f011b97497c940ab85f1,,,already-present-matching
membership-image,"resources/source-cds/Merthr Tydfil (1849-1857, 1861-1896)/LR-5450-7_v2_00048.jpg","Merthr Tydfil (1849-1857, 1861-1896)/LR-5450-7_v2_00048.jpg",764821,ca67d9b58731be8a569670ed42e65e37,168542531c1e228fee1cf0d776cbaf612043e47a,,,already-present-matching
membership-image,"resources/source-cds/Merthr Tydfil (1849-1857, 1861-1896)/LR-5450-7_v2_00049.jpg","Merthr Tydfil (1849-1857, 1861-1896)/LR-5450-7_v2_00049.jpg",702178,096c2b4d7e2877befad6da21ebe1abcd,1fd832c77f8436575f3c8908a754434738c02f81,,,already-present-matching
membership-image,"resources/source-cds/Merthr Tydfil (1849-1857, 1861-1896)/LR-5450-7_v2_00050.jpg","Merthr Tydfil (1849-1857, 1861-1896)/LR-5450-7_v2_00050.jpg",693298,b46848be5aa12cc76591aa558668c74e,973ce16bb6c64be2884b17b3bdfb5f57942ec8c5,,,already-present-matching
membership-image,"resources/source-cds/Merthr Tydfil (1849-1857, 1861-1896)/LR-5450-7_v2_00051.jpg","Merthr Tydfil (1849-1857, 1861-1896)/LR-5450-7_v2_00051.jpg",647263,7eb7f03f3d18dfca3edce3048259f25d,1fdb157dc00eca9b42378e28f998387ccb3c1093,,,already-present-matching
membership-image,"resources/source-cds/Merthr Tydfil (1849-1857, 1861-1896)/LR-5450-7_v2_00052.jpg","Merthr Tydfil (1849-1857, 1861-1896)/LR-5450-7_v2_00052.jpg",730124,fcb0021cd2153f9472ada420549d69d9,0eba476cc4cd8e04611914428acdba5d34ad340f,,,already-present-matching
membership-image,"resources/source-cds/Merthr Tydfil (1849-1857, 1861-1896)/LR-5450-7_v2_00053.jpg","Merthr Tydfil (1849-1857, 1861-1896)/LR-5450-7_v2_00053.jpg",669783,eff370bd0d379885a3c55f0b636e4042,71a290863af917011b6301f2e7f06010761c46eb,,,already-present-matching
membership-image,"resources/source-cds/Merthr Tydfil (1849-1857, 1861-1896)/LR-5450-7_v2_00054.jpg","Merthr Tydfil (1849-1857, 1861-1896)/LR-5450-7_v2_00054.jpg",744855,cb73ebaa99406ef846e15d6bc45d08a8,648b540dc1c720b84bf4158028e95253be5f231d,,,already-present-matching
membership-image,"resources/source-cds/Merthr Tydfil (1849-1857, 1861-1896)/LR-5450-7_v2_00055.jpg","Merthr Tydfil (1849-1857, 1861-1896)/LR-5450-7_v2_00055.jpg",649630,c2d90d2d7b6408c3b062b358ebd228af,50a81f9b53da475aa2670f53342677d6ae366fb6,,,already-present-matching
membership-image,"resources/source-cds/Merthr Tydfil (1849-1857, 1861-1896)/LR-5450-7_v2_00056.jpg","Merthr Tydfil (1849-1857, 1861-1896)/LR-5450-7_v2_00056.jpg",762335,e28ec45c60cbecde131807e5949d98b8,ec904f629cb71d6e9407209416f21e3121b2c086,,,already-present-matching
membership-image,"resources/source-cds/Merthr Tydfil (1849-1857, 1861-1896)/LR-5450-7_v2_00057.jpg","Merthr Tydfil (1849-1857, 1861-1896)/LR-5450-7_v2_00057.jpg",645252,b3b228955bcbe138ba0b58dbac3dedb9,a293de43ff6889e35db8757c7f8c5402262acfd0,,,already-present-matching
membership-image,"resources/source-cds/Merthr Tydfil (1849-1857, 1861-1896)/LR-5450-7_v2_00058.jpg","Merthr Tydfil (1849-1857, 1861-1896)/LR-5450-7_v2_00058.jpg",758351,2dbaa67c5327154c91cdac2d54cb752b,9fd78a8ddf3a6e8de5dd8847c3831cff21307d63,,,already-present-matching
membership-image,"resources/source-cds/Merthr Tydfil (1849-1857, 1861-1896)/LR-5450-7_v2_00059.jpg","Merthr Tydfil (1849-1857, 1861-1896)/LR-5450-7_v2_00059.jpg",653933,7f9e604417343aae8fc6297ceabba111,38e15654472860485473c9964bf89e9ce6b4d41a,,,already-present-matching
membership-image,"resources/source-cds/Merthr Tydfil (1849-1857, 1861-1896)/LR-5450-7_v2_00060.jpg","Merthr Tydfil (1849-1857, 1861-1896)/LR-5450-7_v2_00060.jpg",766458,28c5945372aeb178e2dfb873d9e10922,c00ca0ea75e6cc4ec368111dc3d6ea8da60377ce,,,already-present-matching
membership-image,"resources/source-cds/Merthr Tydfil (1849-1857, 1861-1896)/LR-5450-7_v2_00061.jpg","Merthr Tydfil (1849-1857, 1861-1896)/LR-5450-7_v2_00061.jpg",655412,731abffd9ba3f1392a01b74cb309644b,0a1e29c5e6c532c6ab30472ebf424c5f2feb61c4,,,already-present-matching
membership-image,"resources/source-cds/Merthr Tydfil (1849-1857, 1861-1896)/LR-5450-7_v2_00062.jpg","Merthr Tydfil (1849-1857, 1861-1896)/LR-5450-7_v2_00062.jpg",747686,c762b380c7df8402ee86e2445cd65cf0,c29dcdbf6527cc6910524d6edc3b0faf94e5338f,,,already-present-matching
membership-image,"resources/source-cds/Merthr Tydfil (1849-1857, 1861-1896)/LR-5450-7_v2_00063.jpg","Merthr Tydfil (1849-1857, 1861-1896)/LR-5450-7_v2_00063.jpg",664541,ac95dec0f5acde525d2a3441a53bee3d,e69dc1fd447d89f5d92cbd3737d0767c9f941a5f,,,already-present-matching
membership-image,"resources/source-cds/Merthr Tydfil (1849-1857, 1861-1896)/LR-5450-7_v2_00064.jpg","Merthr Tydfil (1849-1857, 1861-1896)/LR-5450-7_v2_00064.jpg",762248,fc3e57e949cec46b134264ca778e2bc5,7dd9d18ce5bf8938216c6071625fc4d93349f59a,,,already-present-matching
membership-image,"resources/source-cds/Merthr Tydfil (1849-1857, 1861-1896)/LR-5450-7_v2_00065.jpg","Merthr Tydfil (1849-1857, 1861-1896)/LR-5450-7_v2_00065.jpg",698418,9e9b35257aeb15658e8c58f26e7ba433,726dc4c0affe42efee17c7866b7cef894f035285,,,already-present-matching
membership-image,"resources/source-cds/Merthr Tydfil (1849-1857, 1861-1896)/LR-5450-7_v2_00066.jpg","Merthr Tydfil (1849-1857, 1861-1896)/LR-5450-7_v2_00066.jpg",729319,f2681de95f958e662f01644636eac687,500f4552fb55ea68e62bf16968a3df0c8ea45be1,,,already-present-matching
membership-image,"resources/source-cds/Merthr Tydfil (1849-1857, 1861-1896)/LR-5450-7_v2_00067.jpg","Merthr Tydfil (1849-1857, 1861-1896)/LR-5450-7_v2_00067.jpg",688900,8b564fbfc05b7b79370660cab8ede928,78c29bf891653831fbf4699dfd47bf4a15300ad8,,,already-present-matching
membership-image,"resources/source-cds/Merthr Tydfil (1849-1857, 1861-1896)/LR-5450-7_v2_00068.jpg","Merthr Tydfil (1849-1857, 1861-1896)/LR-5450-7_v2_00068.jpg",740286,b63b006f7db45b57a8b71e3cfb6c4925,b459479e097f0c9f79e41fbf47ea0979bbaa67c7,,,already-present-matching
membership-image,"resources/source-cds/Merthr Tydfil (1849-1857, 1861-1896)/LR-5450-7_v2_00069.jpg","Merthr Tydfil (1849-1857, 1861-1896)/LR-5450-7_v2_00069.jpg",691762,d462aca7ac6d79b7c1ee1bffa2769967,70c3be52c8f4505f6aa0eaec91ff60e55a4cb2aa,,,already-present-matching
membership-image,"resources/source-cds/Merthr Tydfil (1849-1857, 1861-1896)/LR-5450-7_v2_00070.jpg","Merthr Tydfil (1849-1857, 1861-1896)/LR-5450-7_v2_00070.jpg",724167,f64a88aba4a3dd09d07d83f62971688f,7fc99e4b70be639694bfb4d05f13bf7d0f401023,,,already-present-matching
membership-image,"resources/source-cds/Merthr Tydfil (1849-1857, 1861-1896)/LR-5450-7_v2_00071.jpg","Merthr Tydfil (1849-1857, 1861-1896)/LR-5450-7_v2_00071.jpg",701134,c5c56be6d88dac28d474652c4d181194,916702d5debee6cf4e7b45389eb1296bb716f379,,,already-present-matching
membership-image,"resources/source-cds/Merthr Tydfil (1849-1857, 1861-1896)/LR-5450-7_v2_00072.jpg","Merthr Tydfil (1849-1857, 1861-1896)/LR-5450-7_v2_00072.jpg",736298,e5c69ee681a7b8c8a0dab3d6a5607d9b,ad7ad5a5cc4797d4a2ace6c534f831f24ed99616,,,already-present-matching
membership-image,"resources/source-cds/Merthr Tydfil (1849-1857, 1861-1896)/LR-5450-7_v2_00073.jpg","Merthr Tydfil (1849-1857, 1861-1896)/LR-5450-7_v2_00073.jpg",697215,11033e40798965493f12925bc47cef57,6cad8494c4a1e27a464b09b7e2bb4cb83cc9b3ab,,,already-present-matching
membership-image,"resources/source-cds/Merthr Tydfil (1849-1857, 1861-1896)/LR-5450-7_v2_00074.jpg","Merthr Tydfil (1849-1857, 1861-1896)/LR-5450-7_v2_00074.jpg",730642,893f1d09576420c5076b2ceac1de755a,78849113ef94fedbc7818b9445e087b213815067,,,already-present-matching
membership-image,"resources/source-cds/Merthr Tydfil (1849-1857, 1861-1896)/LR-5450-7_v2_00075.jpg","Merthr Tydfil (1849-1857, 1861-1896)/LR-5450-7_v2_00075.jpg",690966,17d93c21d154a4957cb3b6f388b1d8af,bde5a0ac2ce6958dbb30b0d75970cf1b2e23412e,,,already-present-matching
membership-image,"resources/source-cds/Merthr Tydfil (1849-1857, 1861-1896)/LR-5450-7_v2_00076.jpg","Merthr Tydfil (1849-1857, 1861-1896)/LR-5450-7_v2_00076.jpg",737134,b324ce3ba458ecb3bac8c8d2841c634d,2dbf635d939afe418e230323306c2a2f5495314a,,,already-present-matching
membership-image,"resources/source-cds/Merthr Tydfil (1849-1857, 1861-1896)/LR-5450-7_v2_00077.jpg","Merthr Tydfil (1849-1857, 1861-1896)/LR-5450-7_v2_00077.jpg",733961,22d27a28d41ca894f0b8243e0cb7e9c3,a0bb6450ed8e04059aae7a90d8fea0973548ffaa,,,already-present-matching
membership-image,"resources/source-cds/Merthr Tydfil (1849-1857, 1861-1896)/LR-5450-7_v2_00078.jpg","Merthr Tydfil (1849-1857, 1861-1896)/LR-5450-7_v2_00078.jpg",757867,40cc4203a53fa4360504d41ac91e9608,8280944c78c4d5e6c7ae81ce37b1498094c76852,,,already-present-matching
membership-image,"resources/source-cds/Merthr Tydfil (1849-1857, 1861-1896)/LR-5450-7_v2_00079.jpg","Merthr Tydfil (1849-1857, 1861-1896)/LR-5450-7_v2_00079.jpg",675327,95c273500c3518034dee8a68caea7f5f,e84aa913ea50771f887e60aa88b19a59f21a7375,,,already-present-matching
membership-image,"resources/source-cds/Merthr Tydfil (1849-1857, 1861-1896)/LR-5450-7_v2_00080.jpg","Merthr Tydfil (1849-1857, 1861-1896)/LR-5450-7_v2_00080.jpg",766836,0b18caa823673d65e9a8544e7814426d,1e647f85be28c396b2bb8d223bd56fe35c943704,,,already-present-matching
membership-image,"resources/source-cds/Merthr Tydfil (1849-1857, 1861-1896)/LR-5450-7_v2_00081.jpg","Merthr Tydfil (1849-1857, 1861-1896)/LR-5450-7_v2_00081.jpg",662362,31926ea0733c853bbd35682c2d76aeb8,ea4bc7a7c91daca49fc4c7bb382e38a9d25e04bd,,,already-present-matching
membership-image,"resources/source-cds/Merthr Tydfil (1849-1857, 1861-1896)/LR-5450-7_v2_00082.jpg","Merthr Tydfil (1849-1857, 1861-1896)/LR-5450-7_v2_00082.jpg",726880,0cdfaad8772cc461e86c3bab02c8c0c2,799f57c8f878a5388af9ce1c52f972028cd11e30,,,already-present-matching
membership-image,"resources/source-cds/Merthr Tydfil (1849-1857, 1861-1896)/LR-5450-7_v2_00083.jpg","Merthr Tydfil (1849-1857, 1861-1896)/LR-5450-7_v2_00083.jpg",669670,a7bf838113f1b24990ee068d3fed539c,65354ccd89cf9047d90db82799a11add6616c0ef,,,already-present-matching
membership-image,"resources/source-cds/Merthr Tydfil (1849-1857, 1861-1896)/LR-5450-7_v2_00084.jpg","Merthr Tydfil (1849-1857, 1861-1896)/LR-5450-7_v2_00084.jpg",768678,ea5dea91c228e97a3717a865022d0a97,ac8ee9246bf8f7d12e15f339596112a2b5b82e74,,,already-present-matching
membership-image,"resources/source-cds/Merthr Tydfil (1849-1857, 1861-1896)/LR-5450-7_v2_00085.jpg","Merthr Tydfil (1849-1857, 1861-1896)/LR-5450-7_v2_00085.jpg",665065,5ff5309d40186e8e30866ae6fee6f2e6,e530080c0060d3f574c88b357cb49ca8d8d1a45b,,,already-present-matching
membership-image,"resources/source-cds/Merthr Tydfil (1849-1857, 1861-1896)/LR-5450-7_v2_00086.jpg","Merthr Tydfil (1849-1857, 1861-1896)/LR-5450-7_v2_00086.jpg",775206,cce1e836778e4ee6f565b9af56534a7b,5b424732f80ad07c04ef386d065d9d645d1eb212,,,already-present-matching
membership-image,"resources/source-cds/Merthr Tydfil (1849-1857, 1861-1896)/LR-5450-7_v2_00087.jpg","Merthr Tydfil (1849-1857, 1861-1896)/LR-5450-7_v2_00087.jpg",681650,16777a5e4f0faeb5943471a47412549a,323219177dd66cedc86d4d8d65bfea4bceea2eaa,,,already-present-matching
membership-image,"resources/source-cds/Merthr Tydfil (1849-1857, 1861-1896)/LR-5450-7_v2_00088.jpg","Merthr Tydfil (1849-1857, 1861-1896)/LR-5450-7_v2_00088.jpg",792984,5bed233eb304ddefc674ec35bd9dcfe1,fe576a9d9cae327004e9568be073089d4c42200f,,,already-present-matching
membership-image,"resources/source-cds/Merthr Tydfil (1849-1857, 1861-1896)/LR-5450-7_v2_00089.jpg","Merthr Tydfil (1849-1857, 1861-1896)/LR-5450-7_v2_00089.jpg",670534,cd6f521a4353feabcc3ba943c707d8c3,5a7db75569f9e9e0b0f41019f07659dc0f74d3c1,,,already-present-matching
membership-image,"resources/source-cds/Merthr Tydfil (1849-1857, 1861-1896)/LR-5450-7_v2_00090.jpg","Merthr Tydfil (1849-1857, 1861-1896)/LR-5450-7_v2_00090.jpg",750561,6d625f31c543aa6bcdf1f6fce7a96421,d8484425ac38cf2afd97ff0fe961b0131fafd3b4,,,already-present-matching
membership-image,"resources/source-cds/Merthr Tydfil (1849-1857, 1861-1896)/LR-5450-7_v2_00091.jpg","Merthr Tydfil (1849-1857, 1861-1896)/LR-5450-7_v2_00091.jpg",686595,4c96db51a1132005f261b01dd7077730,de23452816b4b39698afb705b80c4b5d2fdc4594,,,already-present-matching
membership-image,"resources/source-cds/Merthr Tydfil (1849-1857, 1861-1896)/LR-5450-7_v2_00092.jpg","Merthr Tydfil (1849-1857, 1861-1896)/LR-5450-7_v2_00092.jpg",731027,cca958d9460b86476d45cd1fcfb771df,e3e2f16a16792728f976508a58fc63c54156ddc6,,,already-present-matching
membership-image,"resources/source-cds/Merthr Tydfil (1849-1857, 1861-1896)/LR-5450-7_v2_00093.jpg","Merthr Tydfil (1849-1857, 1861-1896)/LR-5450-7_v2_00093.jpg",728629,9e30fb50d61393d20785c5f56e69e8b5,7691539576a84c81e458aacdae8d49c9cf234756,,,already-present-matching
membership-image,"resources/source-cds/Merthr Tydfil (1849-1857, 1861-1896)/LR-5450-7_v2_00094.jpg","Merthr Tydfil (1849-1857, 1861-1896)/LR-5450-7_v2_00094.jpg",739209,f89f30e3a85395651c8275dc836c7542,9915a31db3be385e38534d60f5d2ec5a2d295ef3,,,upload-new
membership-image,"resources/source-cds/Merthr Tydfil (1849-1857, 1861-1896)/LR-5450-7_v2_00095.jpg","Merthr Tydfil (1849-1857, 1861-1896)/LR-5450-7_v2_00095.jpg",692220,165f36dedb8ff81f24ab6ef972903d53,8771d233e2607d921d0f66a0d9ab30c9fbb0bf2d,,,upload-new
membership-image,"resources/source-cds/Merthr Tydfil (1849-1857, 1861-1896)/LR-5450-7_v2_00096.jpg","Merthr Tydfil (1849-1857, 1861-1896)/LR-5450-7_v2_00096.jpg",733014,8de6fce0531fee3dc704e4872dc3b352,4cb65157e47955a6ceeed7c8ede98c500b9f6b08,,,upload-new
membership-image,"resources/source-cds/Merthr Tydfil (1849-1857, 1861-1896)/LR-5450-7_v2_00097.jpg","Merthr Tydfil (1849-1857, 1861-1896)/LR-5450-7_v2_00097.jpg",708658,6720afba7acb86c37a05827604c190e2,151497dc44c469e9a784d7bdbe596eb44b2ce7a6,,,upload-new
membership-image,"resources/source-cds/Merthr Tydfil (1849-1857, 1861-1896)/LR-5450-7_v2_00098.jpg","Merthr Tydfil (1849-1857, 1861-1896)/LR-5450-7_v2_00098.jpg",744727,ffca1f98e8e7aef5ccf236eb96fe17cb,508bf12a95e727b6e7e131f8700b61bfff233927,,,already-present-matching
membership-image,"resources/source-cds/Merthr Tydfil (1849-1857, 1861-1896)/LR-5450-7_v2_00099.jpg","Merthr Tydfil (1849-1857, 1861-1896)/LR-5450-7_v2_00099.jpg",699126,561cdd6eb2b6fb06d928a0b47fc27c1a,7f6b45ce9a38a9538436fa1905d8d8c8aafa6671,,,already-present-matching
membership-image,"resources/source-cds/Merthr Tydfil (1849-1857, 1861-1896)/LR-5450-7_v2_00100.jpg","Merthr Tydfil (1849-1857, 1861-1896)/LR-5450-7_v2_00100.jpg",711065,95f2491d0e6ec35cc74d8d4009fcd8ea,9b838d314ca9712cb92ab14649ca08482c6443aa,,,already-present-matching
membership-image,"resources/source-cds/Merthr Tydfil (1849-1857, 1861-1896)/LR-5450-7_v2_00101.jpg","Merthr Tydfil (1849-1857, 1861-1896)/LR-5450-7_v2_00101.jpg",695652,e4b5da2d618678e3dcba006a2f1e51ab,18c5d415c76b03deaa5cfc14164165a20849eaf5,,,already-present-matching
membership-image,"resources/source-cds/Merthr Tydfil (1849-1857, 1861-1896)/LR-5450-7_v2_00102.jpg","Merthr Tydfil (1849-1857, 1861-1896)/LR-5450-7_v2_00102.jpg",710479,f22f6a64460b42f5423ce7ed06776a8c,11b949cba691a04671eeeb6f73f40a1dec267496,,,already-present-matching
membership-image,"resources/source-cds/Merthr Tydfil (1849-1857, 1861-1896)/LR-5450-7_v2_00103.jpg","Merthr Tydfil (1849-1857, 1861-1896)/LR-5450-7_v2_00103.jpg",707263,663952f1c1b158be5a017f795a615716,727ac388a0291a7189faa591537f84291927fbda,,,already-present-matching
membership-image,"resources/source-cds/Merthr Tydfil (1849-1857, 1861-1896)/LR-5450-7_v2_00104.jpg","Merthr Tydfil (1849-1857, 1861-1896)/LR-5450-7_v2_00104.jpg",745583,d80d823c8e3f2121067dac2b756f327d,1a6c41320a7f74c63ec4f80087a7212fc70701f3,,,already-present-matching
membership-image,"resources/source-cds/Merthr Tydfil (1849-1857, 1861-1896)/LR-5450-7_v2_00105.jpg","Merthr Tydfil (1849-1857, 1861-1896)/LR-5450-7_v2_00105.jpg",720953,539f8099f61565eb5f6043e931c255aa,e7f8316a7805c4eec5f103f514fca480c4d1b6e7,,,already-present-matching
membership-image,"resources/source-cds/Merthr Tydfil (1849-1857, 1861-1896)/LR-5450-7_v2_00106.jpg","Merthr Tydfil (1849-1857, 1861-1896)/LR-5450-7_v2_00106.jpg",743529,11ed771ed2219cdc5d953d6ac5726340,4e1afee533031d8fba3a3724a9106b63aa9cf00d,,,already-present-matching
membership-image,"resources/source-cds/Merthr Tydfil (1849-1857, 1861-1896)/LR-5450-7_v2_00107.jpg","Merthr Tydfil (1849-1857, 1861-1896)/LR-5450-7_v2_00107.jpg",688422,29ab0de50f279d3be866280214145f7a,3784e6c1f86073a632981fdeffa37e529108b33d,,,already-present-matching
membership-image,"resources/source-cds/Merthr Tydfil (1849-1857, 1861-1896)/LR-5450-7_v2_00108.jpg","Merthr Tydfil (1849-1857, 1861-1896)/LR-5450-7_v2_00108.jpg",719232,e770a265b9aeb22465a1562157595cb5,873bc4ca7b5e16bb426a9e33a3c6b73230d061b8,,,already-present-matching
membership-image,"resources/source-cds/Merthr Tydfil (1849-1857, 1861-1896)/LR-5450-7_v2_00109.jpg","Merthr Tydfil (1849-1857, 1861-1896)/LR-5450-7_v2_00109.jpg",711495,c7d372d474cd71149c504d85c7ae244e,ae68866588f21798c65fa7cec24875d3e079f70f,,,already-present-matching
membership-image,"resources/source-cds/Merthr Tydfil (1849-1857, 1861-1896)/LR-5450-7_v2_00110.jpg","Merthr Tydfil (1849-1857, 1861-1896)/LR-5450-7_v2_00110.jpg",732046,983311b609d6fb991a4645ffe85da6f1,219694b77ac4db140969c445b980bf7c21e7a141,,,already-present-matching
membership-image,"resources/source-cds/Merthr Tydfil (1849-1857, 1861-1896)/LR-5450-7_v2_00111.jpg","Merthr Tydfil (1849-1857, 1861-1896)/LR-5450-7_v2_00111.jpg",687812,9383c06e598843a610589e41b055191d,3c3292270d29d32eb8310f8248eeba1fc56cc54f,,,already-present-matching
membership-image,"resources/source-cds/Merthr Tydfil (1849-1857, 1861-1896)/LR-5450-7_v2_00112.jpg","Merthr Tydfil (1849-1857, 1861-1896)/LR-5450-7_v2_00112.jpg",701882,7c9fd9837c30227832d489926de58906,9e13d1f368639883eb64cab35e6fddfeecdc3252,,,already-present-matching
membership-image,"resources/source-cds/Merthr Tydfil (1849-1857, 1861-1896)/LR-5450-7_v2_00113.jpg","Merthr Tydfil (1849-1857, 1861-1896)/LR-5450-7_v2_00113.jpg",700631,2782b25292df700cbfe3a2d204c1ebb9,fa627b34ee45e5223bd9cf7208e2573df82fe709,,,already-present-matching
membership-image,"resources/source-cds/Merthr Tydfil (1849-1857, 1861-1896)/LR-5450-7_v2_00114.jpg","Merthr Tydfil (1849-1857, 1861-1896)/LR-5450-7_v2_00114.jpg",654422,7cd2cbee33015f323798f757176297c8,87daed92278c950e16204076b98f5d807a840b3b,,,already-present-matching
membership-image,"resources/source-cds/Merthr Tydfil (1849-1857, 1861-1896)/LR-5450-7_v2_00115.jpg","Merthr Tydfil (1849-1857, 1861-1896)/LR-5450-7_v2_00115.jpg",691177,21a57b1f7171a58ae81647c7530ae254,1147032f4a750d5863212d4370c60fa20c3ad58f,,,already-present-matching
membership-image,"resources/source-cds/Merthr Tydfil (1849-1857, 1861-1896)/LR-5450-7_v2_00116.jpg","Merthr Tydfil (1849-1857, 1861-1896)/LR-5450-7_v2_00116.jpg",736436,0cc7ed785c53b1d4644b9f5a35f001d1,6014ed5ae1171279b0ad8dab51535827126620a9,,,already-present-matching
membership-image,"resources/source-cds/Merthr Tydfil (1849-1857, 1861-1896)/LR-5450-7_v2_00117.jpg","Merthr Tydfil (1849-1857, 1861-1896)/LR-5450-7_v2_00117.jpg",691212,c9c81aa50575adf5a236d3be02f23b9d,5518c1f2287fdd55ac0a036475c99a49c94c267e,,,already-present-matching
membership-image,"resources/source-cds/Merthr Tydfil (1849-1857, 1861-1896)/LR-5450-7_v2_00118.jpg","Merthr Tydfil (1849-1857, 1861-1896)/LR-5450-7_v2_00118.jpg",747108,c7ef5c3116214dc3c6e3c8236c624d69,39ec4f8a6e5fb13d3587921bf29d2ebf00c845e9,,,already-present-matching
membership-image,"resources/source-cds/Merthr Tydfil (1849-1857, 1861-1896)/LR-5450-7_v2_00119.jpg","Merthr Tydfil (1849-1857, 1861-1896)/LR-5450-7_v2_00119.jpg",686072,6ebcd874b00f1dcdad77869396f0e108,2f87761bbcf8fd776729a70506b7e1b7c20843ef,,,already-present-matching
membership-image,"resources/source-cds/Merthr Tydfil (1849-1857, 1861-1896)/LR-5450-7_v2_00120.jpg","Merthr Tydfil (1849-1857, 1861-1896)/LR-5450-7_v2_00120.jpg",704808,9d0c5bbce93ba0f06970df96b8d9b359,38410940f8d63afdf4e61e84e85b6d473b74f61d,,,already-present-matching
membership-image,"resources/source-cds/Merthr Tydfil (1849-1857, 1861-1896)/LR-5450-7_v2_00121.jpg","Merthr Tydfil (1849-1857, 1861-1896)/LR-5450-7_v2_00121.jpg",669308,62ab7a77eedf2fa4d9de201818f51000,3921b47ead4fdd92b7e653e53f7187b2f5da45ea,,,already-present-matching
membership-image,"resources/source-cds/Merthr Tydfil (1849-1857, 1861-1896)/LR-5450-7_v2_00122.jpg","Merthr Tydfil (1849-1857, 1861-1896)/LR-5450-7_v2_00122.jpg",653813,a0bf6f6ca6e8771f5280beb7748a2932,f3f28f41f249d85b76124969c9cf37e3f2c21210,,,already-present-matching
membership-image,"resources/source-cds/Merthr Tydfil (1849-1857, 1861-1896)/LR-5450-7_v2_00123.jpg","Merthr Tydfil (1849-1857, 1861-1896)/LR-5450-7_v2_00123.jpg",312834,8bd94bbbea7f15df419053183b0adb7c,f505140cefa7459b7e45de5384d8a1be320c23bd,,,already-present-matching
membership-image,"resources/source-cds/Merthr Tydfil (1849-1857, 1861-1896)/LR-5450-7_v2_00124.jpg","Merthr Tydfil (1849-1857, 1861-1896)/LR-5450-7_v2_00124.jpg",597834,daa65f5f9c96ce1e00aa62d80b51b7f1,6a27bc60db88277fd482e999376de621b9407491,,,already-present-matching
membership-image,"resources/source-cds/Merthr Tydfil (1849-1857, 1861-1896)/LR-5450-7_v2_00125.jpg","Merthr Tydfil (1849-1857, 1861-1896)/LR-5450-7_v2_00125.jpg",836124,0c865a22d528ff9b37ae340fbcd6c077,bc1a6d6656d57903aa2956e61224bba1b9e6655e,,,already-present-matching
membership-image,"resources/source-cds/Merthr Tydfil (1849-1857, 1861-1896)/LR-5450-7_v2_00126.jpg","Merthr Tydfil (1849-1857, 1861-1896)/LR-5450-7_v2_00126.jpg",880273,73acd5b423beb61850a43c927d2eb568,cbde15c152239155f33912c0d646d4e50be9d219,,,already-present-matching
membership-image,"resources/source-cds/Merthr Tydfil (1849-1857, 1861-1896)/LR-5450-7_v2_00127.jpg","Merthr Tydfil (1849-1857, 1861-1896)/LR-5450-7_v2_00127.jpg",623307,1f989808f811c8b6f19f7ea34523437e,76246b28c7b2e6f2925abd309e02af7f91496240,,,already-present-matching
membership-image,"resources/source-cds/Merthr Tydfil (1849-1857, 1861-1896)/LR-5450-7_v2_00128.jpg","Merthr Tydfil (1849-1857, 1861-1896)/LR-5450-7_v2_00128.jpg",623223,023a6f023ca1c2fe134ff5dd245f3202,4d6041a84d35da2f35d8df838601f8ad769655f4,,,already-present-matching
membership-image,"resources/source-cds/Merthr Tydfil (1849-1857, 1861-1896)/LR-5450-7_v2_00129.jpg","Merthr Tydfil (1849-1857, 1861-1896)/LR-5450-7_v2_00129.jpg",604214,537ede0014377bc23ee4e28e84ac6235,593b216f0d6764047f5c46642f3cf1c656eeddd3,,,already-present-matching
membership-image,"resources/source-cds/Merthr Tydfil (1849-1857, 1861-1896)/LR-5450-7_v2_00130.jpg","Merthr Tydfil (1849-1857, 1861-1896)/LR-5450-7_v2_00130.jpg",1323865,4496dd8ddcb33ceb5f4ba402aa2c3c86,63a0bbb0d38a15b1e06a41901e9e9443184dca8b,,,already-present-matching
membership-image,"resources/source-cds/Merthr Tydfil (1849-1857, 1861-1896)/LR-5450-7_v2_00131.jpg","Merthr Tydfil (1849-1857, 1861-1896)/LR-5450-7_v2_00131.jpg",1481714,56e80a8f99000045f6206a100199a7af,d7d0043f3198b1847b12be1e28e02ce53d8d8815,,,already-present-matching
membership-image,"resources/source-cds/Merthr Tydfil (1849-1857, 1861-1896)/LR-5450-7_v2_00132.jpg","Merthr Tydfil (1849-1857, 1861-1896)/LR-5450-7_v2_00132.jpg",521131,21fe430a78874d0a3ebabd8326f47022,9cd5084a2d23bc6589e6320efb62b266c1f2fefb,,,already-present-matching
membership-image,"resources/source-cds/Merthr Tydfil (1849-1857, 1861-1896)/LR-5450-7_v3_00001.jpg","Merthr Tydfil (1849-1857, 1861-1896)/LR-5450-7_v3_00001.jpg",356443,02e4b2d4f93fd608c4763c5459711772,9c34d5d3fec66d53661704a001a14233ed099190,,,already-present-matching
membership-image,"resources/source-cds/Merthr Tydfil (1849-1857, 1861-1896)/LR-5450-7_v3_00002.jpg","Merthr Tydfil (1849-1857, 1861-1896)/LR-5450-7_v3_00002.jpg",1017378,b6a4f45cb96f7a086b18afff4966e47f,857487e0d2607474165507aa78b544417550a0de,,,already-present-matching
membership-image,"resources/source-cds/Merthr Tydfil (1849-1857, 1861-1896)/LR-5450-7_v3_00003.jpg","Merthr Tydfil (1849-1857, 1861-1896)/LR-5450-7_v3_00003.jpg",982291,7990f5b795a8a7daa0081e5577585dee,3f06b30496058bc050e219c99dad9662a63be53c,,,already-present-matching
membership-image,"resources/source-cds/Merthr Tydfil (1849-1857, 1861-1896)/LR-5450-7_v3_00004.jpg","Merthr Tydfil (1849-1857, 1861-1896)/LR-5450-7_v3_00004.jpg",532058,18370eddb1b82ca84bf99deb26fc3a6b,00f20b398a8b05398466bb5412863942ef967ff3,,,already-present-matching
membership-image,"resources/source-cds/Merthr Tydfil (1849-1857, 1861-1896)/LR-5450-7_v3_00005.jpg","Merthr Tydfil (1849-1857, 1861-1896)/LR-5450-7_v3_00005.jpg",631066,6669ebd44454b5c5d18ba436e3806d6a,bad942a224b78aaafb9426b8580e932b9a4fe421,,,already-present-matching
membership-image,"resources/source-cds/Merthr Tydfil (1849-1857, 1861-1896)/LR-5450-7_v3_00006.jpg","Merthr Tydfil (1849-1857, 1861-1896)/LR-5450-7_v3_00006.jpg",544840,644e92d222f3f1774e2f4aea0b95a0ce,08a315bc18cd254a620c8cb712f8298ced4bd011,,,already-present-matching
membership-image,"resources/source-cds/Merthr Tydfil (1849-1857, 1861-1896)/LR-5450-7_v3_00007.jpg","Merthr Tydfil (1849-1857, 1861-1896)/LR-5450-7_v3_00007.jpg",714078,cf30ef2766ae56491d2f3e908c20d846,602676b24ff3c4e34b002f1ef940cccedfea1583,,,already-present-matching
membership-image,"resources/source-cds/Merthr Tydfil (1849-1857, 1861-1896)/LR-5450-7_v3_00008.jpg","Merthr Tydfil (1849-1857, 1861-1896)/LR-5450-7_v3_00008.jpg",548419,b1a2e3cee131c4a600cf205413560c18,5d8cedffd66717c68cc6b3a9bacd5871d4d6e43e,,,already-present-matching
membership-image,"resources/source-cds/Merthr Tydfil (1849-1857, 1861-1896)/LR-5450-7_v3_00009.jpg","Merthr Tydfil (1849-1857, 1861-1896)/LR-5450-7_v3_00009.jpg",531451,b1f31f8d7ea4772676980d9c57478763,50d34007411834591ad00c8435f3f90d98926fd6,,,already-present-matching
membership-image,"resources/source-cds/Merthr Tydfil (1849-1857, 1861-1896)/LR-5450-7_v3_00010.jpg","Merthr Tydfil (1849-1857, 1861-1896)/LR-5450-7_v3_00010.jpg",565201,200f82b7f6471c858a22f4bb691d931b,644de3122b08697ec59ef6318187f0ee32fa68d1,,,already-present-matching
membership-image,"resources/source-cds/Merthr Tydfil (1849-1857, 1861-1896)/LR-5450-7_v3_00011.jpg","Merthr Tydfil (1849-1857, 1861-1896)/LR-5450-7_v3_00011.jpg",580306,db419d1e1942f32986e0c64b546e605e,86c789a81067740d870276c2a281d3347999ad08,,,already-present-matching
membership-image,"resources/source-cds/Merthr Tydfil (1849-1857, 1861-1896)/LR-5450-7_v3_00012.jpg","Merthr Tydfil (1849-1857, 1861-1896)/LR-5450-7_v3_00012.jpg",558808,67cc0d10f2c1621fc7ba51981fb0da78,f98264e7039a7e36608aca74c9418dd8936bb7ab,,,upload-new
membership-image,"resources/source-cds/Merthr Tydfil (1849-1857, 1861-1896)/LR-5450-7_v3_00013.jpg","Merthr Tydfil (1849-1857, 1861-1896)/LR-5450-7_v3_00013.jpg",540474,665d28a3271160f191d12c5ed84de3d1,56e9c7751a849c06b86ebb166de249f7781c455c,,,upload-new
membership-image,"resources/source-cds/Merthr Tydfil (1849-1857, 1861-1896)/LR-5450-7_v3_00014.jpg","Merthr Tydfil (1849-1857, 1861-1896)/LR-5450-7_v3_00014.jpg",646538,3af2622324c6d6367742f1fea33b906c,e4e89f83616da5fccb8c830c8e1115e51da45917,,,upload-new
membership-image,"resources/source-cds/Merthr Tydfil (1849-1857, 1861-1896)/LR-5450-7_v3_00015.jpg","Merthr Tydfil (1849-1857, 1861-1896)/LR-5450-7_v3_00015.jpg",617089,5bc7c1d1a7ee587849d8ac863b0a6b53,c9cee5137c80d14239b9efb5c0db112dcce05ad7,,,upload-new
membership-image,"resources/source-cds/Merthr Tydfil (1849-1857, 1861-1896)/LR-5450-7_v3_00016.jpg","Merthr Tydfil (1849-1857, 1861-1896)/LR-5450-7_v3_00016.jpg",703985,af763074755e15af53f6ae3dc26a26d3,f5019958ceddcdfa1fe9816fe53b8e3bbcc5d493,,,already-present-matching
membership-image,"resources/source-cds/Merthr Tydfil (1849-1857, 1861-1896)/LR-5450-7_v3_00017.jpg","Merthr Tydfil (1849-1857, 1861-1896)/LR-5450-7_v3_00017.jpg",648816,4e059f65f3ccc5a6121942f0bce2119b,b63c55ad64a757786755649547b36f5fd32da6de,,,already-present-matching
membership-image,"resources/source-cds/Merthr Tydfil (1849-1857, 1861-1896)/LR-5450-7_v3_00018.jpg","Merthr Tydfil (1849-1857, 1861-1896)/LR-5450-7_v3_00018.jpg",690637,86e983bd7036f6782a9ce2e6f7a376d3,054a0a666f60cdd4f72fe7bbb6692cb9f3e49470,,,already-present-matching
membership-image,"resources/source-cds/Merthr Tydfil (1849-1857, 1861-1896)/LR-5450-7_v3_00019.jpg","Merthr Tydfil (1849-1857, 1861-1896)/LR-5450-7_v3_00019.jpg",633451,ac8af34b787a3e47b4bd5c002ed6f179,a19e268c4025230eecd48ae6b46d16a565716a34,,,already-present-matching
membership-image,"resources/source-cds/Merthr Tydfil (1849-1857, 1861-1896)/LR-5450-7_v3_00020.jpg","Merthr Tydfil (1849-1857, 1861-1896)/LR-5450-7_v3_00020.jpg",715566,c4f3f97da5f01ce345292ede586436de,7e08b4756a644c42a21aea46be4cabf197634072,,,already-present-matching
membership-image,"resources/source-cds/Merthr Tydfil (1849-1857, 1861-1896)/LR-5450-7_v3_00021.jpg","Merthr Tydfil (1849-1857, 1861-1896)/LR-5450-7_v3_00021.jpg",641454,4ac14d8aa028dc623709ace8d0bbfb84,e2f8a8d251b47fa233a0cd92de2d4a027c2d8dcf,,,already-present-matching
membership-image,"resources/source-cds/Merthr Tydfil (1849-1857, 1861-1896)/LR-5450-7_v3_00022.jpg","Merthr Tydfil (1849-1857, 1861-1896)/LR-5450-7_v3_00022.jpg",665684,26e1ef64cac40d33dcf3e9f852ea15dd,1b03d98db9d1c366da464f29496c6198e78da7ad,,,already-present-matching
membership-image,"resources/source-cds/Merthr Tydfil (1849-1857, 1861-1896)/LR-5450-7_v3_00023.jpg","Merthr Tydfil (1849-1857, 1861-1896)/LR-5450-7_v3_00023.jpg",616829,aa913692af66d7d8c6a135c937b2b251,c1e116a412a1eabaccf1100cdb83270ac375a915,,,already-present-matching
membership-image,"resources/source-cds/Merthr Tydfil (1849-1857, 1861-1896)/LR-5450-7_v3_00024.jpg","Merthr Tydfil (1849-1857, 1861-1896)/LR-5450-7_v3_00024.jpg",679857,38c54089ef5b5d6909c786101ffc0e2e,1c20076dc5b0c21827fa45a33d42a72cd2dee00b,,,already-present-matching
membership-image,"resources/source-cds/Merthr Tydfil (1849-1857, 1861-1896)/LR-5450-7_v3_00025.jpg","Merthr Tydfil (1849-1857, 1861-1896)/LR-5450-7_v3_00025.jpg",634466,dcde09d34950ba3ac9dbbab867cd8046,b7e26908bc1031d69a4b7330f8bcc2cdbde227b3,,,already-present-matching
membership-image,"resources/source-cds/Merthr Tydfil (1849-1857, 1861-1896)/LR-5450-7_v3_00026.jpg","Merthr Tydfil (1849-1857, 1861-1896)/LR-5450-7_v3_00026.jpg",730114,aa770343e626fab7b759adf7bebeaecc,0c9670c72866f5582542a84f5510126c6f56b0c8,,,already-present-matching
membership-image,"resources/source-cds/Merthr Tydfil (1849-1857, 1861-1896)/LR-5450-7_v3_00027.jpg","Merthr Tydfil (1849-1857, 1861-1896)/LR-5450-7_v3_00027.jpg",650000,e7c92552a3873769447f2ffd310043a4,4ea97a6f9a904d953645a0abcc6d3ac87a93b4db,,,already-present-matching
membership-image,"resources/source-cds/Merthr Tydfil (1849-1857, 1861-1896)/LR-5450-7_v3_00028.jpg","Merthr Tydfil (1849-1857, 1861-1896)/LR-5450-7_v3_00028.jpg",719766,64d3ee282b9cd0c94e431b4f42e89059,48500ecf31b14037dc8b51e5f8c1f0e1163362f0,,,already-present-matching
membership-image,"resources/source-cds/Merthr Tydfil (1849-1857, 1861-1896)/LR-5450-7_v3_00029.jpg","Merthr Tydfil (1849-1857, 1861-1896)/LR-5450-7_v3_00029.jpg",641692,a3a2d2b18c9f797f8c66045ffa54d8d0,0ba5c73db0afdeb3eac6c6b6c12a5a95cb93e9ce,,,already-present-matching
membership-image,"resources/source-cds/Merthr Tydfil (1849-1857, 1861-1896)/LR-5450-7_v3_00030.jpg","Merthr Tydfil (1849-1857, 1861-1896)/LR-5450-7_v3_00030.jpg",694319,7854031765af73665ee5abe50d0b7e75,9d874ab2ca042f28a1ac0bdb20b7615766bf282c,,,already-present-matching
membership-image,"resources/source-cds/Merthr Tydfil (1849-1857, 1861-1896)/LR-5450-7_v3_00031.jpg","Merthr Tydfil (1849-1857, 1861-1896)/LR-5450-7_v3_00031.jpg",635451,064c35cedcf724b98bcc4fe27c405b06,611ad1e9b6b85093ef0a6bf73951473ae70e58e5,,,already-present-matching
membership-image,"resources/source-cds/Merthr Tydfil (1849-1857, 1861-1896)/LR-5450-7_v3_00032.jpg","Merthr Tydfil (1849-1857, 1861-1896)/LR-5450-7_v3_00032.jpg",691211,fd8f053d7492f9e04f0742fec226d77e,7ba2273fd1f90bc8331319db882c804c6944f49d,,,already-present-matching
membership-image,"resources/source-cds/Merthr Tydfil (1849-1857, 1861-1896)/LR-5450-7_v3_00033.jpg","Merthr Tydfil (1849-1857, 1861-1896)/LR-5450-7_v3_00033.jpg",626942,7736d86c986f7742a6154a672feb2167,7f84d3b5e96d37a6a7b7f37a1abdd8f2c325d083,,,already-present-matching
membership-image,"resources/source-cds/Merthr Tydfil (1849-1857, 1861-1896)/LR-5450-7_v3_00034.jpg","Merthr Tydfil (1849-1857, 1861-1896)/LR-5450-7_v3_00034.jpg",662382,1429914c9914e934b8adbc121b0e052a,961184ee71750c58ad2fe2ae7f4e50f1db904b13,,,already-present-matching
membership-image,"resources/source-cds/Merthr Tydfil (1849-1857, 1861-1896)/LR-5450-7_v3_00035.jpg","Merthr Tydfil (1849-1857, 1861-1896)/LR-5450-7_v3_00035.jpg",633354,d9fb1043b43ac30f93f594c780390545,3deacf111a54aa217a696d2bf5ec693a708976bf,,,already-present-matching
membership-image,"resources/source-cds/Merthr Tydfil (1849-1857, 1861-1896)/LR-5450-7_v3_00036.jpg","Merthr Tydfil (1849-1857, 1861-1896)/LR-5450-7_v3_00036.jpg",653860,af3a0ba0b490d1a42743508e54514733,6f50095bc5813a12bcef8dfd160aa129e24908ae,,,already-present-matching
membership-image,"resources/source-cds/Merthr Tydfil (1849-1857, 1861-1896)/LR-5450-7_v3_00037.jpg","Merthr Tydfil (1849-1857, 1861-1896)/LR-5450-7_v3_00037.jpg",640642,cefb20febad4dde37123383bbf0380e0,df785523b66f420c3d15900b9d7d18693064fe6f,,,already-present-matching
membership-image,"resources/source-cds/Merthr Tydfil (1849-1857, 1861-1896)/LR-5450-7_v3_00038.jpg","Merthr Tydfil (1849-1857, 1861-1896)/LR-5450-7_v3_00038.jpg",631704,581e5bb945fd1d06df5c707a723d711e,3bfcb84c763acac6f08898d14268b1a561602797,,,already-present-matching
membership-image,"resources/source-cds/Merthr Tydfil (1849-1857, 1861-1896)/LR-5450-7_v3_00039.jpg","Merthr Tydfil (1849-1857, 1861-1896)/LR-5450-7_v3_00039.jpg",651803,5ea52052a3ca93b85f8454b8d2b09207,f729b28acdedd0ae07d0021173a429de7c1998c1,,,already-present-matching
membership-image,"resources/source-cds/Merthr Tydfil (1849-1857, 1861-1896)/LR-5450-7_v3_00040.jpg","Merthr Tydfil (1849-1857, 1861-1896)/LR-5450-7_v3_00040.jpg",665336,4ff8f237ccf29c82dde0ff52b2a32328,50d1bf1f8621a0732bfaa19e4fc03f6fea7ef973,,,already-present-matching
membership-image,"resources/source-cds/Merthr Tydfil (1849-1857, 1861-1896)/LR-5450-7_v3_00041.jpg","Merthr Tydfil (1849-1857, 1861-1896)/LR-5450-7_v3_00041.jpg",667978,32e7e2a378349192f4cdbeb22e3dc80f,ca070b87d39c24a359f7ec990d3ae3adb08efb7c,,,already-present-matching
membership-image,"resources/source-cds/Merthr Tydfil (1849-1857, 1861-1896)/LR-5450-7_v3_00042.jpg","Merthr Tydfil (1849-1857, 1861-1896)/LR-5450-7_v3_00042.jpg",640911,08ac1bb2f2e3d040b94f6e7d306d841a,c15d7c24fdff97070fc6d873708f1cc490d3dc71,,,already-present-matching
membership-image,"resources/source-cds/Merthr Tydfil (1849-1857, 1861-1896)/LR-5450-7_v3_00043.jpg","Merthr Tydfil (1849-1857, 1861-1896)/LR-5450-7_v3_00043.jpg",616433,279bfe673f5620f39d1f87bf0d7f3a3c,58d18c851a13815329e3c1cc501ddcb3d76e4641,,,already-present-matching
membership-image,"resources/source-cds/Merthr Tydfil (1849-1857, 1861-1896)/LR-5450-7_v3_00044.jpg","Merthr Tydfil (1849-1857, 1861-1896)/LR-5450-7_v3_00044.jpg",655289,e5378498ec034fb372f92f8d3a5c229b,858c950921df3a0939b280e8474a0bf309fd5742,,,already-present-matching
membership-image,"resources/source-cds/Merthr Tydfil (1849-1857, 1861-1896)/LR-5450-7_v3_00045.jpg","Merthr Tydfil (1849-1857, 1861-1896)/LR-5450-7_v3_00045.jpg",633784,a278d02867031363f1017aa1bba4b6df,4a70cbbfe12f839e3e30b6e44b30df3472499f33,,,already-present-matching
membership-image,"resources/source-cds/Merthr Tydfil (1849-1857, 1861-1896)/LR-5450-7_v3_00046.jpg","Merthr Tydfil (1849-1857, 1861-1896)/LR-5450-7_v3_00046.jpg",678317,bf004ecde1fcd151dccf5eb78489a964,6c7b7ef45105d66d3529f3333a009ca96e5e7dda,,,already-present-matching
membership-image,"resources/source-cds/Merthr Tydfil (1849-1857, 1861-1896)/LR-5450-7_v3_00047.jpg","Merthr Tydfil (1849-1857, 1861-1896)/LR-5450-7_v3_00047.jpg",630945,a81ef44d2dcba0c7c6b7e86573fc0cb9,d8a9abc1fc46876ef15e94932b5ee67a5eaf1e6b,,,already-present-matching
membership-image,"resources/source-cds/Merthr Tydfil (1849-1857, 1861-1896)/LR-5450-7_v3_00048.jpg","Merthr Tydfil (1849-1857, 1861-1896)/LR-5450-7_v3_00048.jpg",631373,fb20b22b1af6f87e4b94723d67dfb7ed,7bf945c279ffba9dca7679d95989224796dc4cc3,,,already-present-matching
membership-image,"resources/source-cds/Merthr Tydfil (1849-1857, 1861-1896)/LR-5450-7_v3_00049.jpg","Merthr Tydfil (1849-1857, 1861-1896)/LR-5450-7_v3_00049.jpg",652912,7d206e6d27337d0bd7469dfc74bbae99,c37e8f5e71a20b5ecddac4d7b587edb23f097c46,,,already-present-matching
membership-image,"resources/source-cds/Merthr Tydfil (1849-1857, 1861-1896)/LR-5450-7_v3_00050.jpg","Merthr Tydfil (1849-1857, 1861-1896)/LR-5450-7_v3_00050.jpg",651097,a4de39aeb2c074d4569ea494ea430342,e059da6e21bdf863b42864d094bc263dd8cc0092,,,already-present-matching
membership-image,"resources/source-cds/Merthr Tydfil (1849-1857, 1861-1896)/LR-5450-7_v3_00051.jpg","Merthr Tydfil (1849-1857, 1861-1896)/LR-5450-7_v3_00051.jpg",647034,d65cbbf74befcda3f783f041d03a3dfb,1ab9ed2a2cbc428fa9ca7b512fcf0693dd92f774,,,already-present-matching
membership-image,"resources/source-cds/Merthr Tydfil (1849-1857, 1861-1896)/LR-5450-7_v3_00052.jpg","Merthr Tydfil (1849-1857, 1861-1896)/LR-5450-7_v3_00052.jpg",640119,544ac0e77c49a900c35ce1216ac78593,d46dc318a7641943b46d70e271470a4965a3d660,,,already-present-matching
membership-image,"resources/source-cds/Merthr Tydfil (1849-1857, 1861-1896)/LR-5450-7_v3_00053.jpg","Merthr Tydfil (1849-1857, 1861-1896)/LR-5450-7_v3_00053.jpg",621830,466e36ead2afde219fa9ebab66b962f6,781e77de23f0ebd28ff3fdc7fda553a0f26ffb1d,,,already-present-matching
membership-image,"resources/source-cds/Merthr Tydfil (1849-1857, 1861-1896)/LR-5450-7_v3_00054.jpg","Merthr Tydfil (1849-1857, 1861-1896)/LR-5450-7_v3_00054.jpg",660446,5ede669365b22d80d9a54117fb9f8343,bb948f8bfb84ceb5e46c631bb8b9124a77819a56,,,already-present-matching
membership-image,"resources/source-cds/Merthr Tydfil (1849-1857, 1861-1896)/LR-5450-7_v3_00055.jpg","Merthr Tydfil (1849-1857, 1861-1896)/LR-5450-7_v3_00055.jpg",623515,1273813be9db2c0628f43f697f045034,33baf2af4ee52450eaf4923169bf7d0b263cc2d9,,,already-present-matching
membership-image,"resources/source-cds/Merthr Tydfil (1849-1857, 1861-1896)/LR-5450-7_v3_00056.jpg","Merthr Tydfil (1849-1857, 1861-1896)/LR-5450-7_v3_00056.jpg",625371,701f6c66693b667bd796906ddb03f913,27ab5d72dff022efda78dfd791239dd5f00ee1f8,,,already-present-matching
membership-image,"resources/source-cds/Merthr Tydfil (1849-1857, 1861-1896)/LR-5450-7_v3_00057.jpg","Merthr Tydfil (1849-1857, 1861-1896)/LR-5450-7_v3_00057.jpg",645160,6c63aa5b5ad0ba5d0ff269b22b4131d3,6991230aadd0e72614cc89c595c56e1a770bed86,,,already-present-matching
membership-image,"resources/source-cds/Merthr Tydfil (1849-1857, 1861-1896)/LR-5450-7_v3_00058.jpg","Merthr Tydfil (1849-1857, 1861-1896)/LR-5450-7_v3_00058.jpg",610116,5cc591735965488bb7302c92b60fcd30,6f00a398759487076d7ecbc472b7da2211d2cad7,,,already-present-matching
membership-image,"resources/source-cds/Merthr Tydfil (1849-1857, 1861-1896)/LR-5450-7_v3_00059.jpg","Merthr Tydfil (1849-1857, 1861-1896)/LR-5450-7_v3_00059.jpg",642566,abb33c396b4237cd3018208b937f6949,5ac4c9cbaf9a43c25fdba1188f9ceb9ee723da66,,,already-present-matching
membership-image,"resources/source-cds/Merthr Tydfil (1849-1857, 1861-1896)/LR-5450-7_v3_00060.jpg","Merthr Tydfil (1849-1857, 1861-1896)/LR-5450-7_v3_00060.jpg",654024,98730b7f78315ef2fb400920b6ad99b2,09e0f7b001db584032739c940873133e241a8efa,,,already-present-matching
membership-image,"resources/source-cds/Merthr Tydfil (1849-1857, 1861-1896)/LR-5450-7_v3_00061.jpg","Merthr Tydfil (1849-1857, 1861-1896)/LR-5450-7_v3_00061.jpg",648687,6836f709f421cb4d7ac0a76395bda23b,b70e992b9072d5c885c35d7fdbe1dbc45a5eeb41,,,already-present-matching
membership-image,"resources/source-cds/Merthr Tydfil (1849-1857, 1861-1896)/LR-5450-7_v3_00062.jpg","Merthr Tydfil (1849-1857, 1861-1896)/LR-5450-7_v3_00062.jpg",640261,bf971257c25a4cb0d10f5f1bb279933e,656449a3ac91fa5fc712cd7cb5f8cd3c97f50548,,,already-present-matching
membership-image,"resources/source-cds/Merthr Tydfil (1849-1857, 1861-1896)/LR-5450-7_v3_00063.jpg","Merthr Tydfil (1849-1857, 1861-1896)/LR-5450-7_v3_00063.jpg",622685,bde8e9229f9cbc9721efe067062e4f38,dd000df7c5a90e1df714303fba34922f01ff5e7d,,,already-present-matching
membership-image,"resources/source-cds/Merthr Tydfil (1849-1857, 1861-1896)/LR-5450-7_v3_00064.jpg","Merthr Tydfil (1849-1857, 1861-1896)/LR-5450-7_v3_00064.jpg",655277,0e420d2c348d921d61bdf7b7e7ace46f,1c6312784f9ef3fffc6b2e86f2c2f6c0c589293f,,,already-present-matching
membership-image,"resources/source-cds/Merthr Tydfil (1849-1857, 1861-1896)/LR-5450-7_v3_00065.jpg","Merthr Tydfil (1849-1857, 1861-1896)/LR-5450-7_v3_00065.jpg",637634,79343d12293bcdc7585e4a38c6f0fc8d,b12151cdd4e95bd95822a790eaa2d1d142873417,,,already-present-matching
membership-image,"resources/source-cds/Merthr Tydfil (1849-1857, 1861-1896)/LR-5450-7_v3_00066.jpg","Merthr Tydfil (1849-1857, 1861-1896)/LR-5450-7_v3_00066.jpg",650805,dfbb484292b705c84d49167e3b1052a4,2578ae01d226f09495bc58427539a61e9f219aa3,,,upload-new
membership-image,"resources/source-cds/Merthr Tydfil (1849-1857, 1861-1896)/LR-5450-7_v3_00067.jpg","Merthr Tydfil (1849-1857, 1861-1896)/LR-5450-7_v3_00067.jpg",664601,e00be7fb9b1ccefde20038f966bba3bc,437c79da548f308e2cc0e54a6fbce6b4a8ab5ad2,,,upload-new
membership-image,"resources/source-cds/Merthr Tydfil (1849-1857, 1861-1896)/LR-5450-7_v3_00068.jpg","Merthr Tydfil (1849-1857, 1861-1896)/LR-5450-7_v3_00068.jpg",659819,421702dfe1bde5661c34156e098789e2,f2ad55c574d3b2005bc8b3d45dea51f4e829e088,,,already-present-matching
membership-image,"resources/source-cds/Merthr Tydfil (1849-1857, 1861-1896)/LR-5450-7_v3_00069.jpg","Merthr Tydfil (1849-1857, 1861-1896)/LR-5450-7_v3_00069.jpg",661392,380013bae69d414912ce3a1f8492f108,ef14e7a681153a2a1cb0f857a25eacef5010a3c6,,,already-present-matching
membership-image,"resources/source-cds/Merthr Tydfil (1849-1857, 1861-1896)/LR-5450-7_v3_00070.jpg","Merthr Tydfil (1849-1857, 1861-1896)/LR-5450-7_v3_00070.jpg",664533,7b32044c6e00fd723d14a501814b8c58,b601d4c8ce91944475a65f8a1bcb1cff2f167327,,,already-present-matching
membership-image,"resources/source-cds/Merthr Tydfil (1849-1857, 1861-1896)/LR-5450-7_v3_00071.jpg","Merthr Tydfil (1849-1857, 1861-1896)/LR-5450-7_v3_00071.jpg",633784,105c7767dd394a8535f829eb0ef5182a,a82171c40ab032696d628e97893db7ba3a11d6cb,,,already-present-matching
membership-image,"resources/source-cds/Merthr Tydfil (1849-1857, 1861-1896)/LR-5450-7_v3_00072.jpg","Merthr Tydfil (1849-1857, 1861-1896)/LR-5450-7_v3_00072.jpg",692436,7b0594bc37bf5ce4676c0cb101dc0dee,16d46d1667901ebf496bfb9b8d3d5613705f0d64,,,already-present-matching
membership-image,"resources/source-cds/Merthr Tydfil (1849-1857, 1861-1896)/LR-5450-7_v3_00073.jpg","Merthr Tydfil (1849-1857, 1861-1896)/LR-5450-7_v3_00073.jpg",658951,d69e612d033f6b75f235bba0981c61d7,dc03ae544877ef9f0bb3dff8d0718fb5110d4674,,,already-present-matching
membership-image,"resources/source-cds/Merthr Tydfil (1849-1857, 1861-1896)/LR-5450-7_v3_00074.jpg","Merthr Tydfil (1849-1857, 1861-1896)/LR-5450-7_v3_00074.jpg",701664,7f343c8eae58d4fc59c437490167557c,214091c5621b1ac4450346d9606aeac37bed0e60,,,already-present-matching
membership-image,"resources/source-cds/Merthr Tydfil (1849-1857, 1861-1896)/LR-5450-7_v3_00075.jpg","Merthr Tydfil (1849-1857, 1861-1896)/LR-5450-7_v3_00075.jpg",675738,44002a9237addce6aa39057cc7fe4a3f,1939a03664908d368de1f9bf7facc5b6bcb42ac6,,,already-present-matching
membership-image,"resources/source-cds/Merthr Tydfil (1849-1857, 1861-1896)/LR-5450-7_v3_00076.jpg","Merthr Tydfil (1849-1857, 1861-1896)/LR-5450-7_v3_00076.jpg",736814,a20e3ba21d7e5eef74c674afa30a539d,bed2997086a0acf7f0e1412f3c201756df555f64,,,already-present-matching
membership-image,"resources/source-cds/Merthr Tydfil (1849-1857, 1861-1896)/LR-5450-7_v3_00077.jpg","Merthr Tydfil (1849-1857, 1861-1896)/LR-5450-7_v3_00077.jpg",628376,1c9af7982b3934a4afa4c556ee78d72d,c3b3d1f7576ca6c5ea418d74669f9d613a52d75c,,,already-present-matching
membership-image,"resources/source-cds/Merthr Tydfil (1849-1857, 1861-1896)/LR-5450-7_v3_00078.jpg","Merthr Tydfil (1849-1857, 1861-1896)/LR-5450-7_v3_00078.jpg",621799,f16c2fa734133edca38622ebe1220875,68fa0195edf2e91da325f6f91634518c990afc11,,,already-present-matching
membership-image,"resources/source-cds/Merthr Tydfil (1849-1857, 1861-1896)/LR-5450-7_v3_00079.jpg","Merthr Tydfil (1849-1857, 1861-1896)/LR-5450-7_v3_00079.jpg",609119,76b4fda118bba8799b8a8c9f99fd6f28,f09d3ffc5648d9a215d29ddda52c3a180fe39850,,,already-present-matching
membership-image,"resources/source-cds/Merthr Tydfil (1849-1857, 1861-1896)/LR-5450-7_v3_00080.jpg","Merthr Tydfil (1849-1857, 1861-1896)/LR-5450-7_v3_00080.jpg",702924,d341ded16db110ef3b9684622d59ab89,23def7c4c12cdb358e648b6c25c48753130240dc,,,already-present-matching
membership-image,"resources/source-cds/Merthr Tydfil (1849-1857, 1861-1896)/LR-5450-7_v3_00081.jpg","Merthr Tydfil (1849-1857, 1861-1896)/LR-5450-7_v3_00081.jpg",636442,ebebe07d5508d6f24cb494d57bc30a4d,212f6cebad2840a20b08d91af1170a18e73d741d,,,already-present-matching
membership-image,"resources/source-cds/Merthr Tydfil (1849-1857, 1861-1896)/LR-5450-7_v3_00082.jpg","Merthr Tydfil (1849-1857, 1861-1896)/LR-5450-7_v3_00082.jpg",701925,f0f04a403f5a07072aa5e98614cf4a1e,ef77e1c5278237b78f2399624af1d9082ab08448,,,already-present-matching
membership-image,"resources/source-cds/Merthr Tydfil (1849-1857, 1861-1896)/LR-5450-7_v3_00083.jpg","Merthr Tydfil (1849-1857, 1861-1896)/LR-5450-7_v3_00083.jpg",615015,88b167c26ffcc7b60b231b6fe18595ba,19ffe69f0a80895e8eab6060cf9f4005d93ba4dd,,,already-present-matching
membership-image,"resources/source-cds/Merthr Tydfil (1849-1857, 1861-1896)/LR-5450-7_v3_00084.jpg","Merthr Tydfil (1849-1857, 1861-1896)/LR-5450-7_v3_00084.jpg",665699,4b5b79308755b7371dac388353996016,d93aebdfa956fd1117103788b8c6e5648d4ce766,,,already-present-matching
membership-image,"resources/source-cds/Merthr Tydfil (1849-1857, 1861-1896)/LR-5450-7_v3_00085.jpg","Merthr Tydfil (1849-1857, 1861-1896)/LR-5450-7_v3_00085.jpg",609867,24cf1440f96619f932bc8d124b037a0e,df87af16279ea0e6efef6cf39c1cc4685f6091c9,,,already-present-matching
membership-image,"resources/source-cds/Merthr Tydfil (1849-1857, 1861-1896)/LR-5450-7_v3_00086.jpg","Merthr Tydfil (1849-1857, 1861-1896)/LR-5450-7_v3_00086.jpg",648121,732ac89c05827a9ae2f5d09121b7fbcb,dfb310550eaa28197a41aa68323ddbcf4b08705a,,,already-present-matching
membership-image,"resources/source-cds/Merthr Tydfil (1849-1857, 1861-1896)/LR-5450-7_v3_00087.jpg","Merthr Tydfil (1849-1857, 1861-1896)/LR-5450-7_v3_00087.jpg",603106,f21759b5b56fe635d602b138fcf88fda,e448b09ab0b5278cf2a33d609c322c59db9af34c,,,already-present-matching
membership-image,"resources/source-cds/Merthr Tydfil (1849-1857, 1861-1896)/LR-5450-7_v3_00088.jpg","Merthr Tydfil (1849-1857, 1861-1896)/LR-5450-7_v3_00088.jpg",649524,8ae56a9d50a78722f54e12421abd94e8,411349f68a3da108c0d7e6ae86d448377b4dc2df,,,already-present-matching
membership-image,"resources/source-cds/Merthr Tydfil (1849-1857, 1861-1896)/LR-5450-7_v3_00089.jpg","Merthr Tydfil (1849-1857, 1861-1896)/LR-5450-7_v3_00089.jpg",602354,96bd02b95fabb0d373addb786dc73027,c5a7f8286356ae272a5b0d76e229bc0bcd5effd1,,,already-present-matching
membership-image,"resources/source-cds/Merthr Tydfil (1849-1857, 1861-1896)/LR-5450-7_v3_00090.jpg","Merthr Tydfil (1849-1857, 1861-1896)/LR-5450-7_v3_00090.jpg",651919,1c874300fff2de271a23d4e160ce41e0,f1527f0a3019073cecd8e4a18126fe3c2343f264,,,already-present-matching
membership-image,"resources/source-cds/Merthr Tydfil (1849-1857, 1861-1896)/LR-5450-7_v3_00091.jpg","Merthr Tydfil (1849-1857, 1861-1896)/LR-5450-7_v3_00091.jpg",608908,99e9b4a0f73dc36e93a373bdeff6deba,410960cd0c66fd38c77f242d51850be2091d28a7,,,already-present-matching
membership-image,"resources/source-cds/Merthr Tydfil (1849-1857, 1861-1896)/LR-5450-7_v3_00092.jpg","Merthr Tydfil (1849-1857, 1861-1896)/LR-5450-7_v3_00092.jpg",673719,9b4766357ad5a8d063a8eb2e5521ef32,63ed82f75f721acfd55b7737aa6ca1aca6b6ad43,,,already-present-matching
membership-image,"resources/source-cds/Merthr Tydfil (1849-1857, 1861-1896)/LR-5450-7_v3_00093.jpg","Merthr Tydfil (1849-1857, 1861-1896)/LR-5450-7_v3_00093.jpg",607497,6646fdf4e25826964615d0a284e442b6,e9cc5123fd2cbfe6e8ad68d7f48244c241e17a8e,,,already-present-matching
membership-image,"resources/source-cds/Merthr Tydfil (1849-1857, 1861-1896)/LR-5450-7_v3_00094.jpg","Merthr Tydfil (1849-1857, 1861-1896)/LR-5450-7_v3_00094.jpg",712297,263de72106dcfc0f61be9089362c9838,26b11a5f02133cdad28db5426a0e6bb5a449d83b,,,already-present-matching
membership-image,"resources/source-cds/Merthr Tydfil (1849-1857, 1861-1896)/LR-5450-7_v3_00095.jpg","Merthr Tydfil (1849-1857, 1861-1896)/LR-5450-7_v3_00095.jpg",595683,f5d1ae6b46baddef1ab19d3096e513a1,90f5a17cf620e0d14a8e11b8de6b99802f99f7c0,,,already-present-matching
membership-image,"resources/source-cds/Merthr Tydfil (1849-1857, 1861-1896)/LR-5450-7_v3_00096.jpg","Merthr Tydfil (1849-1857, 1861-1896)/LR-5450-7_v3_00096.jpg",723885,2e6b124bca4e88ce2bb9c45333f5d2c4,50cbbfbcaf569252b1831a89a8b8a9bfcd088fcd,,,already-present-matching
membership-image,"resources/source-cds/Merthr Tydfil (1849-1857, 1861-1896)/LR-5450-7_v3_00097.jpg","Merthr Tydfil (1849-1857, 1861-1896)/LR-5450-7_v3_00097.jpg",618273,f4ad560764d1c2c07d85ca232a34a89b,f54328dff81b50e55a92b2bda5f4af1460c281a5,,,already-present-matching
membership-image,"resources/source-cds/Merthr Tydfil (1849-1857, 1861-1896)/LR-5450-7_v3_00098.jpg","Merthr Tydfil (1849-1857, 1861-1896)/LR-5450-7_v3_00098.jpg",670055,4a19edf7ee0e07c9405f8ec8e7b75375,68ad3a3e0504eed4dcba39aac55321a51d33bda9,,,already-present-matching
membership-image,"resources/source-cds/Merthr Tydfil (1849-1857, 1861-1896)/LR-5450-7_v3_00099.jpg","Merthr Tydfil (1849-1857, 1861-1896)/LR-5450-7_v3_00099.jpg",628132,21bd1144129bcdb27508f56bf00f6b6b,7dfc2d49a3aaef0e23a9c6f85ccdd2ae48641325,,,already-present-matching
membership-image,"resources/source-cds/Merthr Tydfil (1849-1857, 1861-1896)/LR-5450-7_v3_00100.jpg","Merthr Tydfil (1849-1857, 1861-1896)/LR-5450-7_v3_00100.jpg",719356,9ec874eaa2326ccd685b1a6b8015ea30,88f6b0fc92e6bc17b3014bb88949f87acf34cfb1,,,already-present-matching
membership-image,"resources/source-cds/Merthr Tydfil (1849-1857, 1861-1896)/LR-5450-7_v3_00101.jpg","Merthr Tydfil (1849-1857, 1861-1896)/LR-5450-7_v3_00101.jpg",631079,87e5df029f8a381a8478b414912dffbe,7658757a67d2f1e5cd6b371053836c566c205a03,,,already-present-matching
membership-image,"resources/source-cds/Merthr Tydfil (1849-1857, 1861-1896)/LR-5450-7_v3_00102.jpg","Merthr Tydfil (1849-1857, 1861-1896)/LR-5450-7_v3_00102.jpg",774679,4b1dfd07a453b30b92feeeb0a05ef9f8,f8bc028f3dfcacf4a8bf8cdd9d3efc2fd77d00c5,,,already-present-matching
membership-image,"resources/source-cds/Merthr Tydfil (1849-1857, 1861-1896)/LR-5450-7_v3_00103.jpg","Merthr Tydfil (1849-1857, 1861-1896)/LR-5450-7_v3_00103.jpg",635676,86c7b06826638cb4b6daaa568a73f8ce,c58e638d3e4774b0dcdf18298ec46eac17c5a804,,,already-present-matching
membership-image,"resources/source-cds/Merthr Tydfil (1849-1857, 1861-1896)/LR-5450-7_v3_00104.jpg","Merthr Tydfil (1849-1857, 1861-1896)/LR-5450-7_v3_00104.jpg",725009,ab27e60db4826c8fc491972725afdac4,f6b0509956223bd1db19fc982c74f1074dc9c18a,,,already-present-matching
membership-image,"resources/source-cds/Merthr Tydfil (1849-1857, 1861-1896)/LR-5450-7_v3_00105.jpg","Merthr Tydfil (1849-1857, 1861-1896)/LR-5450-7_v3_00105.jpg",637195,0a46605c975155221cfb9de1487d784d,f59d3ead045b9f241aa563a2287efe87e2ae2586,,,already-present-matching
membership-image,"resources/source-cds/Merthr Tydfil (1849-1857, 1861-1896)/LR-5450-7_v3_00106.jpg","Merthr Tydfil (1849-1857, 1861-1896)/LR-5450-7_v3_00106.jpg",724098,a63186d7726f229721691857e76005ed,a47275d1980d976aa27c63c841d6ce551c85daf9,,,already-present-matching
membership-image,"resources/source-cds/Merthr Tydfil (1849-1857, 1861-1896)/LR-5450-7_v3_00107.jpg","Merthr Tydfil (1849-1857, 1861-1896)/LR-5450-7_v3_00107.jpg",612312,006a7f1de7aecc2d90f2253b4255ad77,788a58497a2ddee1d921391a9311a0669db87241,,,already-present-matching
membership-image,"resources/source-cds/Merthr Tydfil (1849-1857, 1861-1896)/LR-5450-7_v3_00108.jpg","Merthr Tydfil (1849-1857, 1861-1896)/LR-5450-7_v3_00108.jpg",664793,944944dffd9f5ef8c3bd5c0952f766e4,561946174d07d8406d59c9aff6fd6cc42f6f20e1,,,already-present-matching
membership-image,"resources/source-cds/Merthr Tydfil (1849-1857, 1861-1896)/LR-5450-7_v3_00109.jpg","Merthr Tydfil (1849-1857, 1861-1896)/LR-5450-7_v3_00109.jpg",605253,cf98d9e5bc54ee98810dcf9b98b8f3cf,db84c3192dccade8ef18be225ed91102e2ae6268,,,already-present-matching
membership-image,"resources/source-cds/Merthr Tydfil (1849-1857, 1861-1896)/LR-5450-7_v3_00110.jpg","Merthr Tydfil (1849-1857, 1861-1896)/LR-5450-7_v3_00110.jpg",603906,d0387e9096ed54462bcdafbe093192a7,ce2a7391521147f967d9e77aa4ac315a4dac26bb,,,already-present-matching
membership-image,"resources/source-cds/Merthr Tydfil (1849-1857, 1861-1896)/LR-5450-7_v3_00111.jpg","Merthr Tydfil (1849-1857, 1861-1896)/LR-5450-7_v3_00111.jpg",593542,0097eebcf68d78aa57e465f8064b1beb,5624e6c8675e466d3da1aedd8f3910892cac0acb,,,already-present-matching
membership-image,"resources/source-cds/Merthr Tydfil (1849-1857, 1861-1896)/LR-5450-7_v3_00112.jpg","Merthr Tydfil (1849-1857, 1861-1896)/LR-5450-7_v3_00112.jpg",605284,0351e5ca808bffccb52002d5151815bf,e6978f942fc89da2cf52881d9a72500cae0971b9,,,already-present-matching
membership-image,"resources/source-cds/Merthr Tydfil (1849-1857, 1861-1896)/LR-5450-7_v3_00113.jpg","Merthr Tydfil (1849-1857, 1861-1896)/LR-5450-7_v3_00113.jpg",584616,66fc934c612a612e17bdc7af42c96674,58e803862e2a310c869ec9d6cb93739a5249f723,,,already-present-matching
membership-image,"resources/source-cds/Merthr Tydfil (1849-1857, 1861-1896)/LR-5450-7_v3_00114.jpg","Merthr Tydfil (1849-1857, 1861-1896)/LR-5450-7_v3_00114.jpg",601205,4d65b5fcdd04a105d971747cd5b8b11c,c67b3e70ae3efd4c5a2b637c728a60a9051bc582,,,already-present-matching
membership-image,"resources/source-cds/Merthr Tydfil (1849-1857, 1861-1896)/LR-5450-7_v3_00115.jpg","Merthr Tydfil (1849-1857, 1861-1896)/LR-5450-7_v3_00115.jpg",576682,99ae4050975d8ee05a60e09b3a7126f0,1a6ede107fcbc7d81d2b61f480a41c18604de321,,,already-present-matching
membership-image,"resources/source-cds/Merthr Tydfil (1849-1857, 1861-1896)/LR-5450-7_v3_00116.jpg","Merthr Tydfil (1849-1857, 1861-1896)/LR-5450-7_v3_00116.jpg",602661,1dc8e26751e59df2c4b885558f482222,d06e6c5f4ed2c58dad2f289c5c23ba4bc57a1abc,,,already-present-matching
membership-image,"resources/source-cds/Merthr Tydfil (1849-1857, 1861-1896)/LR-5450-7_v3_00117.jpg","Merthr Tydfil (1849-1857, 1861-1896)/LR-5450-7_v3_00117.jpg",598226,57928521e4e3dcb55803850053b5a86c,61c4b6adf124945ab9b338a25052e718fa8dfb31,,,already-present-matching
membership-image,"resources/source-cds/Merthr Tydfil (1849-1857, 1861-1896)/LR-5450-7_v3_00118.jpg","Merthr Tydfil (1849-1857, 1861-1896)/LR-5450-7_v3_00118.jpg",617442,339b796dddad11a431defde4b49fbeeb,0ca614708e7ebfa20a4060f7697e1b1bf06a0094,,,already-present-matching
membership-image,"resources/source-cds/Merthr Tydfil (1849-1857, 1861-1896)/LR-5450-7_v3_00119.jpg","Merthr Tydfil (1849-1857, 1861-1896)/LR-5450-7_v3_00119.jpg",594992,4e0ee7d3a50ce0e741c11ddb681a5a7d,b22476e2f22bb7da84916d53a66f5ebbf0116851,,,already-present-matching
membership-image,"resources/source-cds/Merthr Tydfil (1849-1857, 1861-1896)/LR-5450-7_v3_00120.jpg","Merthr Tydfil (1849-1857, 1861-1896)/LR-5450-7_v3_00120.jpg",614016,4d2f5f8a68b9aad7d4ea138939b4441f,34272b5e1e20747f46bc8608a0fa0a0113a15b55,,,already-present-matching
membership-image,"resources/source-cds/Merthr Tydfil (1849-1857, 1861-1896)/LR-5450-7_v3_00121.jpg","Merthr Tydfil (1849-1857, 1861-1896)/LR-5450-7_v3_00121.jpg",619571,67463930e0d880103c6a05f3726ef777,05ed25b99b1fbe351cee0f3b59a35b821c534ca2,,,already-present-matching
membership-image,"resources/source-cds/Merthr Tydfil (1849-1857, 1861-1896)/LR-5450-7_v3_00122.jpg","Merthr Tydfil (1849-1857, 1861-1896)/LR-5450-7_v3_00122.jpg",607897,8f9997b290ffefba0be34c2a3142e2e5,9d909157190cf6f58427a863be37348c6b0a9f7e,,,already-present-matching
membership-image,"resources/source-cds/Merthr Tydfil (1849-1857, 1861-1896)/LR-5450-7_v3_00123.jpg","Merthr Tydfil (1849-1857, 1861-1896)/LR-5450-7_v3_00123.jpg",617221,985b9cef78601e6a538bf05b74a1a175,7fb108b4fed9614b3675fdad4aa01050e7aa4c00,,,already-present-matching
membership-image,"resources/source-cds/Merthr Tydfil (1849-1857, 1861-1896)/LR-5450-7_v3_00124.jpg","Merthr Tydfil (1849-1857, 1861-1896)/LR-5450-7_v3_00124.jpg",598741,61d997517ffb9d62f72018d2e7219a44,fa1a322a97a495be7f1f53b791b6e975c61086cb,,,already-present-matching
membership-image,"resources/source-cds/Merthr Tydfil (1849-1857, 1861-1896)/LR-5450-7_v3_00125.jpg","Merthr Tydfil (1849-1857, 1861-1896)/LR-5450-7_v3_00125.jpg",588014,c4bd65d8a9f23181258553a10eb5f7c6,a78ec9c0d58b0d5ec6b4f88ee4e885728af14809,,,already-present-matching
membership-image,"resources/source-cds/Merthr Tydfil (1849-1857, 1861-1896)/LR-5450-7_v3_00126.jpg","Merthr Tydfil (1849-1857, 1861-1896)/LR-5450-7_v3_00126.jpg",591862,c3dd4040a2bee44728a2e24793d18b88,23d7eca0601dcb4c66b181087fd1eb41c92da4c3,,,already-present-matching
membership-image,"resources/source-cds/Merthr Tydfil (1849-1857, 1861-1896)/LR-5450-7_v3_00127.jpg","Merthr Tydfil (1849-1857, 1861-1896)/LR-5450-7_v3_00127.jpg",583932,f9abb308ec5e5e518eca2c3c91bc6ba8,2a7146259f10cd2f493bac210f5c1fa29c919e11,,,already-present-matching
membership-image,"resources/source-cds/Merthr Tydfil (1849-1857, 1861-1896)/LR-5450-7_v3_00128.jpg","Merthr Tydfil (1849-1857, 1861-1896)/LR-5450-7_v3_00128.jpg",598240,c5a269d656a0c1409fb3d7e0d07157e3,b5cfb98e79d1f4d75c4d765ed9f25c6b28e969a6,,,already-present-matching
membership-image,"resources/source-cds/Merthr Tydfil (1849-1857, 1861-1896)/LR-5450-7_v3_00129.jpg","Merthr Tydfil (1849-1857, 1861-1896)/LR-5450-7_v3_00129.jpg",600015,e32ffb2e91611caf6a6b177ab6c895f3,5084849765e1183adf7ad8ad742982089ad2ad1c,,,already-present-matching
membership-image,"resources/source-cds/Merthr Tydfil (1849-1857, 1861-1896)/LR-5450-7_v3_00130.jpg","Merthr Tydfil (1849-1857, 1861-1896)/LR-5450-7_v3_00130.jpg",622136,d51118d4a566b6da7a7e35d1d661e554,be2d8397475aed5c036f78ada5ae28563dcd4453,,,already-present-matching
membership-image,"resources/source-cds/Merthr Tydfil (1849-1857, 1861-1896)/LR-5450-7_v3_00131.jpg","Merthr Tydfil (1849-1857, 1861-1896)/LR-5450-7_v3_00131.jpg",599714,658bfc51311eea91b8eb7c2792aabee1,ab19b58bff94ae9f74ba0ffbe2ca1596638b726c,,,already-present-matching
membership-image,"resources/source-cds/Merthr Tydfil (1849-1857, 1861-1896)/LR-5450-7_v3_00132.jpg","Merthr Tydfil (1849-1857, 1861-1896)/LR-5450-7_v3_00132.jpg",623389,3560762e27d5ec87247872cb5ba05259,a1fba023de707f9f26a996d0b7659264864574c9,,,already-present-matching
membership-image,"resources/source-cds/Merthr Tydfil (1849-1857, 1861-1896)/LR-5450-7_v3_00133.jpg","Merthr Tydfil (1849-1857, 1861-1896)/LR-5450-7_v3_00133.jpg",610629,db20e461eb842b73a643c4a4045b2a02,14488bd5b651c16d5c7393a7bcb5afd0e514f2fb,,,already-present-matching
membership-image,"resources/source-cds/Merthr Tydfil (1849-1857, 1861-1896)/LR-5450-7_v3_00134.jpg","Merthr Tydfil (1849-1857, 1861-1896)/LR-5450-7_v3_00134.jpg",595102,fbb5a7c14851739c38084660582bb3d3,ed9cf8fdd9c590fe13f23c389c6c4fd38730ffc2,,,already-present-matching
membership-image,"resources/source-cds/Merthr Tydfil (1849-1857, 1861-1896)/LR-5450-7_v3_00135.jpg","Merthr Tydfil (1849-1857, 1861-1896)/LR-5450-7_v3_00135.jpg",608948,d58ec0e83f204122cafaa10334fc6529,79f1c7c1ff808396194f87d48a476788aa4cf2b2,,,already-present-matching
membership-image,"resources/source-cds/Merthr Tydfil (1849-1857, 1861-1896)/LR-5450-7_v3_00136.jpg","Merthr Tydfil (1849-1857, 1861-1896)/LR-5450-7_v3_00136.jpg",605942,e40913fd5fb3e48ebedd91caddfd1a34,ddef2621d7308851c8c1f54c01e1ad8c01a466ce,,,already-present-matching
membership-image,"resources/source-cds/Merthr Tydfil (1849-1857, 1861-1896)/LR-5450-7_v3_00137.jpg","Merthr Tydfil (1849-1857, 1861-1896)/LR-5450-7_v3_00137.jpg",598314,df054d600d584aab77de6ed1d744e077,fe5c29231fd607e290d3c4bb21f039fdf5c9c182,,,already-present-matching
membership-image,"resources/source-cds/Merthr Tydfil (1849-1857, 1861-1896)/LR-5450-7_v3_00138.jpg","Merthr Tydfil (1849-1857, 1861-1896)/LR-5450-7_v3_00138.jpg",579357,ab6bfa2399bb9af672d2b5a7cebb9d48,5e96f9bbe6abac57becf855fa46cdf0d11c9761a,,,already-present-matching
membership-image,"resources/source-cds/Merthr Tydfil (1849-1857, 1861-1896)/LR-5450-7_v3_00139.jpg","Merthr Tydfil (1849-1857, 1861-1896)/LR-5450-7_v3_00139.jpg",594669,15b28eabdb5c5c09aa5894d2def089aa,878d39496596daa55d4d43099389f710128e0651,,,already-present-matching
membership-image,"resources/source-cds/Merthr Tydfil (1849-1857, 1861-1896)/LR-5450-7_v3_00140.jpg","Merthr Tydfil (1849-1857, 1861-1896)/LR-5450-7_v3_00140.jpg",591599,5260f983507644a2ba6f8057c8e7d5aa,1d3b7e5ea2c517797f4278bd0f927262485adc67,,,already-present-matching
membership-image,"resources/source-cds/Merthr Tydfil (1849-1857, 1861-1896)/LR-5450-7_v3_00141.jpg","Merthr Tydfil (1849-1857, 1861-1896)/LR-5450-7_v3_00141.jpg",600347,d0fd342b31bc6cc98d55f9b655e6f23d,ef710db3c62215b900bb599b1cabcc71c8188c66,,,already-present-matching
membership-image,"resources/source-cds/Merthr Tydfil (1849-1857, 1861-1896)/LR-5450-7_v3_00142.jpg","Merthr Tydfil (1849-1857, 1861-1896)/LR-5450-7_v3_00142.jpg",575808,af681a6311f042a4ff9a214314663ba9,592a62ce813cb20fbda142eeeb8e6a92e51f1a25,,,already-present-matching
membership-image,"resources/source-cds/Merthr Tydfil (1849-1857, 1861-1896)/LR-5450-7_v3_00143.jpg","Merthr Tydfil (1849-1857, 1861-1896)/LR-5450-7_v3_00143.jpg",816362,f409e9eebc29a1d036ddf49066336ed4,8191a9621d601b06cc4a163c805f529cde014670,,,already-present-matching
membership-image,"resources/source-cds/Merthr Tydfil (1849-1857, 1861-1896)/LR-5450-7_v3_00144.jpg","Merthr Tydfil (1849-1857, 1861-1896)/LR-5450-7_v3_00144.jpg",766648,75f97be1ebaa57ec7e33274d7e22a638,63cef5ed7913adb68c6c8b0ed087c58d14acc012,,,already-present-matching
membership-image,"resources/source-cds/Merthr Tydfil (1849-1857, 1861-1896)/LR-5450-7_v3_00145.jpg","Merthr Tydfil (1849-1857, 1861-1896)/LR-5450-7_v3_00145.jpg",748818,3ff1a44963dc523fda5bfabbad9ebc29,e26ddd7512a0caf56a57983431e474b6e974beb4,,,already-present-matching
membership-image,"resources/source-cds/Merthr Tydfil (1849-1857, 1861-1896)/LR-5450-7_v3_00146.jpg","Merthr Tydfil (1849-1857, 1861-1896)/LR-5450-7_v3_00146.jpg",795924,0e88a27fc689caf99cf4f3892b02c7e9,d412a1c14cf03c7a0bb14c33f7e526d524948435,,,already-present-matching
membership-image,"resources/source-cds/Merthr Tydfil (1849-1857, 1861-1896)/LR-5450-7_v3_00147.jpg","Merthr Tydfil (1849-1857, 1861-1896)/LR-5450-7_v3_00147.jpg",735464,ead91e0cc005f1684d967b67470aba5e,7c96ef63fff6254b9881c9cb1ec736c4770d979a,,,already-present-matching
membership-image,"resources/source-cds/Merthr Tydfil (1849-1857, 1861-1896)/LR-5450-7_v3_00148.jpg","Merthr Tydfil (1849-1857, 1861-1896)/LR-5450-7_v3_00148.jpg",712057,c2975b533cae19fa131eb907e92edc4b,562a66f2870057b77a13e1a2b11045edd7b416a7,,,already-present-matching
membership-image,"resources/source-cds/Merthr Tydfil (1849-1857, 1861-1896)/LR-5450-7_v3_00149.jpg","Merthr Tydfil (1849-1857, 1861-1896)/LR-5450-7_v3_00149.jpg",666287,6cc5b20be073faa9334a52340f0e9cf9,cad135fc4ff0b13d3e14a3b3cf84f772ca3aa543,,,already-present-matching
membership-image,"resources/source-cds/Merthr Tydfil (1849-1857, 1861-1896)/LR-5450-7_v3_00150.jpg","Merthr Tydfil (1849-1857, 1861-1896)/LR-5450-7_v3_00150.jpg",558880,4ef7596d809e3f9e4a556832e284fcec,9e6d228880856f0f2490c51cb234266c724373f6,,,already-present-matching
membership-image,"resources/source-cds/Merthr Tydfil (1849-1857, 1861-1896)/LR-5450-7_v3_00151.jpg","Merthr Tydfil (1849-1857, 1861-1896)/LR-5450-7_v3_00151.jpg",556728,b3411875d66137c198762518ef0dc262,acfb421bcba121e75bb0e28a69458bae18eb72e6,,,already-present-matching
membership-image,"resources/source-cds/Merthr Tydfil (1849-1857, 1861-1896)/LR-5450-7_v3_00152.jpg","Merthr Tydfil (1849-1857, 1861-1896)/LR-5450-7_v3_00152.jpg",583334,1cabbffd4b23f3928c72d54fe3cf53a0,477896624548690eb0fd92988c103d94bafc9bc2,,,already-present-matching
membership-image,"resources/source-cds/Merthr Tydfil (1849-1857, 1861-1896)/LR-5450-7_v3_00153.jpg","Merthr Tydfil (1849-1857, 1861-1896)/LR-5450-7_v3_00153.jpg",552679,fac3109c2d086f5e277ef16bdf73adf0,2bdd27be3e8abd7196e9be30ca53bb2be8bed03d,,,already-present-matching
membership-image,"resources/source-cds/Merthr Tydfil (1849-1857, 1861-1896)/LR-5450-7_v3_00154.jpg","Merthr Tydfil (1849-1857, 1861-1896)/LR-5450-7_v3_00154.jpg",581196,e6b8d813d478d1a801d4e93f105c70f2,c5c58e53f3b7c2002708d812e96274f92313ce29,,,already-present-matching
membership-image,"resources/source-cds/Merthr Tydfil (1849-1857, 1861-1896)/LR-5450-7_v3_00155.jpg","Merthr Tydfil (1849-1857, 1861-1896)/LR-5450-7_v3_00155.jpg",565538,8f108349001bc9b32e8b3b356f571440,0496c8481c9d52fb2486b8d3dff5e304d015a8d4,,,already-present-matching
membership-image,"resources/source-cds/Merthr Tydfil (1849-1857, 1861-1896)/LR-5450-7_v3_00156.jpg","Merthr Tydfil (1849-1857, 1861-1896)/LR-5450-7_v3_00156.jpg",559589,e45211749da00219567e95c2edb7236b,e4fed4d99dd2e1574c7237b5977b2596e629731f,,,already-present-matching
membership-image,"resources/source-cds/Merthr Tydfil (1849-1857, 1861-1896)/LR-5450-7_v3_00157.jpg","Merthr Tydfil (1849-1857, 1861-1896)/LR-5450-7_v3_00157.jpg",551309,2f420a6f66d7fc80d8d14886f1cdd7f7,a178542228944e401c2d4c8095a2c9039f65a686,,,already-present-matching
membership-image,"resources/source-cds/Merthr Tydfil (1849-1857, 1861-1896)/LR-5450-7_v3_00158.jpg","Merthr Tydfil (1849-1857, 1861-1896)/LR-5450-7_v3_00158.jpg",986025,0756f89f52edbe3b1d30cade4fec84fd,075454dccfaaefd688918f7681ba215e33afd177,,,already-present-matching
membership-image,"resources/source-cds/Merthr Tydfil (1849-1857, 1861-1896)/LR-5450-7_v3_00159.jpg","Merthr Tydfil (1849-1857, 1861-1896)/LR-5450-7_v3_00159.jpg",994378,c78c4b1383a14d65b0448d5696b882e6,14e5bd045f86fc8c12223c5838ddbc9565162110,,,already-present-matching
membership-image,resources/source-cds/Pontypool (and minutes from Abersychan) -2/LR-708611_v1_M_00103.jpg,Pontypool (and minutes from Abersychan) -2/LR-708611_v1_M_00103.jpg,465547,3c5081f946666bfa77bca6fdc1f14ecc,ffd78be778fa87cda71cbd23d4b01080c3543e69,,,already-present-matching
membership-image,resources/source-cds/Pontypool (and minutes from Abersychan) -2/LR-708611_v1_M_00104.jpg,Pontypool (and minutes from Abersychan) -2/LR-708611_v1_M_00104.jpg,479256,6ab9b424607951098242a1bfd9ef96a4,68eaaa4e502ced74c49c25d8f66de53ca864fab2,,,already-present-matching
membership-image,resources/source-cds/Pontypool (and minutes from Abersychan) -2/LR-708611_v1_M_00105.jpg,Pontypool (and minutes from Abersychan) -2/LR-708611_v1_M_00105.jpg,490982,d4f8c83665bdb4e009661a72d78f8dbf,7c05bb40d3bf0559b227eb712289dbdf2d04aa6c,,,already-present-matching
membership-image,resources/source-cds/Pontypool (and minutes from Abersychan) -2/LR-708611_v1_M_00106.jpg,Pontypool (and minutes from Abersychan) -2/LR-708611_v1_M_00106.jpg,437861,72b4074a134f2c29d5c5b36bac03406d,5cbf91f7c299096eb96f28bf10e64512669d0fab,,,already-present-matching
membership-image,resources/source-cds/Pontypool (and minutes from Abersychan) -2/LR-708611_v1_M_00107.jpg,Pontypool (and minutes from Abersychan) -2/LR-708611_v1_M_00107.jpg,502239,a12947a91face368287ea2b203f07b7f,8fb6904c40f12430e042c1a6affcdc1470b00efa,,,already-present-matching
membership-image,resources/source-cds/Pontypool (and minutes from Abersychan) -2/LR-708611_v1_M_00108.jpg,Pontypool (and minutes from Abersychan) -2/LR-708611_v1_M_00108.jpg,454715,e3a7b0fa46090938324109fb7157383d,7b86f7e580f25e65bbebb0d9614be28643916064,,,already-present-matching
membership-image,resources/source-cds/Pontypool (and minutes from Abersychan) -2/LR-708611_v1_M_00109.jpg,Pontypool (and minutes from Abersychan) -2/LR-708611_v1_M_00109.jpg,496382,e96444629fcf2efc6a9dec604a2e242e,e7a787f81ba71aa456183560dfab73cc9dc63187,,,already-present-matching
membership-image,resources/source-cds/Pontypool (and minutes from Abersychan) -2/LR-708611_v1_M_00110.jpg,Pontypool (and minutes from Abersychan) -2/LR-708611_v1_M_00110.jpg,449796,73554131cfb9449f3f96406ceca03788,21ad8d4caf1a02b8f42243a58146af6e36609261,,,already-present-matching
membership-image,resources/source-cds/Pontypool (and minutes from Abersychan) -2/LR-708611_v1_M_00111.jpg,Pontypool (and minutes from Abersychan) -2/LR-708611_v1_M_00111.jpg,501303,1d6914b8d2f2009ec47b399206819329,1aaa2631d2db8a64de5677f458182c50d4bebd00,,,already-present-matching
membership-image,resources/source-cds/Pontypool (and minutes from Abersychan) -2/LR-708611_v1_M_00112.jpg,Pontypool (and minutes from Abersychan) -2/LR-708611_v1_M_00112.jpg,471259,acb7c676de4fbe3926ab3f4f3d2861f9,b672ba173b1962bcf22afbd37eedee38ae946f53,,,upload-new
membership-image,resources/source-cds/Pontypool (and minutes from Abersychan) -2/LR-708611_v1_M_00113.jpg,Pontypool (and minutes from Abersychan) -2/LR-708611_v1_M_00113.jpg,419018,1e726518c74e3f06a330357049ac91b0,78de61db325e53fb170bc2d0b9535d667e252634,,,upload-new
membership-image,resources/source-cds/Pontypool (and minutes from Abersychan) -2/LR-708611_v1_M_00114.jpg,Pontypool (and minutes from Abersychan) -2/LR-708611_v1_M_00114.jpg,466219,23076137b65e10e2bbf761050781ecab,3aeaff7c90a8e8073853582fa498e51ed9464bc6,,,already-present-matching
membership-image,resources/source-cds/Pontypool (and minutes from Abersychan) -2/LR-708611_v1_M_00115.jpg,Pontypool (and minutes from Abersychan) -2/LR-708611_v1_M_00115.jpg,483305,1d9126e57c99b16463842e3bd5c2b41c,962b21615cce8ea79d7f6561835f0a350e999dd3,,,already-present-matching
membership-image,resources/source-cds/Pontypool (and minutes from Abersychan) -2/LR-708611_v1_M_00116.jpg,Pontypool (and minutes from Abersychan) -2/LR-708611_v1_M_00116.jpg,436523,da20283d804f940682779c951ced6b89,697148f11c175b2f4f7e546792c5c88da0286a2b,,,already-present-matching
membership-image,resources/source-cds/Pontypool (and minutes from Abersychan) -2/LR-708611_v1_M_00117.jpg,Pontypool (and minutes from Abersychan) -2/LR-708611_v1_M_00117.jpg,464094,6df561888640a6fb3b32c6963ab98ac4,3becd77dc7a762a4e08d8b4bea2ace8acd06647a,,,already-present-matching
membership-image,resources/source-cds/Pontypool (and minutes from Abersychan) -2/LR-708611_v1_M_00118.jpg,Pontypool (and minutes from Abersychan) -2/LR-708611_v1_M_00118.jpg,451964,359ba284c582a4b00a90e668138f204c,b0ae578c3d2b8e16b58148ecf95801afa9a13ce3,,,already-present-matching
membership-image,resources/source-cds/Pontypool (and minutes from Abersychan) -2/LR-708611_v1_M_00119.jpg,Pontypool (and minutes from Abersychan) -2/LR-708611_v1_M_00119.jpg,477479,3bfcada64ac2943a3696aee583f8aa80,9d8dedd2f3865233db19614bafbf42b332d97d58,,,already-present-matching
membership-image,resources/source-cds/Pontypool (and minutes from Abersychan) -2/LR-708611_v1_M_00120.jpg,Pontypool (and minutes from Abersychan) -2/LR-708611_v1_M_00120.jpg,362569,bc26670725eb5b0715e4862503d72541,3f4331e81bbcf99ad8a207373d8ab787dc1c41c9,,,already-present-matching
membership-image,resources/source-cds/Pontypool (and minutes from Abersychan) -2/LR-708611_v1_M_00121.jpg,Pontypool (and minutes from Abersychan) -2/LR-708611_v1_M_00121.jpg,366218,d0ae89c588749b693878037f45bba700,3ffc15d2cb39a971039b05ba6add0c872b2602c9,,,already-present-matching
membership-image,resources/source-cds/Pontypool (and minutes from Abersychan) -2/LR-708611_v1_M_00122.jpg,Pontypool (and minutes from Abersychan) -2/LR-708611_v1_M_00122.jpg,417652,4754cbe39488adb807a45ddf40564d28,2b16ba62cb43b45fb40a1f066a8b83cd8a2708a3,,,already-present-matching
membership-image,resources/source-cds/Pontypool (and minutes from Abersychan) -2/LR-708611_v1_M_00123.jpg,Pontypool (and minutes from Abersychan) -2/LR-708611_v1_M_00123.jpg,305302,296a796153d6d6e04bdd301db5d7b4cf,4bfeb8013f3efac16905e0250ae71844b11d9ad8,,,already-present-matching
membership-image,resources/source-cds/Pontypool (and minutes from Abersychan) -2/LR-708611_v1_M_00124.jpg,Pontypool (and minutes from Abersychan) -2/LR-708611_v1_M_00124.jpg,320643,40d4f141bf7c8b8eb6c1c3ee75f08b12,cce5cc8175520094a136c73a51940d00c497a067,,,already-present-matching
membership-image,resources/source-cds/Pontypool (and minutes from Abersychan) -2/LR-708611_v1_M_00125.jpg,Pontypool (and minutes from Abersychan) -2/LR-708611_v1_M_00125.jpg,325045,b407ecccea31d15d5564d4a7a5d6906c,917ba2f94cca8da5cd0c2a45c34c01f6e8857e35,,,already-present-matching
membership-image,resources/source-cds/Pontypool (and minutes from Abersychan) -2/LR-708611_v1_M_00126.jpg,Pontypool (and minutes from Abersychan) -2/LR-708611_v1_M_00126.jpg,376768,c0b8f95c4d931604dbea85256e04e2a1,653dd13bf6a2726e6390e287c4c76e9e8cbd226f,,,already-present-matching
membership-image,resources/source-cds/Ystrad (1902-1910) - General Minutes/LR 165 7_00101.jpg,Ystrad (1902-1910) - General Minutes/LR 165 7_00101.jpg,872698,af9bb3ea441363610dcf3da8e1f6da59,e40297fe2714537ec45983de19ac45281a831a0d,,,already-present-matching
membership-image,resources/source-cds/Ystrad (1902-1910) - General Minutes/LR 165 7_00102.jpg,Ystrad (1902-1910) - General Minutes/LR 165 7_00102.jpg,778993,469f257ad787d4b127de5f99bb126fd2,f0350ec213d5575aa8211d3083977f83cb476a67,,,already-present-matching
membership-image,resources/source-cds/Ystrad (1902-1910) - General Minutes/LR 165 7_00103.jpg,Ystrad (1902-1910) - General Minutes/LR 165 7_00103.jpg,639456,050f3f32d68ad2913474375c2dd02b64,2eaf59f0cea7944830dd787620e3cc2f4f1537f4,,,already-present-matching
membership-image,resources/source-cds/Ystrad (1902-1910) - General Minutes/LR 165 7_00104.jpg,Ystrad (1902-1910) - General Minutes/LR 165 7_00104.jpg,722109,26fc29aef89267c5a55e4d71e2167216,432898f40e215859438ee3b01b7ba42c083270fe,,,already-present-matching
membership-image,resources/source-cds/Ystrad (1902-1910) - General Minutes/LR 165 7_00105.jpg,Ystrad (1902-1910) - General Minutes/LR 165 7_00105.jpg,603148,f6843e01c093874683d0e9455841021f,c65e39a07ee6997289ec8fa45d46821c7afdda94,,,already-present-matching
membership-image,resources/source-cds/Ystrad (1902-1910) - General Minutes/LR 165 7_00106.jpg,Ystrad (1902-1910) - General Minutes/LR 165 7_00106.jpg,639403,ec90704e3d1ecf402d816837c2fc5c25,4f76e6b1bcdbc9fa479e3d39921ad6a4fa90fc0e,,,already-present-matching
membership-image,resources/source-cds/Ystrad (1902-1910) - General Minutes/LR 165 7_00107.jpg,Ystrad (1902-1910) - General Minutes/LR 165 7_00107.jpg,589067,78c3def4e0ab54a3d316f236b64e866f,0a41a80b2da5caec0095fc1c066993b8d7b74daf,,,already-present-matching
membership-image,resources/source-cds/Ystrad (1902-1910) - General Minutes/LR 165 7_00108.jpg,Ystrad (1902-1910) - General Minutes/LR 165 7_00108.jpg,631050,6c8a414c070b9cfeaed0a0dfddcfee1b,9f3114b050353cc6207b48501edd4be540dbba61,,,already-present-matching
membership-image,resources/source-cds/Ystrad (1902-1910) - General Minutes/LR 165 7_00109.jpg,Ystrad (1902-1910) - General Minutes/LR 165 7_00109.jpg,601393,1675006cf64f9cfd1309daa50a0a20c9,0d0eecd504daa006f3c4e476cb6c7dd4eacf6be6,,,already-present-matching
membership-image,resources/source-cds/Ystrad (1902-1910) - General Minutes/LR 165 7_00110.jpg,Ystrad (1902-1910) - General Minutes/LR 165 7_00110.jpg,613053,723ccc905d62dafe7cca8d2da3dffec4,3b7f03442afa2b3ee17cb8e06ca07fc30223fb3d,,,already-present-matching
membership-image,resources/source-cds/Ystrad (1902-1910) - General Minutes/LR 165 7_00111.jpg,Ystrad (1902-1910) - General Minutes/LR 165 7_00111.jpg,593690,bb93c4e9768904861c95df395076f56a,634e316ad5ce82c90ae01231aaeaf0d194892396,,,already-present-matching
membership-image,resources/source-cds/Ystrad (1902-1910) - General Minutes/LR 165 7_00112.jpg,Ystrad (1902-1910) - General Minutes/LR 165 7_00112.jpg,623903,c028eb260742c8f3bc425fa440b69f79,8f1b57ed7090485dbeb4c06cf0179e5f2f0bbc4a,,,already-present-matching
membership-image,resources/source-cds/Ystrad (1902-1910) - General Minutes/LR 165 7_00113.jpg,Ystrad (1902-1910) - General Minutes/LR 165 7_00113.jpg,627104,b01e6d09adc4257e32157c5f04853b7a,23f0f66e42c3f1507aa68ff4cd21d2152273a110,,,already-present-matching
membership-image,resources/source-cds/Ystrad (1902-1910) - General Minutes/LR 165 7_00114.jpg,Ystrad (1902-1910) - General Minutes/LR 165 7_00114.jpg,613102,303c1c262005751da3c4c2447134d446,08a186e399c40da16ec648098f627e8c8b8a79d7,,,already-present-matching
membership-image,resources/source-cds/Ystrad (1902-1910) - General Minutes/LR 165 7_00115.jpg,Ystrad (1902-1910) - General Minutes/LR 165 7_00115.jpg,643361,96002ccad2263b30404f720b9d6c855d,879f4c4c684d4d840b7a8a10af58d84f2e8ec3b0,,,already-present-matching
membership-image,resources/source-cds/Ystrad (1902-1910) - General Minutes/LR 165 7_00116.jpg,Ystrad (1902-1910) - General Minutes/LR 165 7_00116.jpg,601097,51e7f33737b5a21e9889f01dbf60f684,828a761837c6d62cf34a4f80de1a69ba14dd656c,,,already-present-matching
membership-image,resources/source-cds/Ystrad (1902-1910) - General Minutes/LR 165 7_00117.jpg,Ystrad (1902-1910) - General Minutes/LR 165 7_00117.jpg,637911,c41f69de964f1d4878ce0a54190e17ce,dcf711ba1d57900a90f8514c5c110ee85e57b56f,,,already-present-matching
membership-image,resources/source-cds/Ystrad (1902-1910) - General Minutes/LR 165 7_00118.jpg,Ystrad (1902-1910) - General Minutes/LR 165 7_00118.jpg,619362,843815d6a1a7c507b177032f8998bc6d,36f858d8b19d625c3e73b832cc5de8024c20804c,,,already-present-matching
membership-image,resources/source-cds/Ystrad (1902-1910) - General Minutes/LR 165 7_00119.jpg,Ystrad (1902-1910) - General Minutes/LR 165 7_00119.jpg,584008,ea1ecdffd6094016fd59b70715c53fec,f6194ab19f54bef03b8be5057fadcca295b9255e,,,already-present-matching
membership-image,resources/source-cds/Ystrad (1902-1910) - General Minutes/LR 165 7_00120.jpg,Ystrad (1902-1910) - General Minutes/LR 165 7_00120.jpg,591041,d113b2c2581b36d1f80efeb9e26c8bf9,c663e579b99665d6fe1ce618cd3004e5094a9e19,,,already-present-matching
membership-image,resources/source-cds/Ystrad (1902-1910) - General Minutes/LR 165 7_00121.jpg,Ystrad (1902-1910) - General Minutes/LR 165 7_00121.jpg,1129259,254eba4f59ab1aed2624a457f0a44331,705e933a4fd61b5b3e90da159a7cac655cf3fd63,,,already-present-matching
membership-image,resources/source-cds/Ystrad (1902-1910) - General Minutes/LR 165 7_00122.jpg,Ystrad (1902-1910) - General Minutes/LR 165 7_00122.jpg,1030410,9a918810e771aabc05a5645999f59e44,303e3b7e55628611be33ca2d82862a64b6fa64a1,,,already-present-matching
membership-image,resources/source-cds/Ystrad (1902-1910) - General Minutes/LR 165 7_00124.jpg,Ystrad (1902-1910) - General Minutes/LR 165 7_00124.jpg,365288,6b4619b13e3faf0c11703a6f8a18a85c,9417d03b4b54aecb883a656138dcb63576981e69,,,already-present-matching
transcription-pdf,resources/transcriptions/A - CDs 35-39 (1 of 2) - Typed Transcripts.pdf,"35-Cardiff,1851-1867,Donations,LR141622/Transcriptions/A - CDs 35-39 (1 of 2) - Typed Transcripts.pdf",8373014,9f50b44bb5b6dc9db2f6b09290b82215,9379e2af3f32a35413613297617d5eea526e2ba0,A - CDs 35-39 (1 of 2) - Typed Transcripts.pdf,1-86,already-present-matching
transcription-pdf,resources/transcriptions/A - CDs 35-39 (2 of 2) - Typed Transcripts.pdf,"38-Glamorgan East Conference,1853-1863,LR1761621/Transcriptions/A - CDs 35-39 (2 of 2) - Typed Transcripts.pdf",78187739,1d06747b555b58d7e333472c8f6a432f,4769b1dccf58cf6349370b61278ad6d79eb74310,A - CDs 35-39 (2 of 2) - Typed Transcripts.pdf,1-116,already-present-matching
transcription-pdf,resources/transcriptions/A - CDs 39 - Typed Transcripts.pdf,"26-Ebbro Vale,1847-1864,LR98467/Transcriptions/A - CDs 39 - Typed Transcripts.pdf",37436481,603b4fa1f0744e78f198088ff2ca8c8e,9174ea324fa6a0de43c6a6c88a0e44ec2f15e450,A - CDs 39 - Typed Transcripts.pdf,1-44,already-present-matching
transcription-pdf,resources/transcriptions/A - CDs 40-43 (1 of 2) - Typed Transcripts.pdf,"38-Glamorgan East Conference,1853-1863,LR1761621/Transcriptions/A - CDs 40-43 (1 of 2) - Typed Transcripts.pdf",6205923,b4459e35825e060378891d8e1d17e0e7,e8e1fa8d4660c9675db21bf7f9acc2b93d871322,A - CDs 40-43 (1 of 2) - Typed Transcripts.pdf,1-80,already-present-matching
transcription-pdf,"output/pdf/internet-archive-transcriptions/East Glamorgan Conference Minutes, 1851-1852 - Source CDs 40-43 Part 2.pdf","38-Glamorgan East Conference,1853-1863,LR1761621/Transcriptions/East Glamorgan Conference Minutes, 1851-1852 - Source CDs 40-43 Part 2.pdf",5978072,d01b3600a5f3b74086bfeb6b5dc47283,07f119a2247a5fd99c472ae1edfbb2339d47ffdf,A - CDs 40-43 (2 of 2) - Typed Transcripts.pdf,1-82,already-present-matching
transcription-pdf,"output/pdf/internet-archive-transcriptions/Western Glamorgan Conference Minutes, 1851-1870 - Source CDs 40-43 Part 2.pdf","Western Glamorgan Conference,1851-1870,LR1761721/Transcriptions/Western Glamorgan Conference Minutes, 1851-1870 - Source CDs 40-43 Part 2.pdf",1226462,2dfd79161193e4e96cf7009417642a92,d2c795ed1a91a6cf7bcc36963c9d3e7de16de929,A - CDs 40-43 (2 of 2) - Typed Transcripts.pdf,83-103,already-present-matching
transcription-pdf,"output/pdf/internet-archive-transcriptions/Llanelli General Minutes, 1855-1861 - Catalog and Transcription Status.pdf","11-Llanelli,1847-1868,LR117577/Transcriptions/Llanelli General Minutes, 1855-1861 - Catalog and Transcription Status.pdf",43924,3100d7db1bf31f9a2cac87ba4e185d13,4a9ee476163ea8e775a83056fb94f9eb1e64ed15,A - CDs 40-43 (2 of 2) - Typed Transcripts.pdf,104,already-present-matching
transcription-pdf,"output/pdf/internet-archive-transcriptions/Welsh District General Minutes, 1898-1911 - Source CDs 40-43 Part 2.pdf","Welsh District,1849-1911,LR1001111/Transcriptions/Welsh District General Minutes, 1898-1911 - Source CDs 40-43 Part 2.pdf",3509919,3559ed39ec92351c64f104d1684e3c99,6d216e5e6b4c246ece910404f86ffd95dfc966de,A - CDs 40-43 (2 of 2) - Typed Transcripts.pdf,105-155,already-present-matching
transcription-pdf,"output/pdf/internet-archive-transcriptions/Stepaside General Minutes, 1858-1860 - Source CDs 44-59.pdf","Stepaside,1858-1860,LR1272711/Transcriptions/Stepaside General Minutes, 1858-1860 - Source CDs 44-59.pdf",2118605,59ba11df00cad5e8b83666bbf3bf88e7,978551a2d0f28ccdcb67b2d49efba2997bd7f5e9,A - CDs 44-59 - Typed Transcripts.pdf,2-33,already-present-matching
transcription-pdf,"output/pdf/internet-archive-transcriptions/Neath Primary Minutes, 1882-1883 - Catalog and Transcription Status.pdf","Neath,1882-1883,Primary Minutes,LR1201521/Transcriptions/Neath Primary Minutes, 1882-1883 - Catalog and Transcription Status.pdf",37213,13d79be49c5b9be64a2bed220c7ca51d,8fac146c05800e0a804160f8c56e82183d3a0723,A - CDs 44-59 - Typed Transcripts.pdf,34,already-present-matching
transcription-pdf,"output/pdf/internet-archive-transcriptions/Swansea Confidential Minutes, 1877-1881 - Source CDs 44-59.pdf","Swansea,Confidential Minutes,1877-1881,LR886310/Transcriptions/Swansea Confidential Minutes, 1877-1881 - Source CDs 44-59.pdf",1358686,168b742a0b4bcd95e8bdaf48a947a0b1,cfd11adf90e83c7f2b65a0bb55d63eb18884f700,A - CDs 44-59 - Typed Transcripts.pdf,35-45,already-present-matching
transcription-pdf,"output/pdf/internet-archive-transcriptions/Welsh Conference Minutes, 1884 - Catalog and Transcription Status.pdf","Welsh Conference,1884,LR1001123/Transcriptions/Welsh Conference Minutes, 1884 - Catalog and Transcription Status.pdf",34875,e6bcefec08612cd532c83cc6bc1e2aba,8f8bbda34f045e4e37542b395f20415aabd21e48,A - CDs 44-59 - Typed Transcripts.pdf,46,already-present-matching
transcription-pdf,"output/pdf/internet-archive-transcriptions/Tredegar District Confidential Minutes, 1879-1882 - Source CDs 44-59.pdf","Tredegar District (1879-1882) - Confidential Minutes/Transcriptions/Tredegar District Confidential Minutes, 1879-1882 - Source CDs 44-59.pdf",3962979,b227421de2076f79a1ae4310a0156b17,1facc2f94445127d491f13587b624346d081c472,A - CDs 44-59 - Typed Transcripts.pdf,47-79,already-present-matching
transcription-pdf,"output/pdf/internet-archive-transcriptions/Ystrad General Minutes, 1902-1910 - Catalog and Transcription Status.pdf","Ystrad (1902-1910) - General Minutes/Transcriptions/Ystrad General Minutes, 1902-1910 - Catalog and Transcription Status.pdf",49040,6e0eaec6e8e4b25ca19816314bdac44d,b629c8f9dd4736069dde127cf9ff31ed0a231094,A - CDs 44-59 - Typed Transcripts.pdf,80,already-present-matching
transcription-pdf,"output/pdf/internet-archive-transcriptions/Pen Paren General Minutes, 1854-1855 - Catalog and Transcription Status.pdf","Pen Paren,1854-1855,LR1219911/Transcriptions/Pen Paren General Minutes, 1854-1855 - Catalog and Transcription Status.pdf",38973,76e5ff1e183e6f3d9137c3bd005e2de2,7d56989f0752618b748966926a055a2729425e28,A - CDs 44-59 - Typed Transcripts.pdf,81,already-present-matching
transcription-pdf,"output/pdf/internet-archive-transcriptions/Llansawel General Minutes, 1852-1854 - Catalog and Transcription Status.pdf","18-Llansawel,1850-1889,LR117597/Transcriptions/Llansawel General Minutes, 1852-1854 - Catalog and Transcription Status.pdf",37139,f68adf0b8d037a16a6706af94e97c959,1bc46472bb105c0462d59ad1884bc27a503f89ce,A - CDs 44-59 - Typed Transcripts.pdf,82,already-present-matching
transcription-pdf,"output/pdf/internet-archive-transcriptions/Georgetown General Minutes, 1850-1851 - Catalog and Transcription Status.pdf","Georgetown,1850-1851,LR1128011/Transcriptions/Georgetown General Minutes, 1850-1851 - Catalog and Transcription Status.pdf",49323,c3e39a5201545a868491733b829858ce,260d4c120ea459bca75bbff73f1999cf154d3b89,A - CDs 44-59 - Typed Transcripts.pdf,83,already-present-matching
transcription-pdf,"output/pdf/internet-archive-transcriptions/Georgetown Historical Record, 1851 - Catalog and Transcription Status.pdf","Georgetown,1850-1851,LR1128011/Transcriptions/Georgetown Historical Record, 1851 - Catalog and Transcription Status.pdf",36752,ecf3aa80ec898968a8408242d3b6c6c8,20f37c5100d8a3b3aef78591941774d3f53f2414,A - CDs 44-59 - Typed Transcripts.pdf,84,already-present-matching
transcription-pdf,"output/pdf/internet-archive-transcriptions/Llanelli Confidential Minutes, 1881-1882 - Catalog and Transcription Status.pdf","11-Llanelli,1847-1868,LR117577/Transcriptions/Llanelli Confidential Minutes, 1881-1882 - Catalog and Transcription Status.pdf",51336,9bbca7507d84e26005fd63dc2906cc6d,731cd1064a859796583d7da2e698b44385f36b23,A - CDs 44-59 - Typed Transcripts.pdf,85,already-present-matching
transcription-pdf,"output/pdf/internet-archive-transcriptions/Llanelli General Minutes, 1855-1861 - Catalog and Transcription Status - Source CDs 44-59.pdf","11-Llanelli,1847-1868,LR117577/Transcriptions/Llanelli General Minutes, 1855-1861 - Catalog and Transcription Status - Source CDs 44-59.pdf",35805,0abe8de84186cb3439d48acc84591059,041f03d752c2b8615e18d2abc1ccc6e18ba3b960,A - CDs 44-59 - Typed Transcripts.pdf,86,already-present-matching
transcription-pdf,"output/pdf/internet-archive-transcriptions/Sutton Mountain General Minutes, 1853-1855 - Catalog and Transcription Status.pdf","Sutton Mountain,1853-1855,LR1277011/Transcriptions/Sutton Mountain General Minutes, 1853-1855 - Catalog and Transcription Status.pdf",44480,fd536991c52402552b95ceae0b04fd6a,47dda4a70eb2172257d821bd78c56db5da6f8890,A - CDs 44-59 - Typed Transcripts.pdf,87,already-present-matching
transcription-pdf,"output/pdf/internet-archive-transcriptions/Tredegar District Council Minutes, 1883-1885 - Source CDs 44-59.pdf","Tredegar District,1883-1885,LR1240421/Transcriptions/Tredegar District Council Minutes, 1883-1885 - Source CDs 44-59.pdf",2388565,2990dfef05df706190fb30d89d1d872c,8de80fd3392c224ebc189e821fb5b777f05988fc,A - CDs 44-59 - Typed Transcripts.pdf,88-106,already-present-matching
transcription-pdf,"output/pdf/internet-archive-transcriptions/Haverfordwest General Minutes, 1852-1854 - Catalog and Transcription Status.pdf","23-Haverfordwest,1847-1853,LR1134321/Transcriptions/Haverfordwest General Minutes, 1852-1854 - Catalog and Transcription Status.pdf",45416,4057edd046e63a7b6555713a64c83246,f7ef887a004e3b3c73a318dd7a9bb842b3efb7d6,A - CDs 44-59 - Typed Transcripts.pdf,107,already-present-matching
transcription-pdf,"output/pdf/internet-archive-transcriptions/Gymmer-Cymmer Minutes, 1852-1857 and 1863 - Source CDs 44-59.pdf","Gymner (1852-1857, 1863) - Minutes/Transcriptions/Gymmer-Cymmer Minutes, 1852-1857 and 1863 - Source CDs 44-59.pdf",1196194,1b6775c41a7cacba1dc86b450f595c8b,c706553ab37a5fc4784cd59096b80fe0fcb5b31b,A - CDs 44-59 - Typed Transcripts.pdf,108-120,already-present-matching
archive-index,outputs/internet-archive-upload-plan/README.txt,README.txt,2059,c6d82659b96ce72a9a26b063dfd03602,9edb20f8361353f5a2f2dd951a9806da4fbd7df9,,,already-present-matching
archive-index,outputs/internet-archive-upload-plan/INDEX.csv,INDEX.csv,9603,bb5cd46ee0228c57a74bbdd795ba3461,3f29750cf45f51b3753059add944bab1208cf849,,,already-present-matching
archive-index,outputs/internet-archive-upload-plan/DEFERRED_TRANSCRIPTIONS.csv,DEFERRED_TRANSCRIPTIONS.csv,907,e9baed2b7ceadb3f52650d0abcdab871,4aa070cf585497d1c44e6b6fd65a088ccfeafa3d,,,already-present-matching
